matrix,nnz,rows,cols,sym,type,range,empty-rows,avg-nz-row,min-nz-row,max-nz-row,ent-base-singles,ent-base-doubles,ent-base-prc,ent-singles,ent-doubles,ent-prc,row-singles,row-doubles,row-prc,fp64-rt,fp32(64)-rt,ent-base-rt,ent-split-rt,row-split-rt,row-comp-rt,row-dual-rt,fp32(64)-spup,ent-base-spup,ent-split-spup,row-split-spup,row-comp-spup,row-dual-spup,fp64-relerr,fp32(64)-relerr,ent-base-relerr,ent-split-relerr,row-split-relerr,row-comp-relerr,row-dual-relerr,fp32(32)-rt,fp32(32)-spup,fp32(32)-relerr
ex19,259879,12005,12005,0,r,1,0,21.647564,1,50,116904,142975,44.984,154647,105232,59.507,86392,173487,33.243,247.366882,267.625977,281.707947,281.084045,260.40976,256.255066,260.295959,0.924301,0.878097,0.880046,0.949914,0.965315,0.950329,0,0.0000000445787,1.98408E-14,1.68709E-10,5.03757E-13,5.03758E-13,5.03735E-13,125.819168,1.966051,0.00000782647
cryg10000,49699,10000,10000,0,r,1,0,4.9699,3,5,14019,35680,28.208,28767,20932,57.882,24499,25200,49.295,36.314144,39.819393,42.780769,43.754719,37.920513,37.96067,39.403774,0.911971,0.848843,0.829948,0.957639,0.956625,0.921591,0,0.0000000405359,4.74685E-12,3.13529E-10,4.01868E-10,4.01868E-10,4.01868E-10,24.298719,1.494488,0.00000726061
hydr1c_A_50,19494,5308,5308,0,r,1,0,3.67257,1,12,7299,12195,37.442,18212,1282,93.424,18066,1428,92.675,12.059136,14.944064,16.628672,15.906816,14.452672,14.408576,15.889952,0.806952,0.725201,0.758111,0.834388,0.836942,0.758916,0,0.000000046376,1.10947E-13,6.18454E-11,3.20756E-10,3.20756E-10,3.20756E-10,9.193856,1.311652,0.00000665889
delf_A_14,14928,3116,6591,0,r,1,0,4.790757,2,21,5967,8961,39.972,12721,2207,85.216,9049,5879,60.618,13.499104,15.191072,17.260193,17.177088,14.367776,14.230464,16.257183,0.888621,0.782095,0.785878,0.93954,0.948606,0.830347,0,0.0000000479683,2.94321E-11,1.02882E-10,0.00000000348805,0.00000000348805,0.00000000348805,9.607968,1.40499,0.0000073899
oscil_dcop_46,1544,430,430,0,r,1,0,3.590698,1,13,662,882,42.876,1386,158,89.767,1288,256,83.42,2.72336,2.954944,3.21376,2.956256,2.951168,3.013024,3.253408,0.921628,0.847406,0.921219,0.922808,0.903863,0.837079,0,0.0000000519753,5.23267E-14,1.42301E-10,1.9107E-10,1.9107E-10,1.9107E-10,2.835776,0.960358,0.00000649831
t2d_q9_A_19,87025,9801,9801,0,r,1,0,8.879196,4,9,31249,55776,35.908,1977,85048,2.272,961,86064,1.104,89.283455,89.672478,101.206306,93.424126,90.190208,88.806877,93.08374,0.995662,0.882193,0.955679,0.989946,1.005366,0.959173,0,0.000000046096,0.00000000189953,2.66256E-10,5.10347E-10,5.10347E-10,5.10347E-10,45.392353,1.966927,0.0000080687
scrs8-2r_A_04,3149,784,1501,0,r,1,0,4.016582,1,15,875,2274,27.787,330,2819,10.48,12,3137,0.381,4.945472,5.586944,6.260608,5.5848,4.997248,4.980448,5.227552,0.885184,0.789935,0.885524,0.989639,0.992977,0.94604,0,0.000000043533,0.00000000275437,2.65638E-10,1.69754E-10,1.69754E-10,1.69754E-10,4.10816,1.203817,0.00000799655
tumorAntiAngiogenesis_3,3952,410,410,1,r,1,0,9.639024,2,406,2122,1830,53.694,3914,38,99.038,3952,0,100,6.434688,7.39152,7.645472,7.623968,7.355008,7.31008,7.370304,0.87055,0.841634,0.844008,0.874872,0.880249,0.873056,0,0.0000000412882,1.3335E-14,2.5999E-12,0.0000000412882,0.0000000412882,0.0000000412882,4.770272,1.348914,0.000000269426
mesh3em5,1889,289,289,1,r,1,0,6.536332,4,9,1120,769,59.291,1056,833,55.903,0,1889,0,3.247488,3.291296,3.275328,3.256032,3.26208,3.261152,3.250368,0.98669,0.9915,0.997376,0.995527,0.99581,0.999114,0,0.0000000407053,0.00000000242715,2.23059E-14,0,0,0,2.85744,1.136503,0.00000396988
bfwa398,3678,398,398,0,r,1,0,9.241206,3,23,2610,1068,70.962,1431,2247,38.907,0,3678,0,5.454912,6.029792,6.78224,6.307328,5.568224,5.441184,5.714912,0.90466,0.804294,0.864853,0.97965,1.002523,0.954505,0,0.0000000415847,0.0000000085419,1.83051E-10,0,0,0,4.133696,1.319621,0.00000808282
chipcool1_E,20082,20082,20082,1,r,1,0,1,1,1,20082,0,100,17239,2843,85.843,20082,0,100,13.553184,14.444928,15.448864,18.568352,14.913152,15.008192,15.414464,0.938266,0.877293,0.729908,0.908807,0.903052,0.879251,0,0.0000000460118,0.0000000460118,9.01984E-11,0.0000000460118,0.0000000460118,0.0000000460118,12.094304,1.120625,0.00000352655
nemeth25,1511758,9506,9506,1,r,1,0,159.03198,62,193,1511758,0,100,1171504,340254,77.493,0,1511758,0,384.667297,429.336823,433.691101,456.595093,378.411621,377.513306,374.071045,0.895957,0.886961,0.842469,1.016531,1.01895,1.028327,0,0.0000000438639,0.0000000438639,1.58384E-10,0,0,0,242.862503,1.583889,0.000010502
Kuu,340200,7102,7102,1,r,1,0,47.901999,23,98,265334,74866,77.994,106686,233514,31.36,0,340200,0,168.796005,191.514847,208.426788,197.50499,171.036194,168.800415,171.906204,0.881373,0.809858,0.854642,0.986902,0.999974,0.981908,0,0.0000000470147,0.00000000544951,3.31271E-10,0,0,0,93.593376,1.803504,0.00000834359
Zd_Jac3_db,713907,22835,22835,0,r,1,0,31.263718,1,224,549393,164514,76.956,687532,26375,96.306,162680,551227,22.787,532.400757,584.163086,577.045044,608.552856,559.510254,551.630554,565.238159,0.911391,0.922633,0.874864,0.951548,0.96514,0.941905,0,0.0000000435231,3.53799E-14,2.85177E-12,0.00000000994423,0.00000000994423,0.00000000994423,283.186554,1.880035,0.00000730881
oscil_dcop_26,1544,430,430,0,r,1,0,3.590698,1,13,662,882,42.876,1386,158,89.767,1288,256,83.42,2.674144,3.05632,3.669088,3.079072,3.145504,3.058048,3.259616,0.874956,0.728831,0.86849,0.850148,0.874461,0.820386,0,0.0000000294026,7.23122E-14,2.70401E-10,4.42827E-10,4.42827E-10,4.42827E-10,3.510976,0.761653,0.00000475147
igbt3,234006,10938,10938,0,r,1,0,21.393856,2,42,170614,63392,72.91,227433,6573,97.191,202170,31836,86.395,223.894913,236.471802,272.493011,248.56871,239.905823,233.499619,237.996094,0.946814,0.821654,0.900737,0.933262,0.958866,0.94075,0,0.0000000482598,2.05824E-14,1.39387E-11,2.10295E-11,2.10295E-11,2.10295E-11,110.448288,2.027147,0.00000632408
dw8192,41746,8192,8192,0,r,1,0,5.095947,3,8,34578,7168,82.829,19140,22606,45.849,1800,39946,4.312,30.067167,33.023743,37.723679,39.377312,30.014751,30.211456,31.788736,0.910471,0.797037,0.763566,1.001746,0.995224,0.945843,0,0.0000000415268,0.00000000179086,1.74231E-10,2.90056E-10,2.90056E-10,2.90056E-10,20.711201,1.451735,0.0000072682
t2dal_bci_E,4257,4257,4257,1,r,1,0,1,1,1,4257,0,100,2203,2054,51.75,4257,0,100,4.459552,4.761952,6.445152,5.385696,4.934112,4.84448,5.038464,0.936497,0.691923,0.828036,0.903821,0.920543,0.885101,0,0.0000000434117,0.0000000434117,3.11555E-10,0.0000000434117,0.0000000434117,0.0000000434117,4.831744,0.922969,0.00000359576
lp_finnis,2760,497,1064,0,r,1,0,5.55332,2,41,905,1855,32.79,329,2431,11.92,0,2760,0,4.018656,4.518144,4.586912,4.342752,4.135776,4.08368,4.054368,0.889448,0.876114,0.925371,0.971681,0.984077,0.991192,0,0.0000000501654,0.00000000354596,3.18941E-10,0,0,0,4.233088,0.949344,0.00000713233
cari,152800,400,1200,0,r,1,0,382,382,382,152000,800,99.476,80000,72800,52.356,0,152800,0,37.540958,35.256287,35.34576,35.206402,38.343201,37.708416,38.539616,1.064802,1.062106,1.066311,0.979077,0.995559,0.974088,0,0.0000000289517,0.00000000883394,1.97758E-10,0,0,0,24.400513,1.538532,0.0000160398
t2d_q4_A_10,87025,9801,9801,0,r,1,0,8.879196,4,9,65223,21802,74.947,0,87025,0,0,87025,0,88.995811,89.594208,107.596291,92.425308,89.962433,88.528099,92.849152,0.993321,0.827127,0.962894,0.989255,1.005283,0.958499,0,0.0000000451426,0.0000000101938,0,0,0,0,46.222782,1.925367,0.00000801618
g7jac100sc,384636,29610,29610,0,r,1,0,12.990071,2,153,201568,183068,52.405,78156,306480,20.319,21206,363430,5.513,292.400421,328.198303,368.998138,344.850311,300.025177,296.374664,306.899933,0.890926,0.792417,0.847905,0.974586,0.98659,0.952755,0,0.0000000254808,6.73382E-11,9.87491E-12,1.83742E-11,1.83742E-11,1.83742E-11,163.131516,1.792421,0.00000442319
psse2,115262,28634,11028,0,r,1,0,4.025354,1,28,8032,107230,6.968,80654,34608,69.974,59424,55838,51.556,114.615295,124.364861,125.565857,139.18605,120.496765,118.949539,131.997818,0.921605,0.91279,0.823468,0.95119,0.963562,0.868312,0,0.0000000457534,2.70284E-12,2.98711E-10,2.31305E-10,2.31305E-10,2.31305E-10,70.095871,1.635122,0.00000629051
bcsstm07,7252,420,420,1,r,1,0,17.266667,2,26,4756,2496,65.582,5864,1388,80.86,1061,6191,14.63,10.035712,10.802976,12.02528,11.939168,10.290784,10.241536,10.426464,0.928977,0.834551,0.84057,0.975214,0.979903,0.962523,0,0.0000000425887,2.67991E-11,1.77636E-10,6.72906E-11,6.72906E-11,6.72906E-11,6.939296,1.446215,0.00000814174
TSOPF_FS_b300_b,29213,29214,1,0,r,1,1,0.999966,0,1,28778,435,98.511,21196,8017,72.557,29213,0,100,18.870815,19.966656,22.846527,21.376991,20.558784,20.896641,21.357727,0.945116,0.825982,0.882763,0.917895,0.903055,0.883559,0,0.0000000363178,0.0000000056735,3.61337E-11,0.0000000363178,0.0000000363178,0.0000000363178,16.221825,1.163298,0.00000339019
oscil_dcop_41,1544,430,430,0,r,1,0,3.590698,1,13,662,882,42.876,1386,158,89.767,1288,256,83.42,2.626656,3.042528,3.109728,3.024576,3.071168,3.070496,3.287968,0.863314,0.844658,0.868438,0.855263,0.85545,0.798869,0,0.0000000362443,4.03103E-14,1.42125E-10,1.62373E-10,1.62373E-10,1.62373E-10,3.50912,0.748523,0.00000367347
mult_dcop_02,193276,25187,25187,0,r,1,0,7.673641,1,22767,192417,859,99.556,191533,1743,99.098,187435,5841,96.978,396.177673,480.576447,479.077881,480.146088,505.62561,479.177917,508.147827,0.82438,0.826959,0.825119,0.78354,0.826786,0.77965,0,0.00000000811464,3.60174E-11,2.07635E-12,0.00000000360398,0.00000000360398,0.00000000360398,271.485779,1.459294,0.00000437468
lp_scagr25,1725,471,671,0,r,1,0,3.66242,1,10,415,1310,24.058,0,1725,0,1,1724,0.058,2.872512,3.289664,3.611072,3.029472,3.14208,2.995712,3.060224,0.873193,0.795473,0.948189,0.914207,0.958875,0.938661,0,0.0000000399885,0.00000000691952,0,2.85307E-10,2.85307E-10,2.85307E-10,3.440544,0.834901,0.00000824073
deter8,22299,3831,10905,0,r,1,0,5.820673,2,30,7565,14734,33.925,0,22299,0,0,22299,0,19.03376,23.406015,23.3736,19.986816,19.347391,19.191456,19.759329,0.8132,0.814327,0.952316,0.983789,0.991783,0.96328,0,0.0000000360558,0.0000000237487,0,0,0,0,13.31952,1.429012,0.00000732949
Kaufhold,42471,8765,8765,0,r,1,0,4.845522,1,28,27763,14708,65.369,37512,4959,88.324,42471,0,100,34.428288,39.311359,44.524895,45.482975,39.458366,39.31472,40.414047,0.875785,0.773237,0.756949,0.872522,0.87571,0.851889,0,0.0000000392001,2.05188E-15,4.65166E-11,0.0000000392001,0.0000000392001,0.0000000392001,22.512735,1.529281,0.00000382603
gre_115,421,115,115,0,r,1,0,3.66087,2,7,421,0,100,3,418,0.713,0,421,0,2.556,2.383328,2.65072,2.651584,2.440512,2.332576,2.339584,1.07245,0.964266,0.963952,1.047321,1.095784,1.092502,0,0.0000000436234,0.0000000436234,1.0962E-15,0,0,0,3.503584,0.729539,0.00000671384
t2d_q4_A_39,87025,9801,9801,0,r,1,0,8.879196,4,9,452,86573,0.519,41676,45349,47.89,43242,43783,49.689,89.08371,89.540482,92.738846,100.504028,91.72493,90.333984,94.353249,0.994899,0.960587,0.88637,0.971205,0.986159,0.944151,0,0.0000000449533,1.21565E-13,2.1001E-10,5.3916E-10,5.3916E-10,5.3916E-10,46.590111,1.912073,0.00000913996
arc130,1282,130,130,0,r,1,0,9.861538,1,124,1044,238,81.435,1186,96,92.512,1172,110,91.42,3.494496,3.880064,5.089376,4.022464,3.933632,4.060512,3.959968,0.900628,0.686626,0.868745,0.888364,0.860605,0.882456,0,0.0000000191448,3.60805E-13,1.2119E-12,1.20602E-12,1.20602E-12,1.20602E-12,2.859808,1.221934,0.0000137782
rat,268908,3136,9408,0,r,1,0,85.748724,46,90,262636,6272,97.668,74327,194581,27.64,0,268908,0,98.60675,107.777504,115.087517,109.17421,100.332863,98.372253,99.838753,0.91491,0.856798,0.903206,0.982796,1.002384,0.98766,0,0.000000027006,0.00000000813701,3.24496E-10,0,0,0,58.865826,1.67511,0.0000100098
TEM27623_M,439469,27623,27623,1,r,1,0,15.909532,6,28,438615,854,99.806,216953,222516,49.367,172427,267042,39.235,281.90921,318.517365,331.355743,332.965393,305.269287,296.104584,304.998383,0.885067,0.850775,0.846662,0.923477,0.95206,0.924297,0,0.0000000457266,0.0000000369902,2.59905E-10,2.63347E-10,2.63347E-10,2.63347E-10,153.175644,1.840431,0.00000882344
lp_standgub,3339,361,1383,0,r,1,0,9.249307,1,745,100,3239,2.995,76,3263,2.276,1,3338,0.03,7.012256,8.297344,8.67936,7.134784,7.589312,7.109248,7.716768,0.845121,0.807923,0.982827,0.923965,0.986357,0.908704,0,0.0000000791347,6.69459E-10,7.42098E-10,0,0,0,6.036352,1.161671,0.0000331739
r05,104145,5190,9690,0,r,1,0,20.066474,1,501,85500,18645,82.097,0,104145,0,24,104121,0.023,124.147072,123.254143,121.697632,127.069954,122.141472,121.378082,124.916992,1.007245,1.020127,0.976998,1.01642,1.022813,0.993837,0,0.000000030644,0.0000000104882,0,6.33779E-10,6.33779E-10,6.33779E-10,66.654877,1.862535,0.00000801139
t2d_q9_A_39,87025,9801,9801,0,r,1,0,8.879196,4,9,452,86573,0.519,41676,45349,47.89,43242,43783,49.689,89.03373,89.581985,93.550339,100.486015,91.624573,90.285889,94.394974,0.99388,0.95172,0.886031,0.971723,0.986131,0.943204,0,0.0000000431956,1.29097E-13,2.10032E-10,5.56327E-10,5.56327E-10,5.56327E-10,46.373505,1.919927,0.00000768082
hydr1c_A_49,19503,5308,5308,0,r,1,0,3.674265,1,12,7308,12195,37.471,18221,1282,93.427,18075,1428,92.678,12.135424,14.919008,16.391872,15.861728,14.55664,14.412736,15.88544,0.81342,0.740332,0.765076,0.833669,0.841993,0.763934,0,0.000000039527,1.26861E-13,6.2522E-11,3.15337E-10,3.15337E-10,3.15337E-10,9.805792,1.237577,0.00000674287
lop163,935,163,163,0,r,1,0,5.736196,3,6,935,0,100,488,447,52.193,5,930,0.535,2.56592,2.752256,3.693376,2.814944,2.801664,2.738464,2.746272,0.932297,0.694736,0.911535,0.915856,0.936992,0.934328,0,0.0000000432055,0.0000000432055,0.00000000112087,0.0000000027386,0.0000000027386,0.0000000027386,2.269152,1.130784,0.00000773121
g7jac080,293976,23670,23670,0,r,1,0,12.419772,2,153,215529,78447,73.315,251096,42880,85.414,238923,55053,81.273,232.856445,260.846527,285.240356,273.5755,261.686951,255.675903,265.268768,0.892695,0.816352,0.85116,0.889828,0.910748,0.877813,0,0.0000000445522,1.91965E-14,1.33888E-11,0.00000000741911,0.00000000741911,0.00000000741911,129.316315,1.800673,0.00000637838
add32,23884,4960,4960,0,r,1,0,4.815323,2,32,23884,0,100,12609,11275,52.793,2522,21362,10.559,20.52496,23.700928,24.591648,26.255199,21.000671,21.022177,24.470112,0.865998,0.834631,0.781748,0.977348,0.976348,0.838777,0,0.0000000547102,0.0000000547102,7.34451E-10,0.0000000127772,0.0000000127772,0.0000000127772,15.290752,1.342312,0.00000630651
OPF_3754,158273,15435,15435,1,r,1,0,10.254163,2,64,53018,105255,33.498,123369,34904,77.947,44786,113487,28.297,143.649216,155.072678,175.628357,173.389053,149.765244,145.938843,155.906723,0.926335,0.817916,0.828479,0.959163,0.984311,0.921379,0,0.0000000425523,2.77434E-12,2.0653E-10,0.00000000207357,0.00000000207357,0.00000000207357,76.850365,1.869207,0.00000783741
oscil_dcop_42,1544,430,430,0,r,1,0,3.590698,1,13,662,882,42.876,1386,158,89.767,1288,256,83.42,2.611808,2.993408,3.138464,2.979296,2.947328,2.978368,3.280992,0.87252,0.832193,0.876653,0.886161,0.876926,0.796042,0,0.0000000402836,3.28623E-14,1.42634E-10,2.01365E-10,2.01365E-10,2.01365E-10,3.4584,0.755207,0.00000339499
M80PI_n1,9927,4028,4028,0,r,1,1,2.464499,0,8,1883,8044,18.968,1856,8071,18.696,30,9897,0.302,7.983008,8.566976,10.326368,10.302816,7.93664,7.943616,8.42144,0.931835,0.77307,0.774837,1.005842,1.004959,0.947939,0,0.0000000263507,0.00000000173912,4.91024E-11,0.00000000326002,0.00000000326002,0.00000000326002,7.130304,1.119589,0.00000573166
g7jac020,45465,5850,5850,0,r,1,0,7.771795,2,60,31945,13520,70.263,40149,5316,88.307,37670,7795,82.855,26.696545,32.097534,35.518623,33.914818,30.769407,30.733088,33.621506,0.831732,0.751621,0.787165,0.867633,0.868658,0.794032,0,0.0000000433371,3.88888E-14,2.37328E-11,0.0000000112334,0.0000000112334,0.0000000112334,17.591488,1.517583,0.00000585857
bayer05,27836,3268,3268,0,r,1,0,8.517748,1,73,19350,8486,69.514,27808,28,99.899,27836,0,100,30.47616,33.782398,37.77248,35.127136,33.861088,33.796993,34.712158,0.902131,0.806835,0.867596,0.900035,0.901742,0.877968,0,0.000000056695,1.32285E-14,1.46479E-12,0.000000056695,0.000000056695,0.000000056695,16.995935,1.793144,0.00000263733
m3plates,6639,11107,11107,1,r,1,4468,0.597731,0,1,6639,0,100,0,6639,0,6639,0,100,8.401984,8.900128,10.546432,9.055424,6.427328,6.397344,9.439744,0.94403,0.796666,0.92784,1.307228,1.313355,0.890065,0,0.0000000445181,0.0000000445181,0,0.0000000445181,0.0000000445181,0.0000000445181,8.162912,1.029288,0.00000357825
bcsstk04,3648,132,132,1,r,1,0,27.636364,15,46,252,3396,6.908,2636,1012,72.259,1824,1824,50,4.808768,5.178016,5.42352,5.370752,5.073024,5.0704,5.0128,0.928689,0.886651,0.895362,0.94791,0.9484,0.959298,0,0.0000000453183,2.17231E-14,1.35664E-10,1.0278E-10,1.0278E-10,1.0278E-10,4.079296,1.178823,0.00000779294
bloweybl,120000,30003,30003,1,r,1,0,3.9996,1,10001,40006,79994,33.338,40002,79998,33.335,20001,99999,16.667,299.145203,353.549805,305.303894,305.873749,353.349915,302.038483,311.313507,0.846119,0.979828,0.978002,0.846598,0.990421,0.960913,0,0.0000000246947,2.26394E-10,2.18879E-10,9.24655E-17,9.24655E-17,9.24655E-17,212.496902,1.407763,0.000147506
nemsafm,2826,334,2348,0,r,1,0,8.461078,2,20,294,2532,10.403,0,2826,0,0,2826,0,4.999648,5.326592,6.46352,5.09328,5.013408,5.06352,5.105376,0.93862,0.773518,0.981617,0.997255,0.987386,0.979291,0,0.0000000314036,0.0000000140091,0,0,0,0,3.799104,1.316007,0.00000862939
TSOPF_RS_b2052_c1_b,11811,25626,421,0,r,1,14233,0.460899,0,2,11777,34,99.712,10564,1247,89.442,10999,812,93.125,14.23424,14.830752,17.586945,15.989184,9.619808,9.571936,15.910816,0.959779,0.809364,0.890242,1.47968,1.487081,0.894627,0,0.0000000421728,0.0000000417581,1.461E-10,0.0000000298903,0.0000000298903,0.0000000298903,12.906336,1.102888,0.00000455033
g7jac040,114671,11790,11790,0,r,1,0,9.726124,2,120,81336,33335,70.93,98567,16104,85.956,93412,21259,81.461,113.495872,124.653473,140.200485,132.113922,127.820061,123.893822,128.271271,0.910491,0.809526,0.859076,0.887935,0.916074,0.884811,0,0.0000000446882,3.29348E-14,1.96406E-11,0.00000000822491,0.00000000822491,0.00000000822491,60.951809,1.862059,0.00000704541
t2d_q9_A_44,87025,9801,9801,0,r,1,0,8.879196,4,9,311,86714,0.357,26534,60491,30.49,27102,59923,31.143,89.131073,89.619873,92.519394,98.326111,92.526115,90.170364,94.194717,0.994546,0.963377,0.906484,0.963307,0.988474,0.946243,0,0.000000048585,1.21989E-12,3.62542E-10,9.08896E-10,9.08896E-10,9.08896E-10,46.967682,1.897711,0.00000762367
spal_004,46168124,10203,321696,0,r,1,0,4524.955797,13,6029,46168124,0,100,2261748,43906376,4.899,0,46168124,0,13156.267578,7762.260742,7789.654297,13897.882812,12921.176758,12932.792969,12925.759766,1.694902,1.688941,0.946638,1.018194,1.01728,1.017833,0,0.0000000367805,0.0000000367805,4.21264E-10,0,0,0,8348.469727,1.57589,0.0000458582
case9_b2_02,14453,14454,1,0,r,1,1,0.999931,0,1,14427,26,99.82,14434,19,99.869,14453,0,100,10.3424,10.94864,12.496192,11.645504,11.302432,11.444512,11.657216,0.944629,0.827644,0.888102,0.91506,0.903699,0.88721,0,0.000000030506,1.01872E-13,1.40229E-13,0.000000030506,0.000000030506,0.000000030506,8.911616,1.160553,0.00000587352
hydr1c_A_16,23567,5308,5308,0,r,1,0,4.439902,1,14,18235,5332,77.375,21818,1749,92.579,21563,2004,91.497,22.9256,27.095425,28.244287,27.732737,26.405825,26.335552,27.767136,0.846106,0.81169,0.826662,0.868202,0.870519,0.825638,0,0.0000000427937,4.01356E-12,7.18289E-11,8.23255E-10,8.23255E-10,8.23255E-10,14.947744,1.533716,0.00000887099
case9_b1_04,14453,14454,1,0,r,1,1,0.999931,0,1,14425,28,99.806,14436,17,99.882,14453,0,100,10.265408,10.974016,11.70304,11.682752,11.273088,11.412224,11.660768,0.935429,0.877157,0.878681,0.910612,0.89951,0.880337,0,0.00000000213707,4.90581E-14,5.1167E-13,0.00000000213707,0.00000000213707,0.00000000213707,9.73168,1.054844,0.00000181252
deter4,19231,3235,9133,0,r,1,0,5.944668,2,30,6833,12398,35.531,0,19231,0,0,19231,0,16.351328,20.0432,20.600256,17.010368,16.503136,16.398081,16.896929,0.815804,0.793744,0.961257,0.990801,0.997149,0.96771,0,0.0000000377758,0.0000000249988,0,0,0,0,11.581856,1.411806,0.00000756253
rw136,479,136,136,0,r,1,0,3.522059,1,4,477,2,99.582,0,479,0,2,477,0.418,2.67616,3.096256,2.657312,4.300032,3.117024,2.529344,2.613984,0.864321,1.007093,0.622358,0.858563,1.058045,1.023786,0,0.0000000423396,0.0000000408376,0,0.0000000111775,0.0000000111775,0.0000000111775,3.31152,0.808136,0.00000578743
S80PI_n,10261,4182,4182,0,r,1,0,2.453611,1,12,1881,8380,18.332,1854,8407,18.068,23,10238,0.224,8.360384,8.894944,11.29408,10.42608,8.353184,8.241088,8.439232,0.939903,0.740245,0.801872,1.000862,1.014476,0.990657,0,0.0000000293621,0.00000000144809,2.64552E-11,7.36815E-10,7.36815E-10,7.36815E-10,6.42896,1.300426,0.00000535591
orbitRaising_1,2906,442,442,1,r,1,0,6.574661,1,14,1671,1235,57.502,769,2137,26.462,223,2683,7.674,3.64928,4.006688,4.078944,4.249568,3.822848,3.844384,4.17824,0.910797,0.894663,0.858741,0.954597,0.94925,0.873401,0,0.0000000358915,0.00000000369477,3.98947E-10,0.00000000369899,0.00000000369899,0.00000000369899,3.615296,1.0094,0.00000795709
lp_ship04s,4400,402,1506,0,r,1,42,10.945274,0,66,28,4372,0.636,28,4372,0.636,128,4272,2.909,6.049376,6.839904,7.055936,6.276608,5.91872,5.874976,6.393856,0.884424,0.857346,0.963797,1.022075,1.029685,0.946123,0,0.0000000302504,6.9304E-11,6.9304E-11,0.00000000417044,0.00000000417044,0.00000000417044,4.916352,1.23046,0.00000693113
deter1,32187,5527,15737,0,r,1,0,5.823593,2,30,11585,20602,35.993,0,32187,0,0,32187,0,26.421824,32.60384,33.507488,27.790176,26.749344,26.64896,27.440865,0.81039,0.788535,0.950761,0.987756,0.991477,0.962864,0,0.000000035936,0.0000000246114,0,0,0,0,18.322687,1.442028,0.00000763057
delf_A_01,13741,3128,6599,0,r,1,0,4.392903,1,19,4993,8748,36.337,11832,1909,86.107,9014,4727,65.599,13.27504,14.811552,17.876225,16.787807,14.262784,14.14224,16.110464,0.896263,0.742609,0.790755,0.930747,0.93868,0.824001,0,0.0000000433017,2.8243E-11,1.16051E-10,0.00000000626955,0.00000000626955,0.00000000626955,9.047488,1.467262,0.0000077148
tuma1,87760,22967,22967,1,r,1,0,3.821135,1,5,33302,54458,37.947,22322,65438,25.435,926,86834,1.055,57.287647,59.144096,55.138466,57.86515,58.373695,56.206272,59.361984,0.968611,1.038978,0.99002,0.981395,1.019239,0.965056,0,0.0000000285897,0.00000000741579,7.66882E-10,0.00000000288802,0.00000000288802,0.00000000288802,31.240448,1.833765,0.00000675502
delf_A_30,15462,3199,6669,0,r,1,0,4.833385,2,21,6296,9166,40.719,13322,2140,86.16,9622,5840,62.23,13.807392,15.5312,17.292513,17.582111,14.56688,14.52832,16.622849,0.88901,0.798461,0.785309,0.947862,0.950378,0.830627,0,0.0000000415221,3.03336E-11,9.51123E-11,0.00000000542252,0.00000000542252,0.00000000542252,10.22128,1.350848,0.00000772847
jan99jac040sc,82842,13694,13694,0,r,1,0,6.049511,2,68,44226,38616,53.386,11384,71458,13.742,2777,80065,3.352,63.991489,69.080032,79.161026,71.514236,65.176994,64.343742,67.142815,0.926338,0.808371,0.894808,0.981811,0.994525,0.953065,0,0.0000000253547,0.00000000225461,5.6743E-11,0.0000000171862,0.0000000171862,0.0000000171862,37.321121,1.714619,0.00000680306
large_A_34,20586,4273,8612,0,r,1,0,4.817692,2,21,8411,12175,40.858,18065,2521,87.754,13476,7110,65.462,17.623169,19.932352,22.80896,22.544928,18.677441,18.673952,21.390528,0.884149,0.772642,0.781691,0.943554,0.94373,0.823877,0,0.0000000457532,3.1041E-11,1.25769E-10,0.0000000195082,0.0000000195082,0.0000000195082,12.83264,1.373308,0.00000799953
scsd8-2r_A_10,95170,4330,30310,0,r,1,0,21.979215,10,24,69200,25970,72.712,0,95170,0,0,95170,0,90.333153,90.911011,109.722305,92.339714,89.468605,89.046051,90.797279,0.993644,0.823289,0.97827,1.009663,1.014454,0.994888,0,0.0000000364312,0.0000000317003,0,0,0,0,44.308033,2.038753,0.00000870325
TEM27623,439469,27623,27623,1,r,1,0,15.909532,6,28,46,439423,0.01,223799,215670,50.925,101662,337807,23.133,281.764252,318.415741,289.635529,330.915924,299.808868,290.150299,301.251862,0.884894,0.972824,0.851468,0.939813,0.971098,0.935311,0,0.0000000436248,6.80193E-16,4.4064E-10,3.90118E-10,3.90118E-10,3.90118E-10,153.146942,1.839829,0.00000850105
scfxm1-2b,111052,19036,33047,0,r,1,0,5.833789,1,57,37026,74026,33.341,22469,88583,20.233,8053,102999,7.252,87.015678,99.191711,100.637314,97.183136,91.187202,89.080322,94.176804,0.877247,0.864646,0.895378,0.954253,0.976823,0.923961,0,0.0000000360169,0.00000000115025,2.66645E-10,5.08336E-10,5.08336E-10,5.08336E-10,54.007168,1.611188,0.00000744352
t2dal,37465,4257,4257,1,r,1,0,8.800799,4,9,35681,1784,95.238,29256,8209,78.089,28160,9305,75.163,36.873344,40.166817,42.575809,41.8176,39.223423,39.226273,40.640926,0.918005,0.866063,0.881766,0.940085,0.940017,0.907296,0,0.000000054741,0.00000000352978,8.78252E-11,7.36787E-11,7.36787E-11,7.36787E-11,21.187296,1.740352,0.00000744379
bcsstm03,112,112,112,1,r,1,0,1,1,1,60,52,53.571,98,14,87.5,112,0,100,2.065376,2.190432,3.3544,2.312064,2.280672,2.212224,2.257504,0.942908,0.615721,0.893304,0.9056,0.93362,0.914894,0,0.0000000430545,8.81454E-12,2.31239E-10,0.0000000430545,0.0000000430545,0.0000000430545,2.011232,1.026921,0.00000242713
cavity02,7327,317,317,0,r,1,0,23.113565,1,62,6457,870,88.126,3432,3895,46.84,81,7246,1.106,8.67536,9.567616,9.87616,9.509888,8.92864,8.890048,8.920736,0.906742,0.878414,0.912246,0.971633,0.975851,0.972494,0,0.0000000411735,0.00000000864024,5.31239E-10,0.00000000214509,0.00000000214509,0.00000000214509,6.210144,1.396966,0.000008339
lp_stocfor1,501,117,165,0,r,1,0,4.282051,1,15,168,333,33.533,387,114,77.246,350,151,69.86,2.389536,2.635456,3.554752,2.675872,2.822656,2.785312,2.791584,0.906688,0.672209,0.892993,0.846556,0.857906,0.855979,0,0.0000000362665,1.05797E-10,1.87913E-10,1.74364E-10,1.74364E-10,1.74364E-10,3.221344,0.741782,0.0000109063
c-43,123675,11125,11125,1,r,1,0,11.116854,2,2620,84991,38684,68.721,61482,62193,49.713,14974,108701,12.108,107.94445,117.566048,132.210175,131.153503,114.332703,111.625183,115.689056,0.91816,0.816461,0.823039,0.944126,0.967026,0.933057,0,0.0000000233826,3.66715E-11,1.30575E-11,1.50547E-11,1.50547E-11,1.50547E-11,58.288288,1.851906,0.00000483449
g7jac050sc,157990,14760,14760,0,r,1,0,10.70393,2,149,79934,78056,50.594,37988,120002,24.045,8751,149239,5.539,143.276291,159.001953,180.053986,173.740036,148.443268,145.816635,152.473724,0.901098,0.795741,0.824659,0.965192,0.982579,0.939679,0,0.0000000314625,4.96845E-11,1.57318E-11,1.12846E-10,1.12846E-10,1.12846E-10,78.462364,1.826051,0.00000884633
LFAT5000,79966,19994,19994,1,r,1,0,3.9995,2,5,0,79966,0,64974,14992,81.252,54978,24988,68.752,53.64909,51.736256,54.5224,64.922852,61.011551,59.561375,76.195389,1.036973,0.983983,0.826351,0.879327,0.900736,0.704099,0,0.0000000485959,0,2.17011E-11,2.16986E-11,2.16986E-11,2.16986E-11,29.236704,1.834991,0.00000644108
tumorAntiAngiogenesis_8,4776,490,490,1,r,1,0,9.746939,2,486,2632,2144,55.109,4736,40,99.162,4776,0,100,7.384672,8.49008,10.30912,8.81184,8.320192,8.308864,8.384448,0.8698,0.716324,0.83804,0.88756,0.88877,0.880758,0,0.00000000349158,6.28465E-16,3.16194E-12,0.00000000349158,0.00000000349158,0.00000000349158,6.690784,1.103708,0.00000221291
case9_b2_05,14453,14454,1,0,r,1,1,0.999931,0,1,14425,28,99.806,14451,2,99.986,14453,0,100,10.416352,11.055392,11.745344,11.731136,11.347456,11.508704,11.825056,0.942197,0.886849,0.887924,0.917946,0.905085,0.880871,0,0.00000000870637,1.96793E-18,6.67688E-16,0.00000000870637,0.00000000870637,0.00000000870637,9.683168,1.075717,0.000000427176
TSOPF_RS_b300_c1,1474325,14538,14538,0,r,1,0,101.411817,1,209,1429269,45056,96.944,1428302,46023,96.878,1442032,32293,97.81,487.472229,499.074036,514.542969,511.948242,489.753265,488.206116,493.494781,0.976753,0.947389,0.95219,0.995342,0.998497,0.987796,0,0.000000041481,1.20714E-10,1.25638E-12,7.00666E-10,7.00666E-10,7.00666E-10,281.078003,1.734295,0.0000071616
oscil_dcop_38,1544,430,430,0,r,1,0,3.590698,1,13,662,882,42.876,1386,158,89.767,1288,256,83.42,2.75504,2.967776,3.25792,2.956992,2.966176,2.971584,3.280416,0.928318,0.845644,0.931704,0.928819,0.927128,0.839845,0,0.000000028115,6.69609E-14,1.72626E-10,2.55831E-10,2.55831E-10,2.55831E-10,3.352288,0.821839,0.00000335977
large_A_05,19489,4250,8586,0,r,1,0,4.585647,1,21,7419,12070,38.068,16916,2573,86.798,12946,6543,66.427,17.529633,19.733152,23.005665,22.468416,18.730145,18.618912,21.118752,0.888334,0.76197,0.78019,0.935905,0.941496,0.830051,0,0.0000000397218,2.40611E-11,1.23348E-10,0.0000000180293,0.0000000180293,0.0000000180293,11.865664,1.477341,0.0000084308
scsd8-2c_A_2,7170,330,2310,0,r,1,0,21.727273,10,24,5200,1970,72.524,0,7170,0,0,7170,0,8.372064,8.9264,9.94528,8.799456,8.418432,8.417632,8.520928,0.937899,0.841813,0.95143,0.994492,0.994587,0.98253,0,0.0000000362351,0.0000000309638,0,0,0,0,5.647712,1.482381,0.00000884848
c-52,202716,23948,23948,1,r,1,0,8.46484,2,1714,118474,84242,58.443,202712,4,99.998,202716,0,100,236.953979,256.153931,271.640533,264.11084,264.288605,257.102417,266.205536,0.925045,0.872307,0.897176,0.896573,0.921633,0.890117,0,0.00000000219936,6.71097E-16,5.94403E-16,0.00000000219936,0.00000000219936,0.00000000219936,128.461411,1.844554,0.000000689604
large_A_15,19749,4271,8608,0,r,1,0,4.623976,1,21,7417,12332,37.556,17109,2640,86.632,13028,6721,65.968,17.555679,19.790176,22.748257,22.440577,18.748705,18.656576,21.310335,0.887091,0.771737,0.782319,0.936368,0.940991,0.823811,0,0.0000000446549,2.81009E-11,1.452E-10,0.0000000202629,0.0000000202629,0.0000000202629,11.919712,1.472827,0.00000714098
scsd8-2r_A_09,47650,2170,15190,0,r,1,0,21.958525,10,24,34640,13010,72.697,0,47650,0,0,47650,0,43.019169,46.713631,53.858658,44.826626,43.248001,43.142719,44.315006,0.920913,0.798742,0.959679,0.994709,0.997136,0.970758,0,0.0000000388848,0.0000000355004,0,0,0,0,23.429312,1.836126,0.00000895833
fd18,63406,16428,16428,0,r,1,0,3.85963,1,6,11860,51546,18.705,62386,1020,98.391,61884,1522,97.6,35.083233,32.657185,40.224449,34.323425,32.40749,32.506046,34.035519,1.074288,0.872187,1.022137,1.082566,1.079283,1.030783,0,0.0000000290665,2.42929E-15,1.18706E-11,1.18642E-11,1.18642E-11,1.18642E-11,20.579201,1.704791,0.00000589403
lp_grow7,2612,140,301,0,r,1,0,18.657143,5,22,2331,281,89.242,1596,1016,61.103,0,2612,0,4.818144,5.247008,5.83408,5.372064,4.892512,4.867872,4.87536,0.918265,0.825862,0.896889,0.9848,0.989784,0.988264,0,0.0000000312648,0.0000000205017,5.44495E-10,0,0,0,4.24096,1.136097,0.0000105089
problem1,2779,415,415,0,r,1,0,6.696386,4,9,2264,515,81.468,34,2745,1.223,0,2779,0,3.729728,3.839648,4.56592,4.026112,3.81312,3.801664,3.812064,0.971372,0.816862,0.926385,0.97813,0.981078,0.978401,0,0.0000000408458,0.0000000162054,1.41977E-10,0,0,0,2.783488,1.339948,0.00000712842
chipcool0_E,20082,20082,20082,1,r,1,0,1,1,1,20082,0,100,17239,2843,85.843,20082,0,100,13.47696,14.43168,16.138432,18.543488,14.872416,14.979712,15.4112,0.933846,0.835085,0.726776,0.906172,0.899681,0.874491,0,0.0000000473864,0.0000000473864,8.75268E-11,0.0000000473864,0.0000000473864,0.0000000473864,11.731744,1.14876,0.00000355612
mark3jac020,56175,9129,9129,0,r,1,0,6.153467,2,44,35666,20509,63.491,53547,2628,95.322,49380,6795,87.904,37.840385,44.641792,50.801697,47.983456,44.177536,44.079105,46.844833,0.847645,0.744865,0.788613,0.856553,0.858465,0.807781,0,0.0000000203344,4.91346E-14,1.49489E-11,4.61911E-10,4.61911E-10,4.61911E-10,25.027552,1.511949,0.00000430783
ABACUS_shell_hd_M,206474,23412,23412,0,r,1,0,8.819153,4,12,197163,9311,95.49,194623,11851,94.26,192142,14332,93.059,208.775558,222.084198,233.371078,231.647232,227.553146,220.707611,231.560089,0.940074,0.894608,0.901265,0.91748,0.945937,0.901604,0,0.0000000458308,5.26176E-10,7.12941E-12,6.53278E-12,6.53278E-12,6.53278E-12,109.684029,1.903427,0.00000661329
delf_A_32,15451,3196,6667,0,r,1,0,4.834481,2,21,6306,9145,40.813,13294,2157,86.04,9588,5863,62.054,13.818272,15.511296,17.30784,17.565857,14.499936,14.479456,16.622305,0.890852,0.798382,0.786655,0.952988,0.954336,0.831309,0,0.0000000496319,3.08057E-11,9.60412E-11,0.00000000473941,0.00000000473941,0.00000000473941,10.17184,1.358483,0.0000076428
bcsstk28,219024,4410,4410,1,r,1,0,49.665306,16,94,1012,218012,0.462,52270,166754,23.865,0,219024,0,115.219742,132.293152,121.148956,126.6063,116.469025,115.434273,116.982719,0.870943,0.951058,0.910063,0.989274,0.998142,0.98493,0,0.000000087171,2.16797E-14,1.66212E-10,0,0,0,64.997955,1.772667,0.0000143778
hydr1c_A_60,19486,5308,5308,0,r,1,0,3.671063,1,12,7288,12198,37.401,18204,1282,93.421,18058,1428,92.672,12.024,14.9704,17.253759,15.893088,14.465664,14.406016,15.876608,0.803185,0.696892,0.756555,0.83121,0.834651,0.757341,0,0.0000000426568,1.12418E-13,6.20366E-11,2.851E-10,2.851E-10,2.851E-10,9.5672,1.256794,0.00000698592
rajat13,48922,7598,7598,0,r,1,0,6.4388,1,5412,12655,36267,25.868,48062,860,98.242,36172,12750,73.938,57.193439,73.869186,67.880287,74.271935,88.994431,76.867714,68.682526,0.774253,0.842563,0.770055,0.642663,0.74405,0.832722,0,0.0000000301259,7.83629E-13,4.02835E-11,0.0000000277885,0.0000000277885,0.0000000277885,41.608097,1.374575,0.00000814718
bips98_1450_C,20,4,11305,0,r,1,0,5,5,5,9,11,45,5,15,25,0,20,0,2.247616,2.275808,2.38592,2.370848,2.275648,2.263392,2.268064,0.987612,0.942033,0.948022,0.987682,0.99303,0.990984,0,0.000000036698,0.00000000331952,9.25115E-10,0,0,0,3.043808,0.738422,0.0000077969
shermanACd,53329,6136,6136,0,r,1,0,8.691167,1,5181,52878,451,99.154,46145,7184,86.529,28805,24524,54.014,55.959518,63.282082,67.075073,69.506432,60.217087,60.145599,65.231712,0.884287,0.834282,0.805098,0.929296,0.930401,0.857858,0,0.0000000444003,0.00000000378935,5.53615E-11,0.00000000172751,0.00000000172751,0.00000000172751,31.875744,1.755552,0.00000848145
rat_A_3,268908,3136,9408,0,r,1,0,85.748724,46,90,262636,6272,97.668,74327,194581,27.64,0,268908,0,98.559517,107.875267,116.822914,109.116707,100.274818,98.152992,99.782112,0.913643,0.843666,0.903249,0.982894,1.004142,0.987747,0,0.0000000277177,0.00000000873285,3.32829E-10,0,0,0,57.384159,1.717539,0.0000100811
bips98_1450,44678,11305,11305,0,r,1,0,3.952057,1,30,6324,38354,14.155,44674,4,99.991,44678,0,100,22.513697,27.650688,27.433727,28.747423,27.755903,27.683071,28.374657,0.814218,0.820658,0.783155,0.811132,0.813266,0.793444,0,0.0000000233409,7.53661E-27,3.97002E-23,0.0000000233409,0.0000000233409,0.0000000233409,16.825279,1.338088,0.00000419238
t2d_q9_A_41,87025,9801,9801,0,r,1,0,8.879196,4,9,315,86710,0.362,32924,54101,37.833,34092,52933,39.175,89.108162,89.586655,92.484573,99.698433,92.515869,90.464706,94.465919,0.994659,0.963492,0.893777,0.963166,0.985005,0.943284,0,0.000000038998,6.65446E-13,2.79176E-10,7.18041E-10,7.18041E-10,7.18041E-10,46.086464,1.9335,0.00000770105
sme3Db,2081063,29067,29067,0,r,1,0,71.595383,24,345,44144,2036919,2.121,437926,1643137,21.043,0,2081063,0,921.120544,977.628052,955.335938,980.789856,932.391235,919.012024,926.034485,0.942199,0.964185,0.939162,0.987912,1.002294,0.994694,0,0.0000000449153,1.87402E-12,4.40709E-10,0,0,0,589.004944,1.563859,0.0000100678
t2d_q9_A_43,87025,9801,9801,0,r,1,0,8.879196,4,9,311,86714,0.357,26708,60317,30.69,27318,59707,31.391,89.104576,89.551102,93.559456,98.298561,92.395164,90.260574,94.223068,0.995014,0.952385,0.906469,0.964386,0.987193,0.945677,0,0.0000000469377,1.26044E-12,3.46631E-10,8.90567E-10,8.90567E-10,8.90567E-10,45.52528,1.957255,0.00000846235
scsd8-2b_A_3,112770,5130,35910,0,r,1,0,21.982456,10,24,82000,30770,72.714,0,112770,0,0,112770,0,106.508003,111.749985,129.388672,108.952164,105.522461,105.160095,107.255394,0.953092,0.823163,0.977567,1.00934,1.012818,0.993032,0,0.0000000381444,0.0000000333714,0,0,0,0,53.259296,1.999801,0.00000906867
cavity19,138187,4562,4562,0,r,1,0,30.290881,1,62,128746,9441,93.168,67429,70758,48.795,21903,116284,15.85,103.631554,115.9104,125.134399,115.871971,106.487389,105.483772,108.012733,0.894066,0.828162,0.894363,0.973181,0.982441,0.959438,0,0.0000000475015,0.0000000102894,4.69143E-10,0.00000000130935,0.00000000130935,0.00000000130935,56.92128,1.820612,0.00000872879
t2d_q4_A_22,87025,9801,9801,0,r,1,0,8.879196,4,9,11255,75770,12.933,31585,55440,36.294,33786,53239,38.823,89.183037,89.471298,96.560768,100.379105,92.473282,90.207199,94.368835,0.996778,0.923595,0.888462,0.96442,0.988647,0.945048,0,0.0000000471283,6.3245E-11,2.58856E-10,7.14336E-10,7.14336E-10,7.14336E-10,45.890369,1.943393,0.00000756585
lp_agg,2862,488,615,0,r,1,0,5.864754,2,19,1704,1158,59.539,1590,1272,55.556,1930,932,67.435,4.224032,4.429856,4.843712,4.534048,4.432512,4.375648,4.540416,0.953537,0.872065,0.931625,0.952966,0.96535,0.930318,0,0.0000000441855,2.5523E-10,4.43891E-11,4.36331E-10,4.36331E-10,4.36331E-10,4.0888,1.033074,0.00000632631
kineticBatchReactor_5,80767,7641,7641,1,r,1,0,10.570213,1,2636,72254,8513,89.46,80682,85,99.895,80767,0,100,72.992516,75.377251,84.590881,78.414467,75.442787,75.553215,77.315971,0.968363,0.862889,0.930855,0.967521,0.966107,0.944081,0,0.000000045915,3.08795E-14,3.64689E-13,0.000000045915,0.000000045915,0.000000045915,38.312737,1.905176,0.00000381173
model1,3028,362,798,0,r,1,0,8.364641,2,58,2028,1000,66.975,836,2192,27.609,472,2556,15.588,5.4312,6.0048,6.2936,5.877056,5.664736,5.621408,5.705344,0.904476,0.862972,0.924136,0.958774,0.966164,0.95195,0,0.0000000299755,0.0000000190299,7.40715E-10,0.00000000616527,0.00000000616527,0.00000000616527,4.920064,1.103888,0.00000689319
t2d_q9_A_09,87025,9801,9801,0,r,1,0,8.879196,4,9,65269,21756,75,0,87025,0,0,87025,0,89.106178,89.465508,107.591293,92.425308,89.952126,88.559036,92.863457,0.995984,0.828191,0.964089,0.990596,1.006178,0.95954,0,0.0000000446006,0.000000010291,0,0,0,0,45.399586,1.962709,0.00000817717
gre_216a,876,216,216,0,r,1,0,4.055556,2,5,876,0,100,64,812,7.306,0,876,0,2.759456,2.817184,3.326624,2.807328,2.802176,2.7784,2.779488,0.979509,0.829506,0.982947,0.984755,0.993182,0.992793,0,0.0000000238001,0.0000000238001,6.1304E-15,0,0,0,3.23936,0.851852,0.00000615354
t2d_q4_A_29,87025,9801,9801,0,r,1,0,8.879196,4,9,1621,85404,1.863,44917,42108,51.614,46629,40396,53.581,89.114334,89.537666,94.292351,100.447807,91.001923,89.780899,94.249855,0.995272,0.945086,0.887171,0.979258,0.992576,0.945512,0,0.0000000515729,6.09509E-13,2.09673E-10,5.54826E-10,5.54826E-10,5.54826E-10,45.472546,1.959739,0.00000868757
lp_cre_a,18168,3516,7248,0,r,1,88,5.167235,0,360,35,18133,0.193,6,18162,0.033,3,18165,0.017,15.62624,17.881281,16.915968,16.295809,15.440224,15.383232,16.026655,0.873888,0.923757,0.958912,1.012047,1.015797,0.975016,0,0.0000000392145,8.0797E-11,7.77342E-12,9.09155E-12,9.09155E-12,9.09155E-12,11.170976,1.398825,0.00000656918
c-53,372213,30235,30235,1,r,1,0,12.310666,2,4468,254385,117828,68.344,132923,239290,35.712,18424,353789,4.95,304.294556,332.855469,361.470795,351.275787,318.41098,311.696594,323.539276,0.914194,0.841823,0.866255,0.955666,0.976252,0.940518,0,0.0000000658198,6.09759E-10,3.17245E-11,2.25403E-10,2.25403E-10,2.25403E-10,166.031906,1.832747,0.0000218108
viscoplastic1_C_1,61166,4326,4326,0,r,1,0,14.139159,7,37,57566,3600,94.114,31348,29818,51.251,5129,56037,8.385,39.256096,43.553089,46.556065,48.888927,39.289726,39.340961,40.815041,0.901339,0.8432,0.802965,0.999144,0.997843,0.961805,0,0.000000047318,0.0000000115758,4.59915E-10,2.27068E-10,2.27068E-10,2.27068E-10,22.360001,1.755639,0.00000899077
lp_lotfi,1136,153,366,0,r,1,0,7.424837,1,133,40,1096,3.521,860,276,75.704,872,264,76.761,3.712512,4.028544,3.787328,3.81568,3.836448,3.790496,3.848576,0.921552,0.980246,0.972962,0.967695,0.979426,0.964646,0,0.0000000342131,1.67104E-11,2.88397E-10,0.0000000263423,0.0000000263423,0.0000000263423,4.230016,0.877659,0.000016629
impcol_c,411,137,137,0,r,1,0,3,1,8,77,334,18.735,12,399,2.92,32,379,7.786,2.262528,2.366432,3.498976,2.38336,2.805056,2.772864,2.426656,0.956093,0.646626,0.949302,0.806589,0.815953,0.932365,0,0.000000064352,9.49067E-10,4.37304E-12,0.0000000580538,0.0000000580538,0.0000000580538,3.225568,0.701436,0.00000625185
bcsstk15,117816,3948,3948,1,r,1,0,29.841945,1,44,31100,86716,26.397,90843,26973,77.106,5156,112660,4.376,86.635101,91.156387,100.756737,103.263809,87.689827,86.671715,88.441566,0.950401,0.859844,0.838969,0.987972,0.999578,0.979574,0,0.0000000462837,2.58761E-14,1.19347E-10,2.28073E-11,2.28073E-11,2.28073E-11,44.361473,1.952936,0.00000754036
t2d_q4_A_04,87025,9801,9801,0,r,1,0,8.879196,4,9,64561,22464,74.187,0,87025,0,0,87025,0,89.126785,89.601662,106.158974,92.550339,90.075775,88.700928,92.889664,0.9947,0.83956,0.963009,0.989465,1.004801,0.959491,0,0.0000000414351,0.00000000529853,0,0,0,0,46.602657,1.912483,0.00000801658
c-26,34537,4307,4307,1,r,1,0,8.018807,2,438,21475,13062,62.18,30478,4059,88.247,22314,12223,64.609,38.922783,43.644352,48.367775,46.997215,43.10387,42.732319,43.742462,0.891817,0.804726,0.828193,0.903,0.910851,0.889817,0,0.0000000130714,3.71229E-12,6.58505E-12,0.0000000130712,0.0000000130712,0.0000000130712,22.460768,1.732923,0.00000319058
goodwin,324784,7320,7320,0,r,1,0,44.369399,1,112,227409,97375,70.019,244668,80116,75.333,51003,273781,15.704,179.582779,203.809662,204.493958,207.015747,180.954758,178.718887,186.679108,0.88113,0.878181,0.867484,0.992418,1.004834,0.961986,0,0.0000000357863,5.95909E-11,8.45155E-11,1.98094E-11,1.98094E-11,1.98094E-11,99.363968,1.807323,0.00000922115
Muu,170134,7102,7102,1,r,1,0,23.955787,12,49,170134,0,100,47952,122182,28.185,0,170134,0,148.381378,159.44313,164.38649,178.272095,149.229721,147.69133,150.577698,0.930623,0.902637,0.832331,0.994315,1.004672,0.985414,0,0.0000000477635,0.0000000477635,5.82081E-10,0,0,0,75.82032,1.957013,0.00000821055
case9_A_05,147972,14454,14454,1,r,1,0,10.237443,1,7210,104071,43901,70.332,147968,4,99.997,147946,26,99.982,133.777222,143.135391,154.567673,148.130432,148.249695,145.745026,148.829437,0.93462,0.865493,0.903104,0.902378,0.917885,0.898863,0,0.0000000243916,1.19939E-15,1.6489E-15,3.87983E-16,3.87983E-16,3.87983E-16,71.119583,1.881018,0.00000429357
t2d_q4_A_31,87025,9801,9801,0,r,1,0,8.879196,4,9,2724,84301,3.13,37488,49537,43.077,39177,47848,45.018,89.125473,89.5672,94.621567,100.372063,92.816803,90.509666,94.322685,0.995068,0.941915,0.887951,0.96023,0.984707,0.9449,0,0.0000000397811,5.45433E-12,2.13756E-10,5.78194E-10,5.78194E-10,5.78194E-10,45.488449,1.959299,0.00000924761
t2d_q9_A_24,87025,9801,9801,0,r,1,0,8.879196,4,9,10957,76068,12.591,18338,68687,21.072,18570,68455,21.339,89.131294,89.564926,96.493027,97.080032,91.652222,90.036224,94.128227,0.995158,0.923707,0.918122,0.972495,0.989949,0.946914,0,0.0000000425052,2.18329E-10,4.30553E-10,0.00000000117988,0.00000000117988,0.00000000117988,46.425472,1.919879,0.00000782896
wm2,2942,207,260,0,r,1,0,14.21256,1,107,2426,516,82.461,1708,1234,58.056,155,2787,5.269,4.1864,4.654656,5.179392,4.863232,4.344992,4.316192,4.736128,0.899401,0.80828,0.860827,0.9635,0.969929,0.883929,0,0.0000000393595,0.0000000073383,2.61544E-10,0.00000000570204,0.00000000570204,0.00000000570204,3.709856,1.128453,0.00000661421
lhr04c,82682,4101,4101,0,r,1,0,20.161424,1,63,77547,5135,93.789,43423,39259,52.518,9754,72928,11.797,91.57827,99.530846,106.802979,101.334946,93.57869,92.615906,95.333244,0.920099,0.857451,0.903719,0.978623,0.988796,0.960612,0,0.0000000419944,0.0000000288402,4.90353E-10,0.0000000113643,0.0000000113643,0.0000000113643,46.3312,1.9766,0.00000795034
bcsstm04,132,132,132,1,r,1,0,1,1,1,132,0,100,66,66,50,132,0,100,2.11472,2.179648,2.274912,2.282784,2.27248,2.220736,2.26224,0.970212,0.929583,0.926378,0.930578,0.952261,0.93479,0,0.0000000427432,0.0000000427432,0,0.0000000427432,0.0000000427432,0.0000000427432,2.940768,0.719105,0.00000321406
scsd8-2r_A_05,12010,550,3850,0,r,1,0,21.836364,10,24,8720,3290,72.606,0,12010,0,0,12010,0,12.468704,13.494976,15.553184,12.954656,12.570656,12.555264,12.936608,0.923952,0.801682,0.962488,0.99189,0.993106,0.963831,0,0.0000000306311,0.0000000272428,0,0,0,0,7.921984,1.573937,0.00000994819
t2d_q9_A_15,87025,9801,9801,0,r,1,0,8.879196,4,9,31261,55764,35.922,2503,84522,2.876,1272,85753,1.462,89.110367,89.668739,100.628349,93.411263,90.170753,88.773407,92.991997,0.993773,0.885539,0.953957,0.98824,1.003796,0.958258,0,0.0000000469356,0.00000000192299,3.14958E-10,6.41731E-10,6.41731E-10,6.41731E-10,46.090687,1.93337,0.00000801647
hvdc1,159981,24842,24842,0,r,1,0,6.43994,2,181,21111,138870,13.196,112831,47150,70.528,65705,94276,41.071,109.696068,119.560158,127.182655,131.501053,115.037025,112.417854,125.313347,0.917497,0.862508,0.834184,0.953572,0.975789,0.875374,0,0.0000000458776,1.23256E-12,1.03468E-10,1.52428E-10,1.52428E-10,1.52428E-10,65.832993,1.666278,0.00000606406
cbuckle_G,514896,13681,13681,1,r,1,1069,37.635845,0,361,488411,26485,94.856,422019,92877,81.962,225916,288980,43.876,321.444,364.333344,376.307465,363.184723,323.212799,320.198181,345.421143,0.88228,0.854206,0.88507,0.994527,1.003891,0.930586,0,0.0000000467283,5.89368E-10,1.3497E-10,7.93551E-11,7.93551E-11,7.93551E-11,182.524857,1.761097,0.00000880899
Pd_b,6323,8081,12406,0,r,1,3710,0.782453,0,14,1193,5130,18.868,6174,149,97.644,6220,103,98.371,6.927392,7.680032,8.856512,8.318752,6.050496,5.827616,8.204736,0.902,0.782181,0.832744,1.14493,1.188718,0.844316,0,0.0000000707426,5.14294E-12,2.66799E-11,1.18266E-10,1.18266E-10,1.18266E-10,7.003648,0.989112,0.00000660073
flowmeter0_E,9669,9669,9669,1,r,1,0,1,1,1,9662,7,99.928,8789,880,90.899,9669,0,100,7.540736,8.000352,8.439488,9.914688,8.342656,8.376192,8.416864,0.942551,0.893506,0.760562,0.903877,0.900258,0.895908,0,0.0000000481125,0.0000000462279,1.7693E-12,0.0000000481125,0.0000000481125,0.0000000481125,7.239904,1.041552,0.00000395273
SiH4,171903,5041,5041,1,r,1,0,34.100972,13,205,138758,33145,80.719,112748,59155,65.588,0,171903,0,111.024132,121.886467,132.63353,131.917313,111.986816,110.721245,112.925407,0.910882,0.837074,0.841619,0.991404,1.002736,0.983163,0,0.0000000413357,0.00000000247064,5.67891E-10,0,0,0,59.110977,1.878232,0.00000881005
Glass_10NN,2986,214,214,1,r,1,0,13.953271,10,24,2984,2,99.933,30,2956,1.005,0,2986,0,3.999456,4.3544,4.393184,4.332704,4.29264,4.060672,4.26976,0.918486,0.910377,0.923085,0.931701,0.984925,0.936693,0,0.0000000469207,0.000000046522,2.62442E-10,0,0,0,4.087072,0.978563,0.0000088595
t2d_q4_A_30,87025,9801,9801,0,r,1,0,8.879196,4,9,2990,84035,3.436,43036,43989,49.452,44832,42193,51.516,89.102592,89.549408,94.330368,100.518974,91.544319,89.866051,94.382561,0.99501,0.94458,0.886426,0.973327,0.991504,0.944058,0,0.0000000505632,2.55559E-12,2.24975E-10,5.90568E-10,5.90568E-10,5.90568E-10,46.709408,1.907594,0.00000724469
li,1350309,22695,22695,0,r,1,0,59.498083,11,108,738435,611874,54.686,782905,567404,57.98,441489,908820,32.695,589.738037,669.036926,658.209106,656.825562,630.25238,620.261902,620.452515,0.881473,0.895974,0.897861,0.935717,0.950789,0.950497,0,0.0000000356999,2.54443E-14,9.16055E-11,2.29942E-14,2.26271E-14,9.5808E-16,324.732635,1.816073,0.00000906443
oscil_dcop_47,1544,430,430,0,r,1,0,3.590698,1,13,662,882,42.876,1386,158,89.767,1288,256,83.42,2.663872,3.142272,5.614656,3.052704,3.276672,3.937856,3.333408,0.847753,0.47445,0.872627,0.812981,0.676478,0.799144,0,0.0000000296046,3.68192E-14,1.79846E-10,2.74639E-10,2.74639E-10,2.74639E-10,2.572192,1.035643,0.00000278251
wm3,2948,207,260,0,r,1,0,14.241546,1,107,2417,531,81.988,1750,1198,59.362,157,2791,5.326,4.173568,4.668512,4.792672,4.874304,4.340576,4.314848,4.717536,0.893982,0.870823,0.856239,0.961524,0.967257,0.884692,0,0.0000000600707,0.00000000626155,3.27639E-10,0.0000000045528,0.0000000045528,0.0000000045528,3.729248,1.119145,0.0000055145
ck104,992,104,104,0,r,1,0,9.538462,6,10,982,10,98.992,619,373,62.399,0,992,0,2.800512,2.875744,4.130496,3.251456,2.878976,2.790624,2.8488,0.973839,0.678009,0.86131,0.972746,1.003543,0.98305,0,0.0000000364142,0.0000000256907,3.24306E-10,0,0,0,2.270624,1.233367,0.00000426569
bodyy5,129281,18589,18589,1,r,1,0,6.954704,3,9,76484,52797,59.161,96493,32788,74.638,57256,72025,44.288,77.010559,82.06781,98.02269,93.3535,80.160927,78.751007,81.335587,0.938377,0.78564,0.824935,0.960699,0.977899,0.946825,0,0.0000000472936,4.52431E-11,2.651E-10,3.39858E-10,3.39858E-10,3.39858E-10,46.797729,1.645605,0.00000514957
case9,147972,14454,14454,1,r,1,0,10.237443,1,7210,93743,54229,63.352,93675,54297,63.306,25444,122528,17.195,133.876068,143.121918,155.86557,154.509476,136.613663,134.409531,141.40007,0.935399,0.85892,0.866459,0.979961,0.996031,0.946789,0,0.0000000341966,1.94367E-11,1.17023E-12,0.00000000402412,0.00000000402412,0.00000000402412,70.62352,1.89563,0.00000611453
delf_A_09,14971,3148,6622,0,r,1,0,4.755718,2,21,5925,9046,39.577,12763,2208,85.251,9139,5832,61.045,13.529792,15.284832,17.934273,17.345152,14.446528,14.419072,16.476896,0.885178,0.75441,0.780033,0.936543,0.938326,0.821137,0,0.0000000471716,2.61593E-11,9.02037E-11,0.00000000539758,0.00000000539758,0.00000000539758,10.083456,1.341781,0.00000787511
raefsky3,1488768,21200,21200,0,r,1,0,70.224906,32,80,1487804,964,99.935,1482006,6762,99.546,1477936,10832,99.272,585.006287,672.17926,695.60199,722.925476,678.258606,671.552429,678.3974,0.870313,0.841007,0.809221,0.862512,0.871125,0.862336,0,0.0000000419158,0.00000000919385,4.15694E-12,0.0000000402414,0.0000000402414,0.0000000402414,322.280731,1.815207,0.00000586693
kineticBatchReactor_4,74869,7105,7105,1,r,1,0,10.537509,1,2426,66673,8196,89.053,74814,55,99.927,74869,0,100,63.735809,70.706367,77.682816,73.292992,70.614624,70.648254,72.363297,0.901415,0.820462,0.869603,0.902587,0.902157,0.880775,0,0.0000000474199,2.64867E-14,1.81713E-13,0.0000000474199,0.0000000474199,0.0000000474199,35.67712,1.786462,0.0000028449
Pd_rhs,6323,8081,12406,0,r,1,3710,0.782453,0,14,1193,5130,18.868,6174,149,97.644,6220,103,98.371,6.940864,7.678016,9.88992,8.317856,6.07232,5.828544,8.183296,0.903992,0.701812,0.834454,1.143033,1.19084,0.848175,0,0.0000000498456,4.02481E-12,1.8843E-11,4.29131E-11,4.29131E-11,4.29131E-11,6.801824,1.020442,0.0000058417
TSOPF_FS_b300_c1_b,29213,29214,1,0,r,1,1,0.999966,0,1,28471,742,97.46,28511,702,97.597,29213,0,100,18.983744,20.01376,22.632959,21.515425,20.568577,20.982689,21.468832,0.948535,0.838765,0.882332,0.922949,0.904734,0.884247,0,0.0000000386355,4.77288E-12,8.78405E-12,0.0000000386355,0.0000000386355,0.0000000386355,16.182016,1.173138,0.00000372639
scsd8-2c_A_1,1890,90,630,0,r,1,0,21,10,24,1360,530,71.958,0,1890,0,0,1890,0,3.80208,3.886624,4.3296,3.838656,3.835264,3.854912,3.833504,0.978247,0.87816,0.990472,0.991348,0.986295,0.991803,0,0.000000037961,0.000000036001,0,0,0,0,3.363456,1.130409,0.000011964
worms20_10NN,240826,20055,20055,1,r,1,0,12.008277,10,19,240826,0,100,48412,192414,20.102,0,240826,0,181.580261,193.15654,199.530457,226.042557,184.213287,180.415009,188.429535,0.940068,0.910038,0.803301,0.985707,1.006459,0.963651,0,0.0000000446199,0.0000000446199,0.00000000111053,0,0,0,95.773788,1.895929,0.00000813172
nopss_11k_C,5,1,11685,0,r,1,0,5,5,5,5,0,100,1,4,20,0,5,0,2.219232,2.239936,2.257248,2.353824,2.254656,2.247872,2.247648,0.990757,0.983158,0.94282,0.984289,0.987259,0.987357,0,0.0000000751299,0.0000000751299,0.0000000237342,0,0,0,3.119648,0.711373,0.00000377965
g7jac060sc,203316,17730,17730,0,r,1,0,11.467343,2,153,104779,98537,51.535,39441,163875,19.399,9754,193562,4.797,172.992996,192.755264,218.942307,204.345474,177.772324,175.008698,181.584763,0.897475,0.790131,0.846571,0.973115,0.988482,0.952685,0,0.000000040481,1.07394E-10,2.03847E-11,1.40199E-10,1.40199E-10,1.40199E-10,95.059036,1.819848,0.00000766534
rdb5000,29600,5000,5000,0,r,1,0,5.92,4,6,0,29600,0,0,29600,0,0,29600,0,19.185951,21.036257,21.00864,20.10096,19.052416,19.124319,19.714497,0.912042,0.913241,0.954479,1.007009,1.003223,0.97319,0,0.0000000431377,0,0,0,0,0,13.599744,1.410758,0.00000719721
light_in_tissue_Q,25,14641,1,0,r,1,14616,0.001708,0,1,25,0,100,0,25,0,25,0,100,7.441696,7.477792,8.374976,8.34736,2.238432,2.189824,7.989984,0.995173,0.888563,0.891503,3.324513,3.398308,0.931378,0,0.0000000221453,0.0000000221453,0,0.0000000221453,0.0000000221453,0.0000000221453,7.171264,1.037711,0.0000026248
bcsstk36,1143140,23052,23052,1,r,1,0,49.589623,8,178,26301,1116839,2.301,637819,505321,55.795,66923,1076217,5.854,586.578247,677.473267,614.653137,640.692749,598.640625,590.913208,600.351013,0.865832,0.954324,0.915538,0.97985,0.992664,0.977059,0,0.000000044913,2.05995E-14,2.64274E-10,4.59361E-11,4.59361E-11,4.59361E-11,329.995636,1.777533,0.00000925372
bips07_1998,62198,15066,15066,0,r,1,0,4.128369,1,27,9318,52880,14.981,62194,4,99.994,62198,0,100,56.042656,61.706432,72.158493,64.493118,61.717281,61.540031,63.425888,0.908214,0.776661,0.868971,0.908055,0.91067,0.883593,0,0.0000000447753,6.93198E-19,8.22402E-15,0.0000000447753,0.0000000447753,0.0000000447753,36.943615,1.516978,0.00000306125
t2d_q4_A_43,87025,9801,9801,0,r,1,0,8.879196,4,9,311,86714,0.357,26708,60317,30.69,27318,59707,31.391,89.114944,89.556099,92.488541,98.326912,92.419746,90.216476,94.237823,0.995074,0.963524,0.906313,0.964241,0.98779,0.945639,0,0.0000000466973,1.48805E-12,3.58517E-10,8.91646E-10,8.91646E-10,8.91646E-10,46.43251,1.919236,0.00000775341
oscil_dcop_40,1544,430,430,0,r,1,0,3.590698,1,13,662,882,42.876,1386,158,89.767,1288,256,83.42,2.761824,2.96448,3.236768,2.942816,2.942112,2.998944,3.272832,0.931639,0.853266,0.938497,0.938722,0.920932,0.843864,0,0.0000000353698,4.34874E-14,1.50462E-10,2.1938E-10,2.1938E-10,2.1938E-10,3.362496,0.821361,0.00000535917
t2d_q9_A_26,87025,9801,9801,0,r,1,0,8.879196,4,9,10951,76074,12.584,17537,69488,20.152,17667,69358,20.301,89.126045,89.615517,96.148323,96.844543,91.629471,89.987167,93.950722,0.994538,0.926964,0.9203,0.972679,0.990431,0.948647,0,0.0000000439262,2.44053E-10,4.43891E-10,0.00000000109758,0.00000000109758,0.00000000109758,46.301662,1.924899,0.00000819824
baxter,111576,27441,30733,0,r,1,0,4.066033,1,2951,13395,98181,12.005,90765,20811,81.348,111576,0,100,117.570946,127.179199,124.391808,146.467651,128.979431,126.331459,130.623749,0.924451,0.945166,0.802709,0.911548,0.930655,0.900073,0,0.0000000396815,1.13207E-13,7.14344E-11,0.0000000396815,0.0000000396815,0.0000000396815,72.083008,1.631049,0.00000548498
ABACUS_shell_ld_M,206474,23412,23412,0,r,1,0,8.819153,4,12,197163,9311,95.49,194623,11851,94.26,192142,14332,93.059,208.816193,222.12999,232.380066,231.698654,227.62822,220.754883,231.631104,0.940063,0.898598,0.90124,0.917356,0.945919,0.901503,0,0.0000000428854,4.73126E-10,4.04429E-12,2.24079E-12,2.24079E-12,2.24079E-12,110.137566,1.895958,0.00000622819
dynamicSoaringProblem_4,36516,3191,3191,1,r,1,0,11.443435,2,1196,21092,15424,57.761,22564,13952,61.792,4544,31972,12.444,29.20368,32.421055,35.781952,35.67664,30.093727,30.130688,30.836992,0.900763,0.816157,0.818566,0.970424,0.969234,0.947034,0,0.00000000707866,3.43407E-12,4.55233E-12,8.7852E-12,8.7852E-12,8.7852E-12,17.012863,1.716565,0.00000113808
bayer10,94926,13436,13436,0,r,1,0,7.065049,1,27,83299,11627,87.752,80047,14879,84.326,67324,27602,70.923,63.214657,68.855042,76.832573,76.182716,72.480675,71.304771,75.821152,0.918083,0.822759,0.829777,0.872159,0.886542,0.833734,0,0.0000000560209,3.82224E-11,1.24156E-11,0.00000000151999,0.00000000151999,0.00000000151999,37.249439,1.697063,0.00000505938
nemeth01,725054,9506,9506,1,r,1,0,76.273301,31,96,664530,60524,91.652,509714,215340,70.3,0,725054,0,276.94574,315.937225,341.271973,316.559509,281.959625,274.224548,282.639313,0.876585,0.81151,0.874862,0.982218,1.009923,0.979856,0,0.0000000436083,0.00000000408588,2.031E-10,0,0,0,157.448608,1.75896,0.00000931344
nemeth16,587012,9506,9506,1,r,1,0,61.751736,28,69,587012,0,100,387152,199860,65.953,0,587012,0,262.758148,308.537811,315.568909,291.359131,267.90097,263.271484,270.651794,0.851624,0.832649,0.901836,0.980803,0.99805,0.970835,0,0.0000000451181,0.0000000451181,2.62431E-10,0,0,0,145.824387,1.801881,0.00000924745
Goodwin_040,561677,17922,17922,0,r,1,0,31.340085,1,62,561036,641,99.886,156736,404941,27.905,641,561036,0.114,397.870911,445.854492,457.568542,450.354187,404.306305,397.836609,406.809204,0.892378,0.869533,0.883462,0.984083,1.000086,0.978028,0,0.0000000416479,0.0000000398495,4.11546E-10,0.0000000121065,0.0000000121065,0.0000000121065,217.384583,1.830263,0.00000819792
large_A_01,18313,4239,8573,0,r,1,0,4.320123,1,20,6478,11835,35.374,16109,2204,87.965,12708,5605,69.393,17.103489,19.1136,22.113695,21.64304,18.498337,18.464384,20.578976,0.894833,0.773434,0.790254,0.924596,0.926296,0.831115,0,0.0000000529833,2.42737E-11,1.62976E-10,0.0000000193115,0.0000000193115,0.0000000193115,11.458944,1.492589,0.00000807175
t2d_q4_A_09,87025,9801,9801,0,r,1,0,8.879196,4,9,65269,21756,75,0,87025,0,0,87025,0,89.100319,89.604225,106.589378,92.482979,90.03421,88.606941,92.936256,0.994376,0.835921,0.963424,0.989627,1.005568,0.958725,0,0.0000000456647,0.0000000101955,0,0,0,0,46.187519,1.929099,0.00000810083
scfxm1-2b_A_3,111052,19036,33047,0,r,1,0,5.833789,1,57,37026,74026,33.341,22469,88583,20.233,8053,102999,7.252,87.017921,99.336189,101.671074,97.243584,91.122658,89.28035,94.17942,0.875994,0.855877,0.894845,0.954954,0.974659,0.923959,0,0.0000000346331,0.00000000109143,2.33467E-10,4.95843E-10,4.95843E-10,4.95843E-10,54.74995,1.58937,0.00000758021
mimo8x8_system,48872,13309,13309,0,r,1,0,3.672102,1,32,6909,41963,14.137,48868,4,99.992,48872,0,100,25.408672,30.819937,31.385887,32.144993,30.870176,30.875263,31.682592,0.824423,0.809557,0.79044,0.823082,0.822946,0.801976,0,0.0000000627635,7.80449E-27,4.09718E-23,0.0000000627635,0.0000000627635,0.0000000627635,18.921185,1.342869,0.00000335059
s3rmq4m1,281111,5489,5489,1,r,1,0,51.213518,13,54,200905,80206,71.468,229079,52032,81.491,139422,141689,49.597,144.944229,168.787964,154.783356,159.064697,156.273819,154.899963,157.81366,0.858736,0.936433,0.911228,0.927502,0.935728,0.918452,0,0.0000000440386,2.87653E-11,1.74798E-10,1.16891E-10,1.16891E-10,1.16891E-10,82.573662,1.755332,0.00000887053
TSOPF_RS_b162_c1_b,2645,5374,49,0,r,1,2775,0.492185,0,2,2645,0,100,1904,741,71.985,2553,92,96.522,4.36016,4.740224,4.879648,5.37472,4.135264,3.85424,4.842592,0.919822,0.89354,0.811235,1.054385,1.131263,0.900377,0,0.0000000414555,0.0000000414555,1.50413E-10,0.00000000939313,0.00000000939313,0.00000000939313,4.728128,0.922175,0.00000475844
oscil_dcop_24,1544,430,430,0,r,1,0,3.590698,1,13,662,882,42.876,1386,158,89.767,1288,256,83.42,2.759424,2.948864,3.237344,2.958784,2.983904,2.982368,3.283136,0.935758,0.852373,0.932621,0.92477,0.925246,0.840484,0,0.0000000447331,1.33618E-13,3.7295E-10,5.09846E-10,5.09846E-10,5.09846E-10,3.38768,0.814547,0.00000529157
c-28,30590,4598,4598,1,r,1,0,6.652893,2,386,16830,13760,55.018,30093,497,98.375,30563,27,99.912,23.024416,26.949408,27.042336,28.418688,27.864223,27.812063,27.451712,0.854357,0.851421,0.810186,0.826307,0.827857,0.838724,0,0.0000000202501,4.80579E-12,2.77165E-11,0.0000000202501,0.0000000202501,0.0000000202501,16.228577,1.418758,0.00000264312
t2d_q9_A_03,87025,9801,9801,0,r,1,0,8.879196,4,9,60397,26628,69.402,0,87025,0,0,87025,0,89.127617,89.683708,105.693794,92.518562,90.101219,88.647842,92.958687,0.993799,0.843263,0.963348,0.989194,1.005412,0.958787,0,0.0000000494692,0.00000000226988,0,0,0,0,46.159328,1.930869,0.00000748331
flowmeter5_E,9669,9669,9669,1,r,1,0,1,1,1,9662,7,99.928,8789,880,90.899,9669,0,100,7.549408,8.02032,8.448256,9.911264,8.350752,8.381664,8.426784,0.941285,0.893606,0.7617,0.904039,0.900705,0.895883,0,0.0000000525249,0.0000000478114,1.81152E-12,0.0000000525249,0.0000000525249,0.0000000525249,7.217536,1.045981,0.0000034969
stokes64s,140034,12546,12546,1,r,1,0,11.161645,5,13,109688,30346,78.33,67424,72610,48.148,32768,107266,23.4,113.977539,120.852928,137.74115,136.82132,118.231613,115.537888,121.052193,0.943109,0.827476,0.833039,0.964019,0.986495,0.941557,0,0.0000000451217,0.00000000599301,3.72072E-10,2.28898E-10,2.28898E-10,2.28898E-10,59.988609,1.899986,0.00000817913
delf_A_35,15479,3193,6663,0,r,1,0,4.847792,2,21,6365,9114,41.12,13314,2165,86.013,9603,5876,62.039,13.8624,15.581312,18.107361,17.579935,14.468832,14.485536,16.680672,0.889681,0.765567,0.788535,0.958087,0.956982,0.831046,0,0.0000000475016,2.91751E-11,9.5606E-11,0.00000000315935,0.00000000315935,0.00000000315935,9.391712,1.476025,0.00000872051
large_A_07,19637,4249,8587,0,r,1,0,4.621558,2,21,7380,12257,37.582,16977,2660,86.454,12841,6796,65.392,17.496799,19.687616,22.719616,22.478559,18.625759,18.5872,21.151009,0.888721,0.770119,0.778377,0.939387,0.941336,0.827232,0,0.000000044333,2.23033E-11,1.23959E-10,0.0000000220297,0.0000000220297,0.0000000220297,12.565568,1.39244,0.00000828022
large_A_19,19579,4297,8625,0,r,1,0,4.556435,1,21,7153,12426,36.534,16909,2670,86.363,12844,6735,65.601,17.742048,20.030336,22.76688,22.728031,18.925407,18.809025,21.582848,0.885759,0.779292,0.780624,0.937472,0.943273,0.822044,0,0.0000000369312,2.63727E-11,1.44269E-10,0.0000000197681,0.0000000197681,0.0000000197681,12.679776,1.39924,0.00000799206
hydr1c_A_24,19486,5308,5308,0,r,1,0,3.671063,1,12,7298,12188,37.453,18204,1282,93.421,18058,1428,92.672,12.030816,14.973984,16.921312,15.88592,14.481184,14.39856,15.89664,0.803448,0.710986,0.757326,0.83079,0.835557,0.756815,0,0.0000000467384,1.33906E-13,6.75438E-11,3.15309E-10,3.15309E-10,3.15309E-10,9.600224,1.253181,0.00000872584
std1_Jac2_db,498771,21982,21982,0,r,1,0,22.689974,1,211,424212,74559,85.051,495135,3636,99.271,463832,34939,92.995,485.399109,529.348694,532.257568,546.731262,538.14917,530.358643,536.823059,0.916974,0.911963,0.88782,0.901979,0.915228,0.904207,0,0.0000000615474,2.67197E-14,5.52373E-13,9.21185E-11,9.21185E-11,9.21184E-11,256.050293,1.895718,0.0000133652
t2d_q9_A_01,87025,9801,9801,0,r,1,0,8.879196,4,9,77224,9801,88.738,0,87025,0,0,87025,0,89.136414,89.604637,105.886017,92.499489,90.083839,88.717186,92.940704,0.994775,0.841815,0.963642,0.989483,1.004725,0.959068,0,0.0000000459877,0.0000000152124,0,0,0,0,45.991329,1.938113,0.00000814329
c-44,85000,10728,10728,1,r,1,0,7.923192,2,780,55361,29639,65.131,34110,50890,40.129,2086,82914,2.454,63.079327,61.980991,72.443199,69.712158,67.25219,63.830593,68.463806,1.017721,0.870742,0.904854,0.937952,0.98823,0.921353,0,0.0000000552014,6.83244E-11,1.95884E-11,1.05776E-11,1.05776E-11,1.05776E-11,34.508671,1.827927,0.00000590162
rdb200l,1120,200,200,0,r,1,0,5.6,4,6,720,400,64.286,0,1120,0,0,1120,0,2.749344,2.780384,3.64672,2.769824,2.803296,2.767936,2.775552,0.988836,0.753922,0.992606,0.980754,0.993283,0.990558,0,0.0000000438341,0.00000000672438,0,0,0,0,2.271712,1.210252,0.00000679113
lns_3937,25407,3937,3937,0,r,1,0,6.453391,1,11,15444,9963,60.786,23763,1644,93.529,23187,2220,91.262,17.394464,20.063776,20.525633,21.126656,19.91424,20.011072,20.703487,0.866959,0.847451,0.823342,0.873469,0.869242,0.840171,0,0.000000049556,1.09061E-18,3.48647E-11,2.27081E-11,2.27081E-11,2.27081E-11,12.141408,1.432656,0.00000689578
mark3jac040sc,113435,18289,18289,0,r,1,0,6.202362,2,44,54941,58494,48.434,112535,900,99.207,111644,1791,98.421,83.607452,94.491615,103.890465,98.554977,96.555519,94.763069,97.507454,0.884813,0.804765,0.848333,0.8659,0.882279,0.857447,0,0.0000000293745,5.79652E-13,1.21813E-11,0.00000000236676,0.00000000236676,0.00000000236676,52.217121,1.60115,0.00000603942
t2d_q9_A_04,87025,9801,9801,0,r,1,0,8.879196,4,9,64561,22464,74.187,0,87025,0,0,87025,0,89.1408,89.660545,106.192162,92.537277,90.045441,88.650429,92.929283,0.994203,0.839429,0.963296,0.989954,1.005532,0.959233,0,0.0000000427147,0.00000000539757,0,0,0,0,45.956608,1.939673,0.00000788214
oscil_dcop_07,1544,430,430,0,r,1,0,3.590698,1,13,606,938,39.249,1386,158,89.767,1288,256,83.42,2.767264,3.029568,3.778272,2.951936,2.959744,2.984832,3.275168,0.913419,0.732415,0.93744,0.934967,0.927109,0.844923,0,0.0000000255349,4.38737E-14,1.37252E-10,1.65864E-10,1.65864E-10,1.65864E-10,3.374176,0.82013,0.0000059686
ex9,99471,3363,3363,1,r,1,0,29.578055,10,50,18318,81153,18.415,38368,61103,38.572,3553,95918,3.572,72.777283,77.529472,89.144958,87.739746,73.645248,72.986206,74.531967,0.938705,0.816393,0.829468,0.988214,0.997137,0.976457,0,0.0000000470882,2.04615E-14,3.35175E-10,9.3826E-11,9.3826E-11,9.3826E-11,37.824478,1.924079,0.00000857454
msc10848,1229778,10848,10848,1,r,1,0,113.364491,45,723,2466,1227312,0.201,937824,291954,76.26,7692,1222086,0.625,367.798035,417.968994,373.072815,428.460724,370.972168,365.450867,368.105011,0.879965,0.985861,0.858417,0.991444,1.006423,0.999166,0,0.000000043504,6.94811E-14,1.09132E-11,1.11567E-12,1.11828E-12,1.11567E-12,219.703583,1.674065,0.000018061
nemeth02,394808,9506,9506,1,r,1,0,41.532506,17,52,394808,0,100,346290,48518,87.711,17,394791,0.004,230.252731,260.006409,265.644318,275.838348,233.070114,229.145218,233.579865,0.885566,0.866771,0.834738,0.987912,1.004833,0.985756,0,0.000000046428,0.000000046428,9.33921E-11,1.79901E-10,1.79901E-10,1.79901E-10,131.257889,1.754201,0.00000858071
scsd8-2r_A_01,1890,90,630,0,r,1,0,21,10,24,1360,530,71.958,0,1890,0,0,1890,0,3.806144,3.875264,4.360448,3.83456,3.849344,3.852288,3.8352,0.982164,0.872879,0.99259,0.988777,0.988022,0.992424,0,0.0000000347631,0.0000000352893,0,0,0,0,3.521632,1.08079,0.00000735138
south31,112398,18425,36321,0,r,1,0,6.100299,1,177,41835,70563,37.22,3832,108566,3.409,436,111962,0.388,76.65184,82.30912,95.440063,81.40451,78.769981,76.699997,78.555069,0.931268,0.803141,0.941617,0.97311,0.999372,0.975772,0,0.0000000481549,5.56622E-10,3.41922E-11,4.99288E-11,4.99288E-11,4.99288E-11,46.893887,1.634581,0.0000177626
testbig,61639,17613,31223,0,r,1,0,3.499631,1,5,0,61639,0,0,61639,0,1,61638,0.002,42.656834,43.159969,45.13213,43.909695,43.927296,42.647743,43.430145,0.988343,0.945154,0.971467,0.971078,1.000213,0.982194,0,0.000000029285,0,0,4.5572E-11,4.5572E-11,4.5572E-11,24.235201,1.760119,0.00000683241
cavity01,7327,317,317,0,r,1,0,23.113565,8,62,6760,567,92.261,3128,4199,42.691,0,7327,0,8.440128,9.244416,10.0896,9.771424,8.526528,8.56096,8.688,0.912997,0.836518,0.863756,0.989867,0.985886,0.97147,0,0.0000000554159,0.0000000118837,5.99565E-10,0,0,0,6.048672,1.395369,0.0000096386
hydr1c_A_21,19484,5308,5308,0,r,1,0,3.670686,1,12,7292,12192,37.426,18201,1283,93.415,18056,1428,92.671,12.036768,14.971488,17.168863,15.886272,14.463936,14.39504,15.89744,0.803979,0.701081,0.757684,0.832192,0.836175,0.757151,0,0.0000000502707,1.57474E-13,7.18192E-11,4.03136E-10,4.03136E-10,4.03136E-10,9.584928,1.255802,0.00000721571
flowmeter5,67391,9669,9669,0,r,1,0,6.9698,4,11,62163,5228,92.242,62169,5222,92.251,61359,6032,91.049,35.88195,39.146305,42.750431,42.71904,38.515743,38.525055,43.002495,0.916611,0.839335,0.839952,0.931618,0.931393,0.834416,0,0.0000000451043,1.75889E-11,1.7935E-11,1.7576E-11,1.7576E-11,1.7576E-11,23.910048,1.500706,0.00000725042
bayer03,56196,6747,6747,0,r,1,0,8.329035,1,34,49268,6928,87.672,55181,1015,98.194,51350,4846,91.377,59.320866,66.053085,73.307678,69.353951,65.646141,65.730461,67.973213,0.898079,0.809204,0.855335,0.903646,0.902487,0.872709,0,0.0000000449145,5.93568E-16,2.30199E-12,1.45394E-10,1.45394E-10,1.45394E-10,33.955425,1.747022,0.00000487964
JapaneseVowelsSmall_10NN,131144,9961,9961,1,r,1,0,13.165746,10,30,131144,0,100,122,131022,0.093,0,131144,0,96.684067,105.897758,110.283104,99.645821,99.085983,96.428482,99.167427,0.912994,0.87669,0.970277,0.975759,1.002651,0.974958,0,0.0000000446324,0.0000000446324,6.57275E-11,0,0,0,51.89344,1.863127,0.0000082727
lp_bandm,2494,305,472,0,r,1,0,8.177049,1,72,946,1548,37.931,813,1681,32.598,194,2300,7.779,4.820416,5.317888,5.401952,5.356096,4.87216,4.848128,5.190752,0.906453,0.892347,0.899987,0.98938,0.994284,0.928655,0,0.0000000484818,5.27176E-10,3.51166E-10,9.66469E-10,9.66469E-10,9.66469E-10,4.22256,1.141586,0.00000987303
t2dah_B,245,11445,1,0,r,1,11200,0.021407,0,1,245,0,100,2,243,0.816,245,0,100,6.361856,6.423328,7.869408,7.040576,2.27456,2.244064,6.89264,0.99043,0.808429,0.903599,2.796961,2.834971,0.922993,0,0.0000000351874,0.0000000351874,2.36629E-10,0.0000000351874,0.0000000351874,0.0000000351874,6.207616,1.024847,0.00000339518
t2dal_bci,37465,4257,4257,1,r,1,0,8.800799,4,9,35681,1784,95.238,29256,8209,78.089,28160,9305,75.163,36.998241,40.320255,44.112896,41.936192,39.201408,39.34,40.762978,0.917609,0.838717,0.882251,0.943799,0.940474,0.907643,0,0.0000000332975,0.0000000022193,5.99371E-11,4.92815E-11,4.92815E-11,4.92815E-11,21.57984,1.714482,0.00000659478
lhr11c,233741,10964,10964,0,r,1,0,21.318953,1,63,213357,20384,91.279,97857,135884,41.866,12361,221380,5.288,241.329056,270.87793,292.890167,273.653931,245.923737,244.27449,248.796768,0.890914,0.823958,0.881877,0.981317,0.987942,0.969985,0,0.0000000403299,0.0000000302078,6.42589E-10,0.00000000591774,0.00000000591774,0.00000000591774,127.003807,1.900172,0.00000805203
poisson3Da,352762,13514,13514,0,r,1,0,26.103448,6,110,352762,0,100,52618,300144,14.916,0,352762,0,291.183868,308.012115,316.737122,333.55191,292.578705,289.359589,295.700439,0.945365,0.919323,0.872979,0.995233,1.006305,0.984726,0,0.000000043135,0.000000043135,4.54295E-10,0,0,0,148.196091,1.964855,0.00000886009
hydr1c_A_36,19503,5308,5308,0,r,1,0,3.674265,1,12,7310,12193,37.481,18220,1283,93.422,18075,1428,92.678,12.051264,14.967872,16.303776,15.885088,14.465728,14.408608,15.905376,0.805142,0.73917,0.758653,0.833091,0.836393,0.757685,0,0.0000000786861,1.38962E-13,8.27894E-11,3.66497E-10,3.66497E-10,3.66497E-10,9.592896,1.25627,0.00000657228
pivtol,306,102,102,0,r,1,0,3,2,4,304,2,99.346,0,306,0,0,306,0,2.256864,2.277728,2.372704,2.264736,2.30096,2.270624,2.276736,0.99084,0.951178,0.996524,0.980836,0.99394,0.991272,0,0.0000000253981,0.0000000133513,0,0,0,0,3.105088,0.726828,0.00000569312
t2dal_e,4257,4257,4257,1,r,1,0,1,1,1,4257,0,100,2203,2054,51.75,4257,0,100,4.365792,4.83328,4.868608,5.334592,4.86016,4.823776,4.858688,0.903277,0.896723,0.818393,0.898282,0.905057,0.898554,0,0.0000000415802,0.0000000415802,3.24237E-10,0.0000000415802,0.0000000415802,0.0000000415802,4.71456,0.926023,0.00000350747
chipcool0_B,246,20082,1,0,r,1,19836,0.01225,0,1,246,0,100,4,242,1.626,246,0,100,10.249376,10.36576,12.144448,11.365312,2.268832,2.239584,10.95968,0.988772,0.843956,0.901812,4.517468,4.576464,0.935189,0,0.0000000454561,0.0000000454561,5.55313E-10,0.0000000454561,0.0000000454561,0.0000000454561,9.126688,1.123012,0.00000376304
hydr1c_A_14,19503,5308,5308,0,r,1,0,3.674265,1,12,7307,12196,37.466,18218,1285,93.411,18075,1428,92.678,12.036032,14.967264,17.368799,15.884736,14.474272,14.42208,15.911648,0.804157,0.692969,0.757711,0.831547,0.834556,0.756429,0,0.0000000408643,1.09074E-13,6.37094E-11,3.33553E-10,3.33553E-10,3.33553E-10,8.853984,1.359392,0.0000126956
dynamicSoaringProblem_6,36741,3431,3431,1,r,1,0,10.70854,2,1286,22195,14546,60.409,19221,17520,52.315,4137,32604,11.26,31.164127,34.382561,38.341919,38.280514,31.962368,31.923616,32.673119,0.906393,0.812795,0.814099,0.975026,0.976209,0.953816,0,0.0000000650256,3.49007E-11,1.76861E-11,1.92047E-11,1.92047E-11,1.92047E-11,18.018463,1.729566,0.00000888473
hydr1c,23752,5308,5308,0,r,1,0,4.474755,1,14,8133,15619,34.241,22046,1706,92.817,21558,2194,90.763,22.681503,26.633823,27.91856,27.382624,25.760864,25.682049,27.373632,0.851605,0.812417,0.828317,0.880464,0.883166,0.828589,0,0.0000000417492,9.75772E-14,7.06025E-11,0.00000000111437,0.00000000111437,0.00000000111437,15.656512,1.448695,0.00000639504
cavity16,138187,4562,4562,0,r,1,0,30.290881,8,62,128740,9447,93.164,68524,69663,49.588,20185,118002,14.607,103.312637,114.772224,124.341187,115.14045,104.830849,103.856895,107.015457,0.900154,0.83088,0.897275,0.985518,0.99476,0.965399,0,0.0000000533379,0.0000000117542,5.06582E-10,3.26008E-10,3.26008E-10,3.26008E-10,55.666882,1.855908,0.00000824523
Maragal_6,537694,21255,10152,0,r,1,4,25.297295,0,5941,497381,40313,92.503,293157,244537,54.521,68,537626,0.013,487.800323,524.972168,544.298218,507.38324,490.795288,485.742249,495.918915,0.929193,0.8962,0.961404,0.993898,1.004237,0.983629,0,0.0000000330184,0.0000000172499,4.5559E-10,5.46004E-10,5.46004E-10,5.46004E-10,262.32373,1.859536,0.00000867641
nemsemm1,1053986,3945,75352,0,r,1,0,267.170089,1,8085,928415,125571,88.086,91105,962881,8.644,58,1053928,0.006,232.658691,252.204224,247.88208,237.295578,241.823654,240.318756,240.472702,0.922501,0.938586,0.980459,0.962101,0.968125,0.967506,0,0.0000000385928,4.67869E-10,1.21851E-11,3.29344E-12,3.29351E-12,3.29344E-12,156.353851,1.488027,0.0000114655
mesh3e1,1889,289,289,1,r,1,0,6.536332,4,9,640,1249,33.88,512,1377,27.104,0,1889,0,3.254816,3.331552,3.795968,3.268736,3.291168,3.277248,3.278944,0.976967,0.85744,0.995742,0.988955,0.993155,0.992642,0,0.0000000360933,0.00000000162024,1.61408E-14,0,0,0,3.381152,0.962635,0.00000637551
TSOPF_RS_b39_c7,252446,14098,14098,0,r,1,0,17.906512,2,32,210082,42364,83.219,210001,42445,83.187,2170,250276,0.86,286.433441,301.1008,323.489258,321.704895,283.969879,282.720245,288.879517,0.951288,0.88545,0.890361,1.008675,1.013134,0.991533,0,0.0000000341295,7.37417E-11,2.77874E-12,7.01429E-11,7.01429E-11,7.01429E-11,141.127777,2.029604,0.00000575538
t2d_q9_A_31,87025,9801,9801,0,r,1,0,8.879196,4,9,2724,84301,3.13,37488,49537,43.077,39177,47848,45.018,89.143074,89.700706,94.660095,100.383904,92.874115,90.599747,94.398781,0.993783,0.941718,0.888022,0.959827,0.983922,0.944324,0,0.0000000431195,5.1643E-12,2.22928E-10,5.71789E-10,5.71789E-10,5.71789E-10,45.504417,1.958998,0.00000864139
tols4000,8784,4000,4000,0,r,1,0,2.196,1,90,487,8297,5.544,8021,763,91.314,8784,0,100,7.896,8.65488,9.338816,9.330784,8.7888,8.765152,8.895776,0.912318,0.845503,0.846231,0.898416,0.90084,0.887612,0,0.0000000376493,7.55487E-16,2.02983E-11,0.0000000376493,0.0000000376493,0.0000000376493,6.916192,1.141669,0.00000499077
tols340,2196,340,340,0,r,1,0,6.458824,1,90,483,1713,21.995,2066,130,94.08,1378,818,62.75,3.822688,4.351008,5.273568,4.830112,4.915008,4.610624,5.828,0.878575,0.724877,0.791428,0.777758,0.829104,0.655918,0,0.0000000461137,4.76186E-13,1.1675E-10,0.0000000389174,0.0000000389174,0.0000000389174,4.11856,0.928161,0.00000605866
oscil_dcop_28,1544,430,430,0,r,1,0,3.590698,1,13,662,882,42.876,1386,158,89.767,1288,256,83.42,2.756768,3.0312,3.259904,2.95024,2.945632,2.954368,3.27536,0.909464,0.845659,0.934422,0.935883,0.933116,0.841669,0,0.000000014271,3.34458E-14,1.83853E-10,2.43582E-10,2.43582E-10,2.43582E-10,3.39104,0.812956,0.00000354757
oscil_dcop_52,1544,430,430,0,r,1,0,3.590698,1,13,662,882,42.876,1386,158,89.767,1288,256,83.42,2.755168,2.95312,4.06784,2.93504,2.938048,2.990048,3.28112,0.932969,0.677305,0.938716,0.937755,0.921446,0.839703,0,0.0000000349786,5.05565E-14,2.37387E-10,3.30157E-10,3.30157E-10,3.30157E-10,3.491712,0.789059,0.00000644339
large_A_20,19574,4300,8624,0,r,1,0,4.552093,1,21,7146,12428,36.508,16896,2678,86.319,12834,6740,65.567,17.712769,20.046656,22.240768,22.787745,18.936001,18.836416,21.631329,0.883577,0.79641,0.777294,0.935402,0.940347,0.818848,0,0.000000041296,2.69868E-11,1.4206E-10,0.000000020063,0.000000020063,0.000000020063,12.683296,1.396543,0.00000682875
kineticBatchReactor_8,85194,8052,8052,1,r,1,0,10.580477,1,2720,76478,8716,89.769,85054,140,99.836,85194,0,100,77.234207,79.485153,88.560768,82.742332,79.467812,79.518013,81.462402,0.971681,0.872104,0.93343,0.971893,0.971279,0.948096,0,0.0000000332286,1.43757E-14,6.73684E-13,0.0000000332286,0.0000000332286,0.0000000332286,39.980385,1.931802,0.00000338482
c-30,65693,5321,5321,1,r,1,0,12.345988,2,2110,32520,33173,49.503,65466,227,99.654,65677,16,99.976,49.945698,57.505409,56.847935,59.739391,57.403168,57.507614,58.734432,0.868539,0.878584,0.83606,0.870086,0.868506,0.850365,0,0.00000000806602,5.54141E-13,3.48391E-12,0.00000000806602,0.00000000806602,0.00000000806602,28.835903,1.732066,0.00000318054
fs_183_4,1069,183,183,0,r,1,0,5.84153,2,72,903,166,84.471,1060,9,99.158,1069,0,100,3.253312,3.434656,3.819904,3.795776,3.479744,3.455872,3.587328,0.947202,0.851674,0.857088,0.934929,0.941387,0.90689,0,0.0000000158403,9.95888E-15,2.59167E-12,0.0000000158403,0.0000000158403,0.0000000158403,3.735616,0.87089,0.00000590419
ex40,458012,7740,7740,0,r,1,0,59.174677,6,89,457076,936,99.796,141942,316070,30.991,3314,454698,0.724,201.015457,229.878784,236.170212,226.727203,203.58551,200.458466,203.694336,0.874441,0.851147,0.886596,0.987376,1.002779,0.986849,0,0.0000000479778,0.0000000376863,3.2833E-10,7.89971E-11,7.89971E-11,7.89971E-11,112.392029,1.788521,0.0000095629
t2d_q4_A_40,87025,9801,9801,0,r,1,0,8.879196,4,9,369,86656,0.424,38536,48489,44.282,40062,46963,46.035,89.148514,89.730972,92.561218,100.356483,92.582657,90.587135,94.491325,0.993509,0.96313,0.888318,0.962907,0.984119,0.943457,0,0.0000000463206,4.31409E-13,2.27704E-10,6.15835E-10,6.15835E-10,6.15835E-10,46.593922,1.913308,0.00000797585
LF10000_E,99982,19998,19998,1,r,1,0,4.9996,3,5,0,99982,0,69990,29992,70.003,49994,49988,50.003,81.145821,86.670784,84.223358,103.803299,84.711746,83.596291,104.732445,0.936253,0.96346,0.781727,0.957905,0.970687,0.774792,0,0.0000000406172,0,1.64896E-13,1.16308E-13,1.16308E-13,1.16308E-13,47.48893,1.708731,0.0000066904
t2dal_bci_B,124,4257,1,0,r,1,4133,0.029128,0,1,124,0,100,0,124,0,124,0,100,3.61872,3.722496,3.840672,3.803328,2.266592,2.207232,3.812128,0.972122,0.94221,0.951461,1.596547,1.639483,0.949265,0,0.000000028337,0.000000028337,0,0.000000028337,0.000000028337,0.000000028337,4.138272,0.874452,0.00000340913
bcsstk20,3135,485,485,1,r,1,0,6.463918,2,11,10,3125,0.319,2608,527,83.19,1967,1168,62.743,4.025504,4.522336,5.00528,4.82032,4.722048,4.46032,5.298336,0.890138,0.804252,0.835111,0.852491,0.902515,0.759768,0,0.0000000297909,3.06243E-16,6.45171E-11,6.79168E-10,6.79168E-10,6.79168E-10,2.919328,1.378915,0.0000075174
t2dah_a,176117,11445,11445,1,r,1,0,15.388117,8,21,170590,5527,96.862,149559,26558,84.92,138152,37965,78.443,121.353378,138.173859,144.852325,142.796097,138.480545,134.253632,138.38269,0.878266,0.837773,0.849837,0.876321,0.903911,0.87694,0,0.0000000327642,0.00000000270878,5.85327E-11,4.53616E-11,4.53616E-11,4.53616E-11,66.562721,1.823143,0.00000848552
case9_b2_04,14453,14454,1,0,r,1,1,0.999931,0,1,14425,28,99.806,14435,18,99.875,14453,0,100,10.365952,10.949344,12.791808,11.706304,11.408736,11.42752,11.654304,0.946719,0.810359,0.885502,0.908598,0.907104,0.889453,0,0.00000000538089,4.57306E-14,2.28067E-13,0.00000000538089,0.00000000538089,0.00000000538089,9.62368,1.07713,0.00000116013
viscoplastic1_C_2,61166,4326,4326,0,r,1,0,14.139159,7,37,60512,654,98.931,15642,45524,25.573,0,61166,0,39.29184,43.498753,45.785919,48.774815,38.947105,39.084736,40.324898,0.903287,0.858164,0.805576,1.008851,1.005299,0.974382,0,0.0000000461622,0.0000000379866,4.18548E-10,0,0,0,22.482752,1.747644,0.0000085623
LFAT5000_E,79966,19994,19994,1,r,1,0,3.9995,2,5,0,79966,0,64974,14992,81.252,54978,24988,68.752,53.770561,51.760063,54.4688,64.91584,61.059902,59.597729,76.170212,1.038843,0.987181,0.828312,0.88062,0.902225,0.705926,0,0.0000000543325,0,3.30109E-11,3.30101E-11,3.30101E-11,3.30101E-11,28.94928,1.857406,0.00000678546
S80PI_n1_E,4028,4028,4028,1,r,1,0,1,1,1,4028,0,100,2400,1628,59.583,4028,0,100,4.317056,4.75008,5.519712,5.358272,4.824128,4.785504,4.810368,0.908839,0.782116,0.805681,0.894888,0.902111,0.897448,0,0.0000000234125,0.0000000234125,1.31517E-10,0.0000000234125,0.0000000234125,0.0000000234125,4.698688,0.918779,0.00000316033
xingo_afonso_itaipu,48735,13250,13250,0,r,1,0,3.678113,1,32,6878,41857,14.113,48731,4,99.992,48735,0,100,25.294975,30.629984,32.217537,31.902945,30.660641,30.670656,31.44256,0.825824,0.785131,0.792873,0.824998,0.824729,0.804482,0,0.0000000545926,1.27025E-26,5.90981E-23,0.0000000545926,0.0000000545926,0.0000000545926,18.718016,1.351371,0.0000037123
c-41,101745,9769,9769,1,r,1,0,10.415089,2,939,63146,38599,62.063,48480,53265,47.649,8258,93487,8.116,96.996254,100.333534,117.238914,115.184067,100.177597,97.449341,104.099236,0.966738,0.827338,0.842098,0.968243,0.995351,0.931767,0,0.0000000514364,4.23128E-11,1.94043E-11,1.72842E-11,1.72842E-11,1.72842E-11,48.56176,1.997379,0.0000055091
hydr1c_A_08,23010,5308,5308,0,r,1,0,4.334966,1,14,7279,15731,31.634,21303,1707,92.581,20820,2190,90.482,21.801952,24.922239,26.735519,25.664448,24.093311,24.02496,25.699104,0.874799,0.815468,0.8495,0.904896,0.907471,0.848355,0,0.0000000375755,8.79881E-14,7.20111E-11,0.00000000229123,0.00000000229123,0.00000000229123,15.159328,1.438187,0.00000736928
bips07_1693,49044,13275,13275,0,r,1,0,3.694463,1,30,6879,42165,14.026,49040,4,99.992,49044,0,100,25.435425,30.915487,31.302879,32.152191,30.883841,30.876192,31.701792,0.822741,0.812559,0.791095,0.823584,0.823788,0.802334,0,0.0000000176252,1.01992E-26,4.42689E-23,0.0000000176252,0.0000000176252,0.0000000176252,18.891264,1.346412,0.00000309706
t2d_q4_A_07,87025,9801,9801,0,r,1,0,8.879196,4,9,65269,21756,75,0,87025,0,0,87025,0,89.122398,89.618851,107.354561,92.511902,90.055168,88.679108,92.88739,0.99446,0.830169,0.963361,0.989642,1.004999,0.959467,0,0.000000044027,0.0000000101093,0,0,0,0,46.530239,1.915365,0.00000796589
k3plates,378927,11107,11107,0,r,1,0,34.116053,15,58,274,378653,0.072,247606,131321,65.344,152748,226179,40.311,250.666306,277.780121,259.744904,279.76828,263.089569,259.8255,265.073914,0.902391,0.965048,0.895978,0.952779,0.964749,0.945647,0,0.000000043616,1.69737E-14,1.00793E-10,3.73266E-11,3.73266E-11,3.73266E-11,135.128357,1.855024,0.0000087415
hydr1c_A_43,19510,5308,5308,0,r,1,0,3.675584,1,12,7318,12192,37.509,18226,1284,93.419,18082,1428,92.681,12.043456,14.968832,16.975489,15.879456,14.46912,14.413728,15.878976,0.804569,0.709462,0.75843,0.832356,0.835555,0.758453,0,0.000000042736,1.15172E-13,6.50486E-11,3.25828E-10,3.25828E-10,3.25828E-10,9.62768,1.25092,0.00000696178
lpi_chemcom,1590,288,744,0,r,1,0,5.520833,3,11,288,1302,18.113,0,1590,0,0,1590,0,2.997152,3.282752,3.27344,3.236576,3.185952,3.137952,3.1976,0.913,0.915597,0.926026,0.94074,0.95513,0.937313,0,0.0000000292445,0.0000000107934,0,0,0,0,3.281024,0.913481,0.00000693643
large_A_30,20752,4301,8632,0,r,1,0,4.824924,2,21,8481,12271,40.868,18224,2528,87.818,13560,7192,65.343,17.738943,20.060801,22.22224,22.711872,18.884289,18.75152,21.224577,0.884259,0.798252,0.781043,0.939349,0.946,0.835774,0,0.0000000518215,2.96384E-11,1.36166E-10,0.0000000206257,0.0000000206257,0.0000000206257,12.666784,1.40043,0.00000700183
t2d_q9_A_33,87025,9801,9801,0,r,1,0,8.879196,4,9,2565,84460,2.947,24630,62395,28.302,25239,61786,29.002,89.127647,89.658051,93.550751,98.211296,92.419838,90.379875,94.310173,0.994084,0.95272,0.907509,0.964378,0.986145,0.945048,0,0.0000000518915,1.99879E-11,3.51824E-10,9.21317E-10,9.21317E-10,9.21317E-10,45.966846,1.938955,0.00000774829
scsd8-2r_A_07,23890,1090,7630,0,r,1,0,21.917431,10,24,17360,6530,72.666,0,23890,0,0,23890,0,22.650496,24.608671,28.280832,23.577568,22.869087,22.761791,23.271105,0.920427,0.800913,0.96068,0.990442,0.99511,0.973331,0,0.0000000361018,0.0000000327183,0,0,0,0,12.400992,1.826507,0.00000898583
human_gene1,24669643,22283,22283,1,r,1,0,1107.106,1,7939,24647360,22283,99.91,0,24669643,0,393,24669250,0.002,5515.575195,3844.717529,3888.990723,5495.13623,5515.097168,5426.859863,5511.84668,1.434585,1.418254,1.003719,1.000087,1.016347,1.000676,0,0.0000000327242,0.0000000301106,0,0.00000000153279,0.00000000153279,0.00000000153279,3800.72583,1.45119,0.0000378339
raefsky6,137845,3402,3402,0,r,1,0,40.518812,1,165,115692,22153,83.929,136458,1387,98.994,130317,7528,94.539,82.950943,94.081596,100.984612,97.278397,94.349693,93.640739,95.171936,0.881691,0.821422,0.852717,0.879186,0.885842,0.87159,0,0.0000000565586,1.07338E-14,2.82739E-12,0.0000000565467,0.0000000565467,0.0000000565467,45.4776,1.823996,0.00000408776
rail_20209_E,139473,20209,20209,1,r,1,0,6.901529,4,11,139473,0,100,7252,132221,5.2,7712,131761,5.529,101.16256,118.160637,124.172287,105.361404,104.838432,101.430527,105.664833,0.856144,0.814695,0.960148,0.964938,0.997358,0.957391,0,0.0000000459462,0.0000000459462,3.80735E-10,9.80268E-10,9.80268E-10,9.80268E-10,60.854015,1.662381,0.00000802371
t2d_q9_A_32,87025,9801,9801,0,r,1,0,8.879196,4,9,2574,84451,2.958,29319,57706,33.69,30432,56593,34.969,89.196899,89.694717,93.614365,99.271484,92.60656,90.616226,94.409058,0.99445,0.952812,0.898515,0.963181,0.984337,0.944792,0,0.0000000454269,1.2589E-11,2.85582E-10,7.59703E-10,7.59703E-10,7.59703E-10,45.985855,1.939659,0.00000797537
ex31,115357,3909,3909,0,r,1,0,29.510617,9,75,115039,318,99.724,59641,55716,51.701,0,115357,0,88.151039,93.779968,98.189026,100.882462,89.330818,88.159645,89.913918,0.939977,0.897769,0.873799,0.986793,0.999902,0.980394,0,0.0000000665502,0.0000000189702,1.421E-10,0,0,0,44.227295,1.993137,0.00000794778
c-40,81501,9941,9941,1,r,1,0,8.198471,2,1619,36200,45301,44.417,17166,64335,21.062,6848,74653,8.402,92.781731,95.103683,115.548065,114.873055,96.631294,94.318748,101.193634,0.975585,0.802971,0.807689,0.960162,0.983704,0.916873,0,0.0000000429604,6.38816E-10,8.86976E-11,2.83974E-10,2.83974E-10,2.83974E-10,48.203648,1.924787,0.00000811139
mixtank_new,1995041,29957,29957,0,r,1,0,66.596822,11,154,1992784,2257,99.887,1103575,891466,55.316,118406,1876635,5.935,846.971985,956.591125,976.194946,910.982666,859.908813,847.237793,861.055786,0.885406,0.867626,0.929734,0.984956,0.999686,0.983644,0,0.0000000417691,0.000000010694,8.80207E-11,4.84863E-12,4.84866E-12,4.84863E-12,471.313507,1.797046,0.00000871993
S80PI_n_E,4063,4182,4182,1,r,1,119,0.971545,0,1,4063,0,100,2409,1654,59.291,4063,0,100,4.34048,4.8112,4.869632,5.453696,4.833824,4.794752,4.833888,0.902162,0.891336,0.795879,0.897939,0.905256,0.897927,0,0.0000000615889,0.0000000615889,1.10052E-10,0.0000000615889,0.0000000615889,0.0000000615889,4.673184,0.928806,0.00000648046
hydr1c_A_26,19510,5308,5308,0,r,1,0,3.675584,1,12,7323,12187,37.535,18225,1285,93.414,18082,1428,92.681,12.048288,14.970496,16.315329,15.884352,14.47312,14.411136,15.891488,0.804802,0.738464,0.7585,0.83246,0.83604,0.75816,0,0.0000000427949,1.11808E-13,6.49475E-11,3.65328E-10,3.65328E-10,3.65328E-10,9.611808,1.253488,0.00000739775
delf_A_16,14951,3161,6629,0,r,1,0,4.729832,2,21,5846,9105,39.101,12732,2219,85.158,9124,5827,61.026,13.676576,15.43856,17.096928,17.480831,14.458368,14.453056,16.51104,0.885871,0.799943,0.782376,0.945928,0.946276,0.828329,0,0.0000000377216,2.50003E-11,1.00456E-10,0.0000000028206,0.0000000028206,0.0000000028206,10.119968,1.351445,0.00000906878
case9_b2_11,14134,14454,1,0,r,1,320,0.977861,0,1,14125,9,99.936,14128,6,99.958,14134,0,100,10.378304,10.961824,11.756032,11.741312,11.028,11.27792,11.686016,0.946768,0.882807,0.883913,0.941087,0.920232,0.888096,0,0.0000000618941,1.02784E-15,2.01443E-13,0.0000000618941,0.0000000618941,0.0000000618941,9.616352,1.079235,0.00000383483
lp_share1b,1179,117,253,0,r,1,0,10.076923,1,37,5,1174,0.424,516,663,43.766,405,774,34.351,3.218848,3.28032,3.294752,3.515072,3.279232,3.273568,3.360096,0.98126,0.976962,0.915727,0.981586,0.983284,0.957963,0,0.0000000270985,1.3024E-11,3.70415E-10,2.5752E-10,2.5752E-10,2.5752E-10,3.321696,0.969037,0.00000854923
ACTIVSg10K,137736,20000,20000,0,r,1,0,6.8868,4,36,9853,127883,7.154,52573,85163,38.169,13858,123878,10.061,93.848381,107.345917,106.285568,109.362816,97.762398,94.7752,104.031357,0.874261,0.882983,0.858138,0.959964,0.990221,0.902116,0,0.0000000395314,7.67694E-12,4.02486E-10,2.09898E-10,2.09898E-10,2.09898E-10,57.716576,1.626021,0.00000690645
scagr7-2b,35885,9743,13847,0,r,1,0,3.683157,1,10,8711,27174,24.275,0,35885,0,1,35884,0.003,20.450527,25.89344,33.655231,21.529888,20.450336,20.348961,21.14352,0.789796,0.607648,0.949867,1.000009,1.004991,0.967224,0,0.000000028903,0.00000000441572,0,2.26079E-11,2.26079E-11,2.26079E-11,14.937024,1.369117,0.00000783075
case9_b1_10,13936,14454,1,0,r,1,518,0.964162,0,1,13922,14,99.9,13923,13,99.907,13936,0,100,10.371552,10.960064,11.798656,11.767712,10.950112,11.02848,11.675136,0.946304,0.879045,0.881357,0.947164,0.940434,0.888345,0,0.0000000282796,3.45017E-13,9.19335E-13,0.0000000282796,0.0000000282796,0.0000000282796,9.638976,1.076001,0.00000413952
photogrammetry2,37056,4472,936,0,r,1,0,8.286225,4,9,37056,0,100,3317,33739,8.951,0,37056,0,38.732834,42.10688,44.571392,45.102558,38.290848,38.403969,39.619678,0.919869,0.869007,0.858772,1.011543,1.008563,0.977616,0,0.0000000417794,0.0000000417794,5.77275E-10,0,0,0,21.63632,1.790177,0.00000773924
scsd8-2r_A_06,14210,650,4550,0,r,1,0,21.861538,10,24,10320,3890,72.625,0,14210,0,0,14210,0,14.44896,15.5376,17.522655,14.95552,14.49664,14.484,14.920448,0.929935,0.824587,0.966129,0.996711,0.997581,0.9684,0,0.0000000374273,0.0000000321649,0,0,0,0,8.724352,1.656164,0.00000929592
p05,59045,5090,9590,0,r,1,0,11.600196,1,501,40500,18545,68.592,0,59045,0,14,59031,0.024,47.932449,53.965984,51.968128,49.770687,47.331135,47.606689,48.903168,0.888197,0.922343,0.963066,1.012704,1.006843,0.98015,0,0.0000000327658,0.00000000904092,0,6.98469E-10,6.98469E-10,6.98469E-10,28.734337,1.668124,0.00000806463
large_A_23,19904,4312,8634,0,r,1,0,4.615955,2,21,7271,12633,36.53,17210,2694,86.465,12967,6937,65.148,17.717825,20.050688,23.279327,22.784737,18.956545,18.905632,21.215328,0.883652,0.761097,0.777618,0.934655,0.937172,0.835143,0,0.0000000471327,1.82407E-11,1.26528E-10,0.0000000210597,0.0000000210597,0.0000000210597,11.939872,1.483921,0.000008679
delf_A_24,15656,3207,6666,0,r,1,0,4.881821,2,21,6337,9319,40.476,13474,2182,86.063,9676,5980,61.804,13.881056,15.552064,18.260992,17.596449,14.512704,14.488,16.739008,0.892554,0.760148,0.788856,0.956476,0.958107,0.829264,0,0.0000000494479,2.42804E-11,1.12491E-10,0.00000000292554,0.00000000292554,0.00000000292554,10.14048,1.368876,0.0000078493
large_A_26,20543,4297,8632,0,r,1,0,4.780777,2,21,8261,12282,40.213,17941,2602,87.334,13392,7151,65.19,17.734016,20.033728,22.299328,22.739073,18.858335,18.755808,21.249792,0.885208,0.795271,0.779892,0.940381,0.945521,0.83455,0,0.0000000406603,2.85485E-11,1.34496E-10,0.0000000207208,0.0000000207208,0.0000000207208,12.657248,1.401096,0.0000076355
mbeaflw,49920,496,496,0,r,1,48,100.645161,0,484,25842,24078,51.767,30047,19873,60.19,215,49705,0.431,15.439616,19.451136,19.413824,19.715776,15.130816,15.071776,15.9008,0.793764,0.79529,0.78311,1.020409,1.024406,0.970996,0,0.0000000497124,4.16606E-11,8.20601E-11,0.00000000196048,0.00000000196048,0.00000000196048,9.820896,1.572119,0.00000654953
LF10000,99982,19998,19998,1,r,1,0,4.9996,3,5,0,99982,0,69990,29992,70.003,49994,49988,50.003,81.229698,86.552002,83.380157,103.804703,84.668449,83.684448,104.867996,0.938507,0.974209,0.782524,0.959386,0.970667,0.77459,0,0.0000000432927,0,1.76957E-13,1.26001E-13,1.26001E-13,1.26001E-13,47.290752,1.717666,0.00000640219
hydr1c_A_11,23563,5308,5308,0,r,1,0,4.439148,1,14,21219,2344,90.052,21335,2228,90.544,21559,2004,91.495,22.989056,27.06352,26.653601,26.533504,26.404768,26.313889,27.784767,0.849448,0.862512,0.866416,0.87064,0.873647,0.827398,0,0.0000000511389,1.57243E-11,1.71613E-11,3.07565E-10,3.07565E-10,3.07565E-10,15.674784,1.466627,0.00000120128
nemeth26,1511760,9506,9506,1,r,1,0,159.03219,62,193,1511760,0,100,1171506,340254,77.493,0,1511760,0,384.684723,430.282135,434.753021,457.444733,379.716705,378.937073,375.170105,0.894029,0.884835,0.840943,1.013083,1.015168,1.025361,0,0.0000000447424,0.0000000447424,1.5872E-10,0,0,0,243.220825,1.581627,0.000010395
delf_A_04,14343,3065,6534,0,r,1,0,4.679608,2,21,5738,8605,40.006,12316,2027,85.868,8915,5428,62.156,13.37152,14.992352,17.479679,17.015871,14.021024,13.975552,16.130465,0.891889,0.764975,0.785826,0.953676,0.956779,0.828961,0,0.000000049427,2.83726E-11,1.02642E-10,0.00000000158682,0.00000000158682,0.00000000158682,8.985856,1.488063,0.00000778059
msc04515,97707,4515,4515,1,r,1,0,21.640532,6,27,15570,82137,15.935,48460,49247,49.597,714,96993,0.731,93.998398,94.90464,110.229118,113.793732,93.479073,93.350525,95.058334,0.990451,0.852755,0.826042,1.005556,1.00694,0.98885,0,0.0000000407281,1.00696E-14,3.65232E-10,9.15879E-11,9.15879E-11,9.15879E-11,46.623455,2.016118,0.00000847924
poli3,37849,16955,16955,0,r,1,0,2.232321,1,336,11650,26199,30.78,1812,36037,4.787,13071,24778,34.535,35.261761,44.903072,45.720127,40.075649,36.147999,35.644066,45.384094,0.785286,0.771252,0.87988,0.975483,0.989274,0.776963,0,0.0000000288171,0.0000000130364,3.92657E-10,0.0000000176068,0.0000000176068,0.0000000176068,25.38784,1.388923,0.00000839966
hydr1c_A_55,19503,5308,5308,0,r,1,0,3.674265,1,12,7306,12197,37.461,18218,1285,93.411,18075,1428,92.678,12.066432,14.975104,16.30912,15.87328,14.479616,14.409568,15.892544,0.805766,0.739858,0.760173,0.833339,0.83739,0.759251,0,0.0000000354228,9.65944E-14,5.40047E-11,2.57808E-10,2.57808E-10,2.57808E-10,9.586592,1.258678,0.00000632302
stat96v1,588798,5995,197472,0,r,1,0,98.214846,95,666,435544,153254,73.972,15984,572814,2.715,0,588798,0,196.931778,207.010178,216.12262,206.415878,197.579239,198.257797,196.362335,0.951314,0.911204,0.954053,0.996723,0.993312,1.0029,0,0.0000000402088,0.0000000240285,6.34633E-10,0,0,0,117.87149,1.670733,0.0000102066
hydr1c_A_09,23000,5308,5308,0,r,1,0,4.333082,1,14,7236,15764,31.461,21294,1706,92.583,20810,2190,90.478,21.796608,24.926464,26.700129,25.676352,24.088257,24.035681,25.697311,0.874436,0.816348,0.848898,0.904864,0.906844,0.848206,0,0.0000000419207,9.63662E-14,8.08447E-11,2.78642E-10,2.78642E-10,2.78642E-10,15.181888,1.435698,0.00000696528
fv1,85264,9604,9604,1,r,1,0,8.877968,4,9,75660,9604,88.736,0,85264,0,0,85264,0,87.525696,87.929604,103.053246,90.818016,88.405472,86.99987,91.244125,0.995406,0.849325,0.963748,0.990048,1.006044,0.959247,0,0.000000045425,0.0000000080361,0,0,0,0,45.114594,1.940075,0.00000814665
hydr1c_A_47,19473,5308,5308,0,r,1,0,3.668613,1,12,7266,12207,37.313,18189,1284,93.406,18045,1428,92.667,12.040352,14.969152,16.891968,15.887936,14.459488,14.412992,15.877856,0.804344,0.712786,0.75783,0.832696,0.835382,0.758311,0,0.0000000447834,1.13211E-13,6.90294E-11,3.50937E-10,3.50937E-10,3.50937E-10,9.589632,1.255559,0.0000053808
hydr1c_A_66,19510,5308,5308,0,r,1,0,3.675584,1,12,7306,12204,37.447,18228,1282,93.429,18082,1428,92.681,12.058784,14.967712,16.313343,15.886752,14.464288,14.398304,15.88032,0.805653,0.739198,0.759046,0.833694,0.837514,0.759354,0,0.0000000437745,1.22223E-13,7.40589E-11,3.11333E-10,3.11333E-10,3.11333E-10,9.595712,1.256685,0.00000902318
lns_131,536,131,131,0,r,1,0,4.091603,1,11,356,180,66.418,503,33,93.843,492,44,91.791,2.509152,2.733024,2.801632,2.7352,2.78048,2.757568,2.755392,0.918086,0.895604,0.917356,0.902417,0.909915,0.910633,0,0.0000000476538,1.80012E-17,7.97907E-11,4.50568E-10,4.50568E-10,4.50568E-10,3.234112,0.77584,0.00000786219
steam1,3762,240,240,0,r,1,0,15.675,9,21,1959,1803,52.073,3588,174,95.375,3762,0,100,4.327008,4.824672,5.822656,5.147936,4.85024,4.81872,4.831872,0.89685,0.743133,0.840533,0.892122,0.897958,0.895514,0,0.0000000399771,1.43423E-14,3.58116E-11,0.0000000399771,0.0000000399771,0.0000000399771,2.941728,1.470907,0.00000723397
deter7,37131,6375,18153,0,r,1,0,5.824471,2,30,13176,23955,35.485,0,37131,0,0,37131,0,30.136225,37.101856,37.276833,31.657185,30.385759,30.283648,31.257025,0.812257,0.808444,0.951955,0.991788,0.995132,0.964142,0,0.0000000361229,0.0000000244016,0,0,0,0,19.969055,1.509146,0.00000758456
lowThrust_10,222005,18260,18260,1,r,1,0,12.157996,2,7100,164232,57773,73.977,133665,88340,60.208,30426,191579,13.705,172.384354,193.559357,208.475388,208.849472,179.176193,174.705734,186.994873,0.890602,0.826881,0.8254,0.962094,0.986713,0.921867,0,0.0000000430392,0.00000000445595,2.55994E-10,0.00000000339933,0.00000000339933,0.00000000339933,95.527328,1.804555,0.00000820026
g7jac080sc,293976,23670,23670,0,r,1,0,12.419772,2,153,155889,138087,53.028,57257,236719,19.477,15407,278569,5.241,233.110596,261.014313,294.834412,274.522369,238.876221,235.474747,244.353317,0.893095,0.790649,0.84915,0.975864,0.98996,0.95399,0,0.0000000513141,1.23703E-10,1.75469E-11,4.15118E-11,4.15118E-11,4.15118E-11,129.370331,1.801886,0.0000045963
s1rmt3m1,219521,5489,5489,1,r,1,0,39.992895,7,42,21708,197813,9.889,173663,45858,79.11,108829,110692,49.576,135.703323,153.488541,150.812988,146.11319,144.207642,141.720901,145.611069,0.884127,0.899812,0.928755,0.941027,0.957539,0.931957,0,0.0000000408913,4.13162E-14,2.18217E-10,1.47705E-10,1.47705E-10,1.47705E-10,78.930077,1.719285,0.00000874967
case9_b2_06,14453,14454,1,0,r,1,1,0.999931,0,1,14425,28,99.806,14439,14,99.903,14453,0,100,10.368544,10.948448,12.5152,11.73024,11.41104,11.42736,11.672544,0.947033,0.828476,0.883916,0.908641,0.907344,0.888285,0,0.000000012653,8.71398E-14,5.22638E-13,0.000000012653,0.000000012653,0.000000012653,8.903808,1.164507,0.00000498769
exdata_1,2269501,6001,6001,1,r,1,0,378.187135,3,1503,2251475,18026,99.206,2268964,537,99.976,2269501,0,100,492.681549,406.831238,421.173889,412.947235,409.022522,407.080841,410.281036,1.211022,1.169782,1.193086,1.204534,1.210279,1.200839,0,0.0000000447551,4.64754E-15,2.48125E-13,0.0000000447551,0.0000000447551,0.0000000447551,308.915802,1.594873,0.00000394374
TSOPF_RS_b39_c7_b,7053,14098,19,0,r,1,7059,0.500284,0,2,7047,6,99.915,3500,3553,49.624,7025,28,99.603,8.848,9.019744,10.615584,11.368096,6.887584,6.852672,9.846368,0.980959,0.833492,0.778318,1.28463,1.291175,0.898605,0,0.000000043358,0.000000018209,1.60661E-10,0.0000000156755,0.0000000156755,0.0000000156755,8.224544,1.075804,0.00000529308
nemeth13,474472,9506,9506,1,r,1,0,49.912897,21,59,474472,0,100,293530,180942,61.865,0,474472,0,246.737946,284.34906,290.885132,255.842361,250.096924,246.290649,250.321564,0.867729,0.848232,0.964414,0.986569,1.001816,0.985684,0,0.0000000443883,0.0000000443883,2.84794E-10,0,0,0,142.305191,1.733865,0.00000926299
large_A_12,19617,4236,8576,0,r,1,0,4.63102,2,21,7363,12254,37.534,16951,2666,86.41,12823,6794,65.367,17.482592,19.648449,21.763617,22.428352,18.619137,18.574207,21.128256,0.88977,0.803294,0.779486,0.938958,0.941229,0.827451,0,0.0000000402036,2.3263E-11,1.3123E-10,0.0000000185257,0.0000000185257,0.0000000185257,12.600288,1.387476,0.0000083658
t2d_q4_A_16,87025,9801,9801,0,r,1,0,8.879196,4,9,31261,55764,35.922,1901,85124,2.184,907,86118,1.042,89.184639,89.728065,100.74118,93.369057,90.185501,88.832161,93.076675,0.993944,0.885285,0.955184,0.988902,1.003968,0.958185,0,0.0000000450675,0.0000000018825,2.45315E-10,6.26414E-10,6.26414E-10,6.26414E-10,46.533504,1.916568,0.00000799374
lhr17c,381975,17576,17576,0,r,1,0,21.732761,1,63,347970,34005,91.098,157777,224198,41.306,15011,366964,3.93,385.283264,433.196442,468.985596,437.402435,392.31601,389.490173,396.694916,0.889396,0.821525,0.880844,0.982074,0.989199,0.971233,0,0.0000000406237,0.0000000309968,6.84587E-10,0.00000000581006,0.00000000581006,0.00000000581006,202.559097,1.902078,0.0000081445
scrs8-2r,58439,14364,27691,0,r,1,0,4.068435,1,15,16395,42044,28.055,6150,52289,10.524,12,58427,0.021,60.194592,60.748737,73.496094,65.723167,60.45792,59.744801,61.801376,0.990878,0.819018,0.915881,0.995644,1.007529,0.974001,0,0.000000037582,0.00000000159814,2.51925E-10,2.60076E-11,2.60076E-11,2.60076E-11,35.7048,1.685896,0.00000716318
lp_ship04l,6380,402,2166,0,r,1,42,15.870647,0,84,28,6352,0.439,28,6352,0.439,40,6340,0.627,6.071904,6.801952,6.323712,6.293728,5.860672,5.84976,6.274976,0.892671,0.96018,0.964755,1.036042,1.037975,0.967638,0,0.0000000294508,3.87461E-11,3.87461E-11,7.36398E-10,7.36398E-10,7.36398E-10,4.793248,1.266762,0.00000894256
M80PI_n1_E,4028,4028,4028,1,r,1,0,1,1,1,4028,0,100,2400,1628,59.583,4028,0,100,4.312544,4.722432,4.825728,5.365536,4.81936,4.773376,4.814912,0.913204,0.893657,0.803749,0.894838,0.903458,0.895664,0,0.0000000493309,0.0000000493309,3.31544E-10,0.0000000493309,0.0000000493309,0.0000000493309,4.69312,0.918908,0.00000383783
large_A_27,20431,4284,8624,0,r,1,0,4.769141,2,21,8098,12333,39.636,17836,2595,87.299,13329,7102,65.239,17.623297,19.978848,22.188128,22.617344,18.762783,18.645569,21.199104,0.882098,0.794267,0.779194,0.939269,0.945173,0.831323,0,0.0000000384197,2.59797E-11,1.27895E-10,0.0000000198937,0.0000000198937,0.0000000198937,12.655072,1.392588,0.00000802929
Kemelmacher,100875,28452,9693,0,r,1,0,3.545445,1,7,0,100875,0,2355,98520,2.335,1303,99572,1.292,66.675613,76.162369,70.468254,69.555069,69.086884,66.475166,68.935516,0.87544,0.946179,0.958602,0.965098,1.003015,0.967217,0,0.0000000452484,0,3.75317E-10,1.23013E-10,1.23013E-10,1.23013E-10,40.758976,1.635851,0.00000672209
freeFlyingRobot_16,44006,6078,6078,1,r,1,0,7.240211,1,1217,19569,24437,44.469,42531,1475,96.648,43006,1000,97.728,34.261215,41.638561,43.223618,43.425632,40.986401,41.450817,42.419231,0.822824,0.79265,0.788963,0.835917,0.826551,0.807681,0,0.0000000753332,3.56524E-16,8.05919E-13,0.0000000753247,0.0000000753247,0.0000000753247,23.545216,1.455124,0.000000269675
plat362,5786,362,362,1,r,1,0,15.983425,4,19,5786,0,100,2522,3264,43.588,0,5786,0,5.768128,6.479712,6.768192,5.849248,5.829536,5.779136,5.831584,0.890183,0.852241,0.986132,0.989466,0.998095,0.989119,0,0.0000000470524,0.0000000470524,5.12729E-10,0,0,0,4.711552,1.224252,0.00000892853
scsd8-2b_A_2,7170,330,2310,0,r,1,0,21.727273,10,24,5200,1970,72.524,0,7170,0,0,7170,0,8.381312,8.928352,9.946304,8.786112,8.429472,8.414912,8.521888,0.93873,0.842656,0.953927,0.994287,0.996007,0.983504,0,0.0000000372988,0.0000000327906,0,0,0,0,5.80256,1.444416,0.0000089378
bcsstm22,138,138,138,1,r,1,0,1,1,1,138,0,100,8,130,5.797,138,0,100,2.125376,2.186208,3.075872,2.290048,2.275712,2.21808,2.243744,0.972175,0.690983,0.928092,0.933939,0.958205,0.947245,0,0.0000000423481,0.0000000423481,4.58487E-10,0.0000000423481,0.0000000423481,0.0000000423481,2.98576,0.711838,0.00000302052
ABACUS_shell_hd_E,19216,23412,23412,0,r,1,21808,0.820776,0,12,8,19208,0.042,2184,17032,11.366,592,18624,3.081,18.309889,23.085728,19.570496,21.975168,6.166912,5.96496,19.954048,0.793126,0.935586,0.833208,2.969053,3.069574,0.917603,0,0.0000000422719,7.31178E-16,4.41914E-10,2.54972E-10,2.54972E-10,2.54972E-10,14.475136,1.26492,0.00000935256
cz5108,51412,5108,5108,0,r,1,0,10.064996,1,27,354,51058,0.689,21601,29811,42.015,1,51411,0.002,47.760674,54.462238,50.759682,52.19075,47.468769,47.509632,48.897247,0.87695,0.940918,0.915118,1.006149,1.005284,0.976756,0,0.000000037017,4.26305E-14,5.44132E-10,9.02419E-15,9.02419E-15,9.02419E-15,27.362593,1.745473,0.00000776304
breasttissue_10NN,1412,106,106,1,r,1,0,13.320755,10,27,1410,2,99.858,0,1412,0,0,1412,0,2.914752,3.278464,3.285408,3.111232,3.121088,2.962624,3.138496,0.88906,0.887181,0.936848,0.93389,0.983841,0.92871,0,0.0000000341787,0.0000000322033,0,0,0,0,3.301248,0.882924,0.00000719703
memplus,126150,17758,17758,0,r,1,0,7.103841,2,574,126146,4,99.997,88311,37839,70.005,26727,99423,21.187,85.072578,94.308289,96.188065,106.153793,85.952255,85.306557,98.849823,0.902069,0.88444,0.801409,0.989766,0.997257,0.860624,0,0.0000000411371,0.000000039372,7.33001E-11,0.0000000118617,0.0000000118617,0.0000000118617,53.698368,1.584267,0.00000907278
fs_183_3,1069,183,183,0,r,1,0,5.84153,2,72,901,168,84.284,1060,9,99.158,1069,0,100,3.255232,3.388,4.565472,3.792832,3.536096,3.438592,3.566176,0.960812,0.713011,0.858259,0.920572,0.946676,0.912807,0,0.0000000426688,1.79763E-14,4.20881E-11,0.0000000426688,0.0000000426688,0.0000000426688,2.792096,1.165874,0.00000293742
Zd_Jac2,1642833,22835,22835,0,r,1,0,71.943639,1,924,1519888,122945,92.516,1632578,10255,99.376,1621062,21771,98.675,625.881226,701.196167,709.185852,722.31311,709.24176,703.10675,711.672485,0.892591,0.882535,0.866496,0.882465,0.890165,0.879451,0,0.00000000648079,1.2534E-14,1.15054E-13,1.44403E-10,1.44403E-10,1.44403E-10,366.849274,1.706099,0.00000175545
t2d_q4_A_25,87025,9801,9801,0,r,1,0,8.879196,4,9,10951,76074,12.584,17613,69412,20.239,17775,69250,20.425,89.145569,89.675331,96.149246,96.935486,91.720673,90.017342,93.984734,0.994092,0.927158,0.919638,0.971924,0.990316,0.948511,0,0.0000000449142,2.26901E-10,4.12365E-10,0.00000000110556,0.00000000110556,0.00000000110556,46.287327,1.925917,0.00000788924
large_A_17,19809,4287,8618,0,r,1,0,4.620714,1,21,7351,12458,37.109,17147,2662,86.562,13026,6783,65.758,17.617567,19.904224,22.073536,22.539616,18.854208,18.695265,21.376225,0.885117,0.798131,0.781627,0.93441,0.942355,0.824166,0,0.00000004356,2.25495E-11,1.45425E-10,0.0000000207691,0.0000000207691,0.0000000207691,12.658368,1.391772,0.00000732424
large_A_04,19717,4200,8536,0,r,1,0,4.694524,2,21,7842,11875,39.773,17152,2565,86.991,13158,6559,66.734,17.346687,19.547359,21.700129,22.088415,18.5464,18.528193,21.059072,0.887418,0.799382,0.78533,0.935313,0.936232,0.823716,0,0.0000000434878,2.53036E-11,1.29825E-10,0.000000019709,0.000000019709,0.000000019709,12.349728,1.404621,0.00000859443
Hamrle2,22162,5952,5952,0,r,1,0,3.723454,2,5,8332,13830,37.596,8082,14080,36.468,96,22066,0.433,12.48656,14.43136,13.80192,12.91312,12.42816,12.431872,12.940704,0.865238,0.904697,0.966967,1.004699,1.004399,0.964906,0,0.0000000412257,5.83894E-10,2.13789E-10,3.37887E-11,3.37887E-11,3.37887E-11,9.626944,1.297043,0.00000709724
t2d_q9_A_22,87025,9801,9801,0,r,1,0,8.879196,4,9,11255,75770,12.933,31585,55440,36.294,33786,53239,38.823,89.196129,89.61869,96.621437,100.469757,92.566208,90.380127,94.553123,0.995285,0.923151,0.887791,0.963593,0.9869,0.943344,0,0.0000000530545,6.86055E-11,2.86809E-10,7.9373E-10,7.9373E-10,7.9373E-10,45.622337,1.955098,0.000007992
g7jac040sc,114671,11790,11790,0,r,1,0,9.726124,2,120,56949,57722,49.663,22230,92441,19.386,4560,110111,3.977,113.567711,124.684227,143.290619,135.161255,116.542847,114.609917,119.362686,0.910843,0.792569,0.840239,0.974472,0.990906,0.951451,0,0.0000000318744,2.05371E-10,5.06839E-11,1.44943E-10,1.44943E-10,1.44943E-10,61.98317,1.832235,0.00000458843
har_10NN,151736,10299,10299,1,r,1,0,14.733081,10,92,151736,0,100,0,151736,0,0,151736,0,104.444733,116.532928,120.798141,107.280609,107.415039,104.187775,107.00531,0.896268,0.864622,0.973566,0.972347,1.002466,0.976071,0,0.0000000454495,0.0000000454495,0,0,0,0,57.478752,1.817102,0.00000825622
hydr1c_A_51,23540,5308,5308,0,r,1,0,4.434815,1,14,17939,5601,76.206,21792,1748,92.574,21536,2004,91.487,22.974527,27.053663,28.194176,27.738016,26.373505,26.277664,27.759935,0.849221,0.814868,0.828269,0.871122,0.874299,0.827615,0,0.0000000472006,3.66224E-12,8.81521E-11,2.70207E-10,2.70207E-10,2.70207E-10,15.688608,1.464408,0.00000682445
FEM_3D_thermal1,430740,17880,17880,0,r,1,0,24.090604,12,27,428004,2736,99.365,237906,192834,55.232,324,430416,0.075,364.924957,384.656982,403.974518,441.228638,361.958405,360.850098,367.825317,0.948702,0.903337,0.827065,1.008196,1.011292,0.992115,0,0.0000000457303,0.00000003476,4.97444E-10,3.81512E-11,3.81512E-11,3.81512E-11,179.40329,2.034104,0.0000089462
ABACUS_shell_ld_E,19216,23412,23412,0,r,1,21808,0.820776,0,12,8,19208,0.042,2184,17032,11.366,592,18624,3.081,18.315392,23.066879,20.601761,21.998753,6.187392,5.995232,19.958336,0.794013,0.889021,0.832565,2.960115,3.054993,0.917681,0,0.0000000461389,8.30911E-16,5.21141E-10,2.57987E-10,2.57987E-10,2.57987E-10,13.90768,1.316926,0.00000963815
ex1,4352,216,216,0,r,1,0,20.148148,8,49,4352,0,100,2189,2163,50.299,154,4198,3.539,6.3448,6.92032,6.998944,7.305696,6.396224,6.387232,6.524768,0.916836,0.906537,0.868473,0.99196,0.993357,0.972418,0,0.0000000396707,0.0000000396707,3.65695E-10,3.71917E-11,3.71917E-11,3.71917E-11,4.841696,1.31045,0.00000724397
gams30a,1287,354,531,0,r,1,0,3.635593,1,60,240,1047,18.648,0,1287,0,1,1286,0.078,3.264384,3.811872,4.545888,3.285856,3.596608,3.300224,3.744992,0.856373,0.718096,0.993465,0.907629,0.98914,0.871666,0,0.000000029738,0.00000000276076,0,2.94414E-10,2.94414E-10,2.94414E-10,2.90112,1.125215,0.00000676937
lowThrust_4,160947,13562,13562,1,r,1,0,11.867497,2,5273,123179,37768,76.534,97197,63750,60.391,22531,138416,13.999,126.788574,141.805054,155.563751,155.70755,131.945953,128.685959,138.430145,0.894105,0.815026,0.814274,0.960913,0.985256,0.915903,0,0.0000000438745,0.00000000560064,1.99402E-10,0.00000000366172,0.00000000366172,0.00000000366172,70.574593,1.796519,0.00000850031
bcsstm05,153,153,153,1,r,1,0,1,1,1,153,0,100,0,153,0,153,0,100,2.160928,2.216352,3.019648,2.239904,2.288736,2.227232,2.258944,0.974993,0.715622,0.964741,0.944158,0.97023,0.95661,0,0.0000000416107,0.0000000416107,0,0.0000000416107,0.0000000416107,0.0000000416107,2.012512,1.073747,0.00000304837
t2dal_bci_Abottom,99,4257,4257,1,r,1,4158,0.023256,0,1,99,0,100,41,58,41.414,99,0,100,3.839264,4.073248,4.98176,4.292672,2.260032,2.221056,4.314816,0.942556,0.770664,0.894376,1.698765,1.728576,0.889786,0,0.0000000373512,0.0000000373512,3.88697E-10,0.0000000373512,0.0000000373512,0.0000000373512,4.52112,0.849184,0.00000338563
hydr1c_A_44,19480,5308,5308,0,r,1,0,3.669932,1,12,7281,12199,37.377,18196,1284,93.409,18052,1428,92.669,12.066976,14.980096,16.304031,15.907744,14.46624,14.418688,15.887104,0.805534,0.740122,0.75856,0.834147,0.836898,0.759545,0,0.0000000387754,1.24429E-13,6.64221E-11,3.88192E-10,3.88192E-10,3.88192E-10,9.595392,1.25758,0.00000778135
cavity23,138187,4562,4562,0,r,1,0,30.290881,1,62,124704,13483,90.243,64354,73833,46.57,21903,116284,15.85,103.6633,116.101692,121.057571,115.974686,106.594109,105.651901,108.221603,0.892866,0.856314,0.893844,0.972505,0.981178,0.95788,0,0.0000000439289,0.0000000084379,4.5986E-10,0.00000000104123,0.00000000104123,0.00000000104123,57.28093,1.809735,0.00000850549
LeGresley_4908,30482,4908,4908,0,r,1,0,6.210676,1,38,7901,22581,25.92,20889,9593,68.529,11988,18494,39.328,20.986368,24.109152,26.659296,25.599424,22.11952,22.093632,25.119776,0.870473,0.787206,0.819798,0.948771,0.949883,0.835452,0,0.0000000541691,7.2492E-12,2.17938E-10,1.69136E-10,1.69136E-10,1.69136E-10,14.424768,1.454884,0.0000116
t2d_q4_A_26,87025,9801,9801,0,r,1,0,8.879196,4,9,10951,76074,12.584,17537,69488,20.152,17667,69358,20.301,89.219872,89.637123,96.486366,96.91053,91.669632,90.049309,93.964958,0.995345,0.924689,0.920642,0.973276,0.990789,0.949502,0,0.0000000450633,2.69822E-10,4.7878E-10,0.0000000012619,0.0000000012619,0.0000000012619,46.267426,1.928352,0.00000818358
poli,8188,4008,4008,0,r,1,0,2.042914,1,63,3227,4961,39.411,161,8027,1.966,3142,5046,38.373,8.882784,10.330176,12.148352,9.703264,9.460288,9.39872,10.848576,0.859887,0.731193,0.915443,0.938955,0.945106,0.818797,0,0.0000000285044,0.0000000145089,2.43308E-10,0.000000019861,0.000000019861,0.000000019861,7.51408,1.182152,0.00000591775
delf_A_13,14948,3151,6626,0,r,1,0,4.743891,2,21,5894,9054,39.43,12749,2199,85.289,9151,5797,61.219,13.537312,15.271424,17.921247,17.361631,14.445248,14.41232,16.418592,0.886447,0.755378,0.779726,0.937146,0.939287,0.824511,0,0.0000000470639,2.57674E-11,9.31693E-11,0.00000000336025,0.00000000336025,0.00000000336025,10.082912,1.342599,0.00000854088
hydr1c_A_75,19468,5308,5308,0,r,1,0,3.667671,1,12,7245,12223,37.215,18184,1284,93.405,18040,1428,92.665,12.046016,14.965984,16.297344,15.885248,14.463872,14.40272,15.90624,0.804893,0.73914,0.758315,0.832835,0.836371,0.757314,0,0.0000000369446,1.06045E-13,5.73819E-11,2.8587E-10,2.8587E-10,2.8587E-10,9.612864,1.253114,0.00000652375
t2d_q4_A_34,87025,9801,9801,0,r,1,0,8.879196,4,9,2563,84462,2.945,23530,63495,27.038,23976,63049,27.551,89.160866,89.637856,93.576988,97.948578,92.337341,90.321922,94.195969,0.994679,0.952808,0.910282,0.965599,0.987145,0.946547,0,0.0000000415338,2.11955E-11,3.46519E-10,9.38267E-10,9.38267E-10,9.38267E-10,46.550014,1.915378,0.00000743651
cq5,51571,5048,11748,0,r,1,0,10.216125,1,391,26111,25460,50.631,19024,32547,36.889,1309,50262,2.538,46.470978,52.620129,54.4104,51.314175,46.490688,46.56461,48.01107,0.883141,0.854083,0.905617,0.999576,0.997989,0.967922,0,0.0000000357571,4.37746E-10,4.38595E-11,4.47318E-11,4.47318E-11,4.47318E-11,25.982143,1.788574,0.0000134483
lp_bore3d,1448,233,334,0,r,1,0,6.214592,1,73,544,904,37.569,514,934,35.497,247,1201,17.058,3.302784,3.82896,3.810112,3.779392,3.660384,3.468288,3.794432,0.86258,0.866847,0.873893,0.902305,0.952281,0.870429,0,0.000000081202,2.61899E-10,2.05093E-10,2.08076E-10,2.08076E-10,2.08076E-10,3.71968,0.887922,0.0000102603
hydr1c_A_06,22983,5308,5308,0,r,1,0,4.329879,1,14,7294,15689,31.737,21277,1706,92.577,20793,2190,90.471,21.792864,24.91696,27.865728,25.671936,24.086048,24.043104,25.693439,0.87462,0.782067,0.848898,0.904792,0.906408,0.848188,0,0.0000000501844,1.08025E-13,8.66325E-11,4.65568E-10,4.65568E-10,4.65568E-10,14.454496,1.507688,0.00000744073
c-29,43731,5033,5033,1,r,1,0,8.688854,2,481,23961,19770,54.792,41741,1990,95.449,37221,6510,85.114,45.377151,50.771488,57.41856,54.527969,51.338593,51.156128,51.973122,0.893753,0.790287,0.832181,0.88388,0.887033,0.873089,0,0.000000101381,1.29271E-12,5.6607E-12,0.00000010138,0.00000010138,0.00000010138,26.08032,1.7399,0.00000309462
2D_27628_bjtcai,442898,27628,27628,0,r,1,0,16.030766,9,90,359307,83591,81.126,411254,31644,92.855,339083,103815,76.56,559.7005,592.299622,662.006165,634.631104,590.77948,578.520264,591.40686,0.944962,0.845461,0.88193,0.947393,0.967469,0.946388,0,0.000000042634,7.77084E-13,5.95056E-11,6.05732E-11,6.05732E-11,6.05732E-11,274.801361,2.036746,0.00000767072
lpi_bgetam,2537,400,816,0,r,1,0,6.3425,2,23,365,2172,14.387,1643,894,64.762,1305,1232,51.439,3.76448,3.868992,4.65232,4.121824,3.891744,3.829664,4.020608,0.972987,0.809162,0.913304,0.967299,0.982979,0.936296,0,0.0000000325785,2.54011E-11,1.13328E-10,0.00000000171711,0.00000000171711,0.00000000171711,3.7016,1.016987,0.00000606428
delf_A_17,14904,3176,6643,0,r,1,0,4.692695,1,21,5741,9163,38.52,12681,2223,85.085,9140,5764,61.326,13.725632,15.478624,17.720961,17.543936,14.473664,14.463968,16.563007,0.886748,0.774542,0.782358,0.948318,0.948953,0.828692,0,0.0000000433313,2.37176E-11,9.37288E-11,0.00000000193676,0.00000000193676,0.00000000193676,10.157952,1.35122,0.00000684169
spaceStation_2,5817,329,329,1,r,1,0,17.680851,1,43,2957,2860,50.834,2117,3700,36.393,70,5747,1.203,8.358848,8.937088,10.676672,9.979488,8.42352,8.463616,8.643648,0.935299,0.782908,0.837603,0.992322,0.987621,0.967051,0,0.0000000457799,7.0405E-10,2.5831E-10,1.07434E-10,1.07434E-10,1.07434E-10,5.829888,1.433792,0.0000083021
model7,51027,3358,9582,0,r,1,0,15.195652,1,253,19335,31692,37.892,37547,13480,73.583,32776,18251,64.233,33.726208,39.53344,40.130688,40.317505,38.157631,38.145344,39.092991,0.853106,0.840409,0.836515,0.883865,0.88415,0.862718,0,0.0000000523687,4.19339E-11,1.41241E-10,1.06299E-10,1.06299E-10,1.06299E-10,18.697184,1.803812,0.0000124068
oscil_dcop_30,1544,430,430,0,r,1,0,3.590698,1,13,662,882,42.876,1386,158,89.767,1288,256,83.42,2.747296,2.963296,3.24848,2.94528,2.9512,2.99056,3.275968,0.927108,0.845717,0.932779,0.930908,0.918656,0.838621,0,0.0000000583596,7.34525E-14,2.3727E-10,3.10451E-10,3.10451E-10,3.10451E-10,3.35648,0.818505,0.000003453
oscil_dcop_06,1544,430,430,0,r,1,0,3.590698,1,13,598,946,38.731,1386,158,89.767,1288,256,83.42,2.759328,2.951872,3.261376,2.94848,2.973984,2.982944,3.281344,0.934772,0.846063,0.935848,0.927822,0.925035,0.840914,0,0.0000000583596,8.5158E-14,2.54281E-10,3.23637E-10,3.23637E-10,3.23637E-10,3.34832,0.824093,0.00000345301
c-46,130397,14913,14913,1,r,1,0,8.743848,2,1397,84547,45850,64.838,14718,115679,11.287,3770,126627,2.891,139.609467,149.839645,173.916382,165.71431,143.509735,140.304443,149.471359,0.931726,0.802739,0.842471,0.972822,0.995047,0.934022,0,0.000000038501,0.00000000452477,2.34432E-10,0.00000000115042,0.00000000115042,0.00000000115042,75.208382,1.856302,0.0000170385
ns3Da,1679599,20414,20414,0,r,1,0,82.27682,9,306,1679599,0,100,494679,1184920,29.452,0,1679599,0,702.846008,732.64801,741.730713,743.8125,711.403931,703.844604,705.024536,0.959323,0.947576,0.944924,0.98797,0.998581,0.99691,0,0.0000000444309,0.0000000444309,5.44094E-10,0,0,0,469.14563,1.49814,0.00000988967
t2d_q4_A_05,87025,9801,9801,0,r,1,0,8.879196,4,9,65281,21744,75.014,0,87025,0,0,87025,0,89.422852,89.727325,107.619362,92.582306,90.104996,88.728256,93.017311,0.996607,0.830918,0.965874,0.992429,1.007828,0.961357,0,0.0000000449343,0.00000000857311,0,0,0,0,46.266399,1.932782,0.00000780467
delf_A_18,14963,3196,6660,0,r,1,0,4.68179,2,21,5763,9200,38.515,12752,2211,85.224,9220,5743,61.619,13.810848,15.497088,17.303392,17.584352,14.513984,14.479488,16.649055,0.89119,0.798158,0.785406,0.951555,0.953822,0.829527,0,0.0000000447897,3.22513E-11,1.13722E-10,0.00000000896975,0.00000000896975,0.00000000896975,10.160992,1.359203,0.00000802565
wang4,177196,26068,26068,0,r,1,0,6.797453,4,7,177196,0,100,11494,165702,6.487,0,177196,0,106.253853,113.015549,115.164803,118.26339,106.728096,105.32589,108.29763,0.94017,0.922624,0.898451,0.995557,1.00881,0.981128,0,0.0000000432425,0.0000000432425,5.23702E-10,0,0,0,64.865761,1.638058,0.00000722323
ABACUS_shell_ud,218484,23412,23412,0,r,1,0,9.332137,6,15,50456,168028,23.094,199720,18764,91.412,196938,21546,90.138,209.346848,222.35965,251.942459,232.355133,227.881027,221.276642,232.256256,0.941479,0.830931,0.900978,0.918667,0.946087,0.901362,0,0.0000000408815,1.34225E-14,1.89334E-11,6.21711E-12,6.21711E-12,6.21711E-12,110.333214,1.897406,0.00000865062
linverse,95977,11999,11999,1,r,1,0,7.99875,5,9,51429,44548,53.585,38011,57966,39.604,1058,94919,1.102,64.674461,70.398079,65.416161,64.308739,67.177597,64.890404,66.829155,0.918696,0.988662,1.005687,0.962739,0.996672,0.967758,0,0.0000000448119,0.0000000032787,5.40241E-10,0.00000000199389,0.00000000199389,0.00000000199389,34.84016,1.856319,0.0000063541
t2d_q4_A_44,87025,9801,9801,0,r,1,0,8.879196,4,9,311,86714,0.357,26534,60491,30.49,27102,59923,31.143,89.180222,89.575165,93.643326,98.35968,92.577438,90.262276,94.227646,0.995591,0.952339,0.906675,0.963304,0.988012,0.946434,0,0.0000000464484,1.16399E-12,3.49714E-10,8.86554E-10,8.86554E-10,8.86554E-10,45.874527,1.944003,0.00000829892
oscil_dcop_51,1544,430,430,0,r,1,0,3.590698,1,13,662,882,42.876,1386,158,89.767,1288,256,83.42,2.7536,3.04096,3.24448,2.946208,2.95456,2.985824,3.287168,0.905503,0.848703,0.934625,0.931983,0.922224,0.837682,0,0.0000000391311,5.13022E-14,1.76239E-10,2.59487E-10,2.59487E-10,2.59487E-10,3.425344,0.80389,0.000004601
oscil_dcop_13,1544,430,430,0,r,1,0,3.590698,1,13,659,885,42.681,1386,158,89.767,1288,256,83.42,2.763552,3.026048,3.981312,2.959104,2.972032,3.00608,3.276512,0.913255,0.694131,0.933915,0.929853,0.919321,0.843443,0,0.0000000391313,6.4071E-14,1.82744E-10,2.6395E-10,2.6395E-10,2.6395E-10,3.385312,0.816336,0.00000460101
t2d_q4_A_27,87025,9801,9801,0,r,1,0,8.879196,4,9,10951,76074,12.584,17535,69490,20.149,17667,69358,20.301,89.174339,89.584381,96.215485,96.87133,91.609085,89.994781,93.913055,0.995423,0.926819,0.920544,0.973422,0.990883,0.949541,0,0.0000000444852,2.49585E-10,4.39728E-10,0.00000000114389,0.00000000114389,0.00000000114389,45.89603,1.942964,0.00000800129
t2d_q9_A_12,87025,9801,9801,0,r,1,0,8.879196,4,9,31562,55463,36.268,32938,54087,37.849,35397,51628,40.675,89.190369,89.564255,101.283394,101.075455,92.47773,90.654625,94.443619,0.995825,0.880602,0.882414,0.964452,0.983848,0.944377,0,0.0000000435637,2.92588E-10,3.17663E-10,8.62467E-10,8.62467E-10,8.62467E-10,45.895199,1.943349,0.00000861681
delf_A_20,15270,3213,6672,0,r,1,0,4.752568,2,21,5876,9394,38.481,13013,2257,85.219,9356,5914,61.27,13.897376,15.560192,17.35648,17.679008,14.507872,14.482624,16.719584,0.893137,0.800702,0.786095,0.95792,0.95959,0.831203,0,0.0000000440631,2.17961E-11,9.62246E-11,0.00000000411394,0.00000000411394,0.00000000411394,10.162336,1.367538,0.00000845285
bips07_1998_C,20,4,15066,0,r,1,0,5,5,5,12,8,60,7,13,35,0,20,0,2.236416,2.269216,2.378848,2.36048,2.27408,2.261696,2.273568,0.985546,0.940126,0.947441,0.983438,0.988823,0.983659,0,0.000000123782,0.0000000031219,0.00000000170556,0,0,0,3.095488,0.722476,0.0000102941
oscil_dcop_23,1544,430,430,0,r,1,0,3.590698,1,13,659,885,42.681,1386,158,89.767,1288,256,83.42,2.760832,3.02144,3.963776,2.959296,2.974816,2.956352,3.28784,0.913747,0.696516,0.932935,0.928068,0.933864,0.83971,0,0.000000019914,4.19409E-14,1.97801E-10,2.74299E-10,2.74299E-10,2.74299E-10,2.450016,1.126863,0.00000817063
rajat27,99777,20640,20640,0,r,1,0,4.834157,1,1801,90535,9242,90.737,97270,2507,97.487,93822,5955,94.032,90.780991,102.480164,108.285088,106.161057,117.63443,111.986786,105.014526,0.88584,0.838352,0.855125,0.771721,0.81064,0.864461,0,0.0000000504633,1.08787E-12,3.91181E-12,0.0000000044862,0.0000000044862,0.0000000044862,53.48621,1.697278,0.0000033266
lp_cre_d,246614,8926,73948,0,r,1,2450,27.628725,0,808,70,246544,0.0279999999999999,0,246614,0,20,246594,0.008,200.728348,208.815323,206.747391,206.662598,161.121445,159.14183,203.921158,0.961272,0.970887,0.971285,1.24582,1.261317,0.984343,0,0.0000000377822,1.80564E-10,0,4.83207E-11,4.83207E-11,4.83207E-11,102.584831,1.956706,0.00000869822
ABACUS_shell_ld_K,216082,23412,23412,0,r,1,0,9.22954,4,15,50455,165627,23.35,197326,18756,91.32,194536,21546,90.029,209.261414,222.276093,251.747101,232.275208,228.562149,221.232315,232.224701,0.941448,0.831237,0.90092,0.915556,0.94589,0.901116,0,0.0000000453418,1.29619E-14,2.15949E-11,5.27675E-12,5.27675E-12,5.27675E-12,109.742653,1.906838,0.00000851524
epb1,95053,14734,14734,0,r,1,0,6.451269,3,7,95053,0,100,17971,77082,18.906,3165,91888,3.33,61.507584,58.001408,65.425407,77.272545,61.834656,61.101536,64.194176,1.06045,0.940118,0.795982,0.994711,1.006645,0.958149,0,0.0000000455821,0.0000000455821,5.55389E-10,7.28929E-10,7.28929E-10,7.28929E-10,35.133057,1.750704,0.00000726573
hydr1c_A_63,19491,5308,5308,0,r,1,0,3.672005,1,12,7305,12186,37.479,18210,1281,93.428,18063,1428,92.674,12.064416,14.974848,16.304768,15.87088,14.46272,14.418688,15.894944,0.805645,0.739932,0.76016,0.834173,0.836721,0.75901,0,0.0000000412689,1.07259E-13,5.20323E-11,2.5186E-10,2.5186E-10,2.5186E-10,9.587712,1.258321,0.00000900208
oscil_dcop_53,1544,430,430,0,r,1,0,3.590698,1,13,662,882,42.876,1386,158,89.767,1288,256,83.42,2.76288,3.005408,4.287712,2.941792,2.947072,2.984672,3.272896,0.919303,0.644372,0.939183,0.9375,0.92569,0.84417,0,0.0000000393751,3.53523E-14,1.25975E-10,1.64876E-10,1.64876E-10,1.64876E-10,2.462752,1.121867,0.00000458125
nemeth15,539802,9506,9506,1,r,1,0,56.785399,25,66,539802,0,100,347108,192694,64.303,0,539802,0,256.338379,299.434143,306.336823,278.900757,260.400696,256.613098,260.911255,0.856076,0.836786,0.919102,0.9844,0.998929,0.982473,0,0.0000000451836,0.0000000451836,2.97828E-10,0,0,0,144.139771,1.778401,0.00000943664
delf_A_06,14605,3103,6575,0,r,1,0,4.706735,2,21,5718,8887,39.151,12433,2172,85.128,8923,5682,61.096,13.432736,15.088032,16.81776,17.109407,14.217408,14.052096,16.203585,0.890291,0.798723,0.785108,0.944809,0.955924,0.828998,0,0.0000000494602,2.49654E-11,9.50336E-11,0.00000000636775,0.00000000636775,0.00000000636775,9.85008,1.363719,0.00000765416
large_A_31,20643,4285,8623,0,r,1,0,4.817503,2,21,8395,12248,40.668,18103,2540,87.696,13499,7144,65.393,17.731232,20.004225,22.148672,22.604353,18.727327,18.640833,21.487648,0.886374,0.800555,0.784417,0.946811,0.951204,0.825183,0,0.0000000384911,3.14549E-11,1.44744E-10,0.0000000206716,0.0000000206716,0.0000000206716,12.684384,1.397879,0.00000803749
oscil_dcop_43,1544,430,430,0,r,1,0,3.590698,1,13,662,882,42.876,1386,158,89.767,1288,256,83.42,2.761248,2.956864,4.05984,2.986656,2.961216,2.967968,3.284928,0.933843,0.680137,0.924528,0.932471,0.93035,0.840581,0,0.0000000391989,3.71595E-14,1.62287E-10,2.04936E-10,2.04936E-10,2.04936E-10,3.3544,0.823172,0.00000588634
hydr1c_A_72,23553,5308,5308,0,r,1,0,4.437265,1,14,18441,5112,78.296,21798,1755,92.549,21549,2004,91.492,22.96352,27.063007,28.140287,27.744864,26.3936,26.320608,27.774879,0.848521,0.816037,0.827667,0.870041,0.872454,0.826773,0,0.0000000601652,5.62234E-12,7.13526E-11,0.000000007493,0.000000007493,0.000000007493,15.655808,1.466773,0.00000773517
hydr1c_A_46,19503,5308,5308,0,r,1,0,3.674265,1,12,7303,12200,37.446,18219,1284,93.416,18075,1428,92.678,12.060736,14.971648,17.358591,15.898976,14.484544,14.397568,15.891776,0.805572,0.694799,0.758586,0.832662,0.837693,0.758929,0,0.0000000475426,1.14536E-13,6.30446E-11,3.3829E-10,3.3829E-10,3.3829E-10,8.836992,1.364801,0.00000684858
delf_A_22,15260,3214,6672,0,r,1,0,4.747978,2,21,5888,9372,38.585,13036,2224,85.426,9366,5894,61.376,13.910304,15.555936,18.351007,17.680161,14.616032,14.531456,16.743872,0.894212,0.758013,0.786775,0.951716,0.957255,0.83077,0,0.0000000514784,2.72742E-11,1.07722E-10,0.00000000769692,0.00000000769692,0.00000000769692,10.168448,1.367987,0.00000687027
bodyy6,134748,19366,19366,1,r,1,0,6.957968,3,9,79444,55304,58.957,107923,26825,80.092,73553,61195,54.586,80.229469,84.883522,101.365059,94.718719,84.057213,82.189468,85.149826,0.945171,0.79149,0.847029,0.954463,0.976153,0.942215,0,0.0000000444974,4.42529E-12,1.42828E-10,1.76582E-10,1.76582E-10,1.76582E-10,48.389023,1.65801,0.00000559058
hydr1c_A_13,19503,5308,5308,0,r,1,0,3.674265,1,12,7306,12197,37.461,18218,1285,93.411,18075,1428,92.678,12.051008,14.976416,16.955263,15.895392,14.469984,14.413632,15.892288,0.804666,0.710753,0.758145,0.832828,0.836084,0.758293,0,0.000000049666,1.12277E-13,6.75569E-11,2.98499E-10,2.98499E-10,2.98499E-10,9.59232,1.256318,0.00000753325
t2d_q4,87025,9801,9801,0,r,1,0,8.879196,4,9,77224,9801,88.738,0,87025,0,0,87025,0,89.145248,89.528931,105.940125,92.509277,90.036484,88.609756,92.875168,0.995714,0.841468,0.963636,0.990101,1.006043,0.959839,0,0.0000000450685,0.0000000150189,0,0,0,0,45.428993,1.962299,0.000008092
cavity24,138187,4562,4562,0,r,1,0,30.290881,8,62,123246,14941,89.188,61571,76616,44.556,20185,118002,14.607,103.273987,114.647293,120.499268,114.354141,104.778976,103.721886,106.991295,0.900797,0.857051,0.903107,0.985637,0.995682,0.965256,0,0.000000044561,0.00000000854975,5.1091E-10,2.59531E-10,2.59531E-10,2.59531E-10,55.523968,1.859989,0.00000863993
crystm03,583770,24696,24696,1,r,1,0,23.638241,8,27,583770,0,100,37152,546618,6.364,0,583770,0,502.226013,530.425476,547.663147,540.768433,498.844818,496.753723,506.605286,0.946836,0.917035,0.928727,1.006778,1.011016,0.991356,0,0.0000000463839,0.0000000463839,4.66092E-10,0,0,0,246.531326,2.037169,0.00000896633
t2d_q9_A_17,87025,9801,9801,0,r,1,0,8.879196,4,9,31261,55764,35.922,1853,85172,2.129,895,86130,1.028,89.136322,89.538078,101.426338,93.302399,90.031075,88.73632,93.008896,0.995513,0.878828,0.955349,0.990062,1.004508,0.958363,0,0.0000000419409,0.00000000195241,2.69357E-10,6.07482E-10,6.07482E-10,6.07482E-10,45.443394,1.96148,0.00000808839
case9_b1_03,14453,14454,1,0,r,1,1,0.999931,0,1,14425,28,99.806,14439,14,99.903,14453,0,100,10.366496,10.96368,12.433024,11.690528,11.412448,11.430784,11.659424,0.945531,0.833787,0.886743,0.90835,0.906893,0.889109,0,0.000000090542,2.12099E-14,6.4773E-13,0.000000090542,0.000000090542,0.000000090542,9.591712,1.080776,0.00000355749
odepa400,1201,400,400,0,r,1,0,3.0025,2,5,3,1198,0.25,3,1198,0.25,0,1201,0,2.680832,2.802848,2.788128,2.75376,2.777088,2.76304,2.766752,0.956467,0.961517,0.973517,0.965339,0.970247,0.968946,0,0.0000000251008,8.81237E-12,8.81237E-12,0,0,0,3.224576,0.831375,0.0000066911
delf_A_02,14322,3098,6570,0,r,1,0,4.622983,1,20,5601,8721,39.108,12320,2002,86.022,8966,5356,62.603,13.448224,15.06224,17.725376,17.087393,14.185344,14.023872,16.222113,0.892844,0.758699,0.787026,0.948037,0.958952,0.829006,0,0.0000000514295,2.24383E-11,9.89183E-11,0.00000000545601,0.00000000545601,0.00000000545601,9.84464,1.366045,0.00000851023
sit100,61046,10262,10262,1,r,1,0,5.948743,2,10,32258,28788,52.842,19812,41234,32.454,0,61046,0,39.216671,44.347775,46.701569,45.910526,39.192383,39.601151,40.891266,0.884299,0.839729,0.854198,1.00062,0.990291,0.959048,0,0.0000000287172,0.0000000121553,2.10603E-10,0,0,0,25.619265,1.530749,0.0000067931
case9_b2_03,14453,14454,1,0,r,1,1,0.999931,0,1,14363,90,99.377,14438,15,99.896,14453,0,100,10.373344,10.95632,12.59968,11.692768,11.40304,11.431904,11.666336,0.946791,0.823302,0.887159,0.9097,0.907403,0.889169,0,0.000000029158,2.21044E-14,1.86378E-13,0.000000029158,0.000000029158,0.000000029158,8.900704,1.165452,0.00000426187
g7jac100,384636,29610,29610,0,r,1,0,12.990071,2,153,283508,101128,73.708,328400,56236,85.379,312583,72053,81.267,292.837982,328.769501,358.626648,345.20639,329.574707,321.980865,334.216095,0.890709,0.816554,0.848298,0.888533,0.909489,0.876194,0,0.0000000456345,1.54156E-14,1.16718E-11,0.00000000747736,0.00000000747736,0.00000000747736,163.32692,1.792956,0.00000590871
hydr1c_A_02,22618,5308,5308,0,r,1,0,4.261115,1,14,6894,15724,30.48,20912,1706,92.457,20428,2190,90.317,21.791519,24.927904,26.753311,25.66704,24.091553,24.017056,25.691969,0.874182,0.814535,0.849008,0.904529,0.907335,0.848184,0,0.000000039228,8.85295E-14,7.55734E-11,3.19996E-10,3.19996E-10,3.19996E-10,15.196512,1.433982,0.00000796337
TSOPF_RS_b162_c1,205399,5374,5374,0,r,1,0,38.220878,3,77,188041,17358,91.549,187518,17881,91.295,1900,203499,0.925,133.169083,146.151077,152.767868,151.192642,134.611557,132.523712,136.30275,0.911174,0.871709,0.880791,0.989284,1.00487,0.97701,0,0.0000000494491,1.58883E-10,3.63421E-12,2.49043E-11,2.49043E-11,2.49043E-11,71.043388,1.874475,0.00000547383
t2d_q4_A_21,87025,9801,9801,0,r,1,0,8.879196,4,9,11732,75293,13.481,42140,44885,48.423,44574,42451,51.22,89.155396,89.555267,95.73555,101.340286,91.660477,89.915169,94.329727,0.995535,0.931267,0.879763,0.97267,0.99155,0.945146,0,0.0000000416992,2.56924E-11,2.17544E-10,6.12796E-10,6.12796E-10,6.12796E-10,45.875969,1.943401,0.00000811791
hydr1c_A_20,19503,5308,5308,0,r,1,0,3.674265,1,12,7311,12192,37.487,18220,1283,93.422,18075,1428,92.678,12.035872,14.972576,17.158049,15.880288,14.474144,14.40352,15.899456,0.803861,0.701471,0.757913,0.831543,0.83562,0.756999,0,0.0000000534794,1.08885E-13,6.85928E-11,3.36827E-10,3.36827E-10,3.36827E-10,9.588256,1.255272,0.00000759389
delf_A_07,14754,3147,6619,0,r,1,0,4.688275,2,21,5761,8993,39.047,12609,2145,85.462,9120,5634,61.814,13.56144,15.264032,18.048609,17.385441,14.43648,14.348672,16.443712,0.888457,0.751384,0.780046,0.939387,0.945136,0.824719,0,0.0000000549776,2.8521E-11,1.09923E-10,0.00000000798932,0.00000000798932,0.00000000798932,9.316224,1.45568,0.00000884879
bcsstm06,420,420,420,1,r,1,0,1,1,1,20,400,4.762,208,212,49.524,420,0,100,2.26064,2.29248,3.438304,2.451584,2.324864,2.276096,2.282592,0.986111,0.657487,0.922114,0.972375,0.993209,0.990383,0,0.000000046061,6.78389E-15,5.3012E-10,0.000000046061,0.000000046061,0.000000046061,2.173184,1.040243,0.00000376064
odepb400,399,400,400,1,r,1,1,0.9975,0,1,399,0,100,0,399,0,399,0,100,2.249824,2.281504,3.110112,2.279648,2.293312,2.269152,2.263424,0.986114,0.72339,0.986917,0.981037,0.991482,0.993991,0,0.0000000460262,0.0000000460262,0,0.0000000460262,0.0000000460262,0.0000000460262,3.123424,0.720307,0.00000373128
model2,7607,379,1321,0,r,1,0,20.07124,1,138,1846,5761,24.267,5220,2387,68.621,4472,3135,58.788,10.273344,11.343584,11.877696,11.429312,10.57072,10.527616,11.282944,0.905652,0.864927,0.898859,0.971868,0.975847,0.91052,0,0.0000000415552,9.97822E-11,3.49477E-10,0.00000000240711,0.00000000240711,0.00000000240711,7.243136,1.418356,0.00000769384
kineticBatchReactor_7,84508,7968,7968,1,r,1,0,10.605924,1,2720,75917,8591,89.834,84375,133,99.843,84508,0,100,77.939774,78.688477,88.192093,82.552094,78.534462,78.618431,80.550591,0.990485,0.88375,0.944128,0.992428,0.991368,0.967588,0,0.0000000504638,1.93408E-14,1.02775E-12,0.0000000504638,0.0000000504638,0.0000000504638,39.274815,1.984472,0.00000355376
large_A_16,19717,4265,8598,0,r,1,0,4.622978,1,21,7352,12365,37.288,17057,2660,86.509,12961,6756,65.735,17.573471,19.858015,21.900928,22.611488,18.693439,18.615583,21.252192,0.884956,0.802408,0.777192,0.940088,0.944019,0.826902,0,0.0000000493094,2.14276E-11,1.27119E-10,0.000000021025,0.000000021025,0.000000021025,12.640448,1.390257,0.00000623764
case9_A_01,147972,14454,14454,1,r,1,0,10.237443,1,7210,93743,54229,63.352,93675,54297,63.306,25444,122528,17.195,133.910919,143.217529,154.482819,154.51619,136.705627,134.53479,141.563141,0.935018,0.866834,0.866647,0.979557,0.995363,0.945945,0,0.0000000529992,3.30162E-11,1.28025E-12,0.0000000198241,0.0000000198241,0.0000000198241,71.076767,1.884032,0.00000638937
t2d_q9_A_34,87025,9801,9801,0,r,1,0,8.879196,4,9,2563,84462,2.945,23530,63495,27.038,23976,63049,27.551,89.156349,89.538307,93.619423,97.946144,92.248253,90.281822,94.099167,0.995734,0.952327,0.910259,0.966483,0.987534,0.947472,0,0.0000000452188,2.12742E-11,3.78385E-10,9.85616E-10,9.85616E-10,9.85616E-10,45.882626,1.94314,0.00000746554
ex37,67591,3565,3565,0,r,1,0,18.959607,1,85,48162,19429,71.255,22562,45029,33.38,1651,65940,2.443,73.389664,81.888031,85.029442,81.294014,76.221954,75.932289,79.699165,0.89622,0.863109,0.902768,0.962842,0.966515,0.920834,0,0.0000000443153,0.00000000249997,4.40197E-10,7.19747E-10,7.19747E-10,7.19747E-10,39.281536,1.868299,0.00000847031
olm5000,19996,5000,5000,0,r,1,0,3.9992,2,6,5000,14996,25.005,5000,14996,25.005,5000,14996,25.005,11.755584,14.586272,14.485632,14.465408,10.958784,10.972448,14.548192,0.805935,0.811534,0.812669,1.072709,1.071373,0.808044,0,0.0000000403682,1.34278E-14,1.34278E-14,1.34278E-14,1.34278E-14,1.34278E-14,9.208736,1.276569,0.00000738781
freeFlyingRobot_9,39964,4778,4778,1,r,1,0,8.364169,1,957,18374,21590,45.976,38109,1855,95.358,35577,4387,89.023,43.142784,48.450878,55.531105,51.461185,45.419872,45.471264,49.383518,0.890444,0.776912,0.838356,0.949866,0.948792,0.873627,0,0.0000000456908,1.29025E-13,2.20035E-11,0.00000000857191,0.00000000857191,0.00000000857191,25.208672,1.711426,0.00000786487
hydr1c_A_41,19468,5308,5308,0,r,1,0,3.667671,1,12,7275,12193,37.369,18186,1282,93.415,18040,1428,92.665,12.037504,14.969152,16.934368,15.875776,14.464224,14.39776,15.880992,0.804154,0.710833,0.758231,0.832226,0.836068,0.757982,0,0.0000000439006,1.24427E-13,6.67995E-11,3.696E-10,3.696E-10,3.696E-10,9.582848,1.256151,0.0000080772
cavity22,138187,4562,4562,0,r,1,0,30.290881,8,62,125669,12518,90.941,61417,76770,44.445,20185,118002,14.607,103.302719,114.634781,121.587517,116.554688,104.845917,103.758781,107.027458,0.901146,0.849616,0.886303,0.985281,0.995605,0.965198,0,0.0000000471025,0.00000000948039,4.79407E-10,2.77131E-10,2.77131E-10,2.77131E-10,55.51088,1.860945,0.0000087607
kineticBatchReactor_3,53219,5082,5082,1,r,1,0,10.472058,1,1348,47155,6064,88.606,53161,58,99.891,53219,0,100,45.461472,50.397442,56.850529,52.296257,50.406944,50.403042,51.656544,0.902059,0.799667,0.869306,0.901889,0.901959,0.880072,0,0.0000000511696,2.8623E-14,3.94166E-13,0.0000000511696,0.0000000511696,0.0000000511696,25.191072,1.804666,0.00000467616
mhda416,8562,416,416,0,r,1,0,20.581731,1,33,8176,386,95.492,7852,710,91.708,5774,2788,67.438,9.95856,10.904416,11.8256,11.425696,10.579136,10.548768,10.906528,0.913259,0.842119,0.871593,0.94134,0.94405,0.913082,0,0.0000000234732,1.43508E-10,3.61384E-11,2.38941E-11,2.38941E-11,2.38941E-11,6.732352,1.47921,0.00000875642
mhdb416,2312,416,416,1,r,1,0,5.557692,1,10,2299,13,99.438,1354,958,58.564,862,1450,37.284,3.67168,3.843456,4.647968,3.855616,3.914272,3.850976,4.139808,0.955307,0.789954,0.952294,0.938024,0.953441,0.88692,0,0.0000000283789,0.000000023312,2.04429E-10,0.0000000110877,0.0000000110877,0.0000000110877,3.726688,0.985239,0.00000421041
hangGlider_5,155246,16011,16011,1,r,1,0,9.696209,2,14231,107146,48100,69.017,141413,13833,91.09,123515,31731,79.561,193.036102,228.395355,242.239685,239.137054,218.818787,215.545563,233.619904,0.845184,0.796881,0.80722,0.882173,0.89557,0.826283,0,0.0000000383638,1.34796E-11,5.08604E-11,0.000000038362,0.000000038362,0.000000038362,119.180672,1.619693,0.00000580015
nos5,5172,468,468,1,r,1,0,11.051282,7,23,892,4280,17.247,1568,3604,30.317,0,5172,0,6.238784,6.510528,7.61664,6.92528,6.098528,6.104864,6.24816,0.958261,0.819099,0.900871,1.022998,1.021937,0.998499,0,0.0000000391452,1.10638E-14,2.00009E-10,0,0,0,4.754944,1.312063,0.00000850075
xingo3012,74386,20944,20944,0,r,1,0,3.551662,1,34,10780,63606,14.492,74382,4,99.995,74386,0,100,48.944962,46.229855,55.479233,48.953472,46.059586,46.165951,47.42688,1.058731,0.882221,0.999826,1.062644,1.060196,1.032009,0,0.0000000251924,1.26486E-18,1.37765E-14,0.0000000251924,0.0000000251924,0.0000000251924,27.94256,1.751628,0.000000996114
lnsp_131,536,131,131,0,r,1,0,4.091603,1,11,356,180,66.418,503,33,93.843,492,44,91.791,2.493696,2.746336,2.82944,2.79056,2.804832,2.763008,2.781792,0.908008,0.881339,0.893618,0.889071,0.902529,0.896435,0,0.0000000365488,1.03329E-17,7.22535E-11,2.69488E-10,2.69488E-10,2.69488E-10,3.218112,0.774894,0.00000294821
lhr07,156508,7337,7337,0,r,1,0,21.331334,1,63,146183,10325,93.403,69314,87194,44.288,10731,145777,6.857,162.754883,182.591492,196.474884,185.477249,166.368454,165.020737,168.186905,0.891361,0.828375,0.877492,0.97828,0.986269,0.967702,0,0.0000000334444,0.0000000280022,5.36127E-10,0.00000000629245,0.00000000629245,0.00000000629245,86.332253,1.885215,0.00000816943
rail_20209,139233,20209,20209,1,r,1,0,6.889653,3,11,139233,0,100,3950,135283,2.837,0,139233,0,100.98877,117.916031,123.877823,105.387039,104.686012,100.558815,103.692192,0.856446,0.815229,0.958266,0.964683,1.004276,0.973928,0,0.0000000424101,0.0000000424101,3.91427E-10,0,0,0,59.983295,1.683615,0.00000774185
freeFlyingRobot_11,40054,5438,5438,1,r,1,0,7.365576,1,1089,17605,22449,43.953,38521,1533,96.173,38127,1927,95.189,31.003328,37.620159,39.233952,39.232544,36.697311,37.15712,38.299198,0.824115,0.790217,0.790245,0.844839,0.834385,0.809503,0,0.0000000558251,2.09581E-14,1.74007E-11,0.0000000118349,0.0000000118349,0.0000000118349,21.777439,1.423644,0.00000428576
rajat05,1384,301,301,0,r,1,0,4.598007,1,26,1099,285,79.408,882,502,63.728,607,777,43.858,3.241312,3.449696,4.381216,3.442176,3.29168,3.289792,3.681408,0.939594,0.73982,0.941646,0.984698,0.985263,0.880454,0,0.0000000495214,0.00000000862515,3.50826E-10,0.00000000730107,0.00000000730107,0.00000000730107,2.701664,1.199747,0.00000581128
lp_israel,2443,174,316,0,r,1,0,14.04023,2,119,1195,1248,48.915,1667,776,68.236,1466,977,60.008,3.835904,4.319264,4.906336,4.513248,4.262848,4.146848,4.216416,0.888092,0.781827,0.849921,0.899845,0.925017,0.909755,0,0.0000000380072,2.48009E-11,1.80126E-10,7.53362E-11,7.53362E-11,7.53362E-11,3.712352,1.033281,0.00000965071
TSOPF_RS_b300_c2_b,14209,28338,137,0,r,1,14263,0.501412,0,2,14203,6,99.958,13802,407,97.136,13945,264,98.142,15.664512,16.257153,18.590689,17.536833,11.387424,11.370496,17.489311,0.963546,0.8426,0.893235,1.375597,1.377645,0.895662,0,0.0000000457666,0.0000000454084,1.54431E-10,0.00000000821847,0.00000000821847,0.00000000821847,13.869696,1.129406,0.00000481306
human_gene2,18068388,14340,14340,1,r,1,0,1259.999163,1,7229,18054048,14340,99.921,0,18068388,0,318,18068070,0.002,3814.210449,2678.474854,2715.554932,3798.69458,3813.152588,3743.014893,3811.38501,1.424023,1.404579,1.004085,1.000277,1.019021,1.000741,0,0.0000000368903,0.0000000341293,0,0.00000000205636,0.00000000205636,0.00000000205636,2562.895508,1.488243,0.0000298122
sinc15,568526,11532,11532,0,r,1,0,49.299861,1,93,284796,283730,50.094,562543,5983,98.948,532101,36425,93.593,287.177795,297.439392,331.924225,304.751526,301.776642,296.321228,298.61499,0.9655,0.865191,0.942334,0.951624,0.969144,0.961699,0,0.0000000454423,4.191E-14,6.24905E-12,3.23669E-12,3.23639E-12,3.23633E-12,162.245987,1.770015,0.00000705408
t2d_q4_A_20,87025,9801,9801,0,r,1,0,8.879196,4,9,8139,78886,9.352,46390,40635,53.307,48456,38569,55.681,89.167587,89.538338,95.767426,100.907166,90.647614,89.650909,94.125763,0.995859,0.931085,0.88366,0.983673,0.994609,0.947324,0,0.0000000442918,9.48809E-12,2.2136E-10,6.2895E-10,6.2895E-10,6.2895E-10,45.834431,1.945428,0.00000733332
large,20635,4282,8617,0,r,1,0,4.81901,2,21,8408,12227,40.746,18098,2537,87.705,13517,7118,65.505,17.675264,19.977119,22.82016,22.579391,18.782305,18.689632,21.473984,0.884775,0.774546,0.782805,0.941059,0.945726,0.823101,0,0.0000000496091,2.84451E-11,1.20553E-10,0.0000000200947,0.0000000200947,0.0000000200947,12.648032,1.397471,0.00000743322
ABACUS_shell_md_M,206474,23412,23412,0,r,1,0,8.819153,4,12,197163,9311,95.49,194623,11851,94.26,192142,14332,93.059,208.931747,222.219711,232.409378,231.783966,227.697983,220.823257,231.692291,0.940203,0.898982,0.901407,0.917583,0.946149,0.901764,0,0.0000000423346,4.98722E-10,5.35421E-12,7.76146E-12,7.76146E-12,7.76146E-12,110.208542,1.895785,0.00000578882
t2d_q9_A_30,87025,9801,9801,0,r,1,0,8.879196,4,9,2990,84035,3.436,43036,43989,49.452,44832,42193,51.516,89.137314,89.52272,94.392128,100.522942,91.581886,89.839203,94.300034,0.995695,0.94433,0.886736,0.973307,0.992187,0.945252,0,0.000000039676,2.25654E-12,2.38758E-10,6.32514E-10,6.32514E-10,6.32514E-10,45.410305,1.962931,0.00000731269
fp,848553,7548,7548,0,r,1,0,112.420906,18,957,783794,64759,92.368,848318,235,99.972,848553,0,100,274.420837,279.714783,289.950195,284.722046,282.218018,280.012634,283.032074,0.981074,0.946441,0.96382,0.972372,0.98003,0.969575,0,0.000000040136,2.40852E-14,7.02981E-14,0.000000040136,0.000000040136,0.000000040136,163.736282,1.675993,0.00000351153
hydr1c_A_04,22997,5308,5308,0,r,1,0,4.332517,1,14,7344,15653,31.935,21291,1706,92.582,20807,2190,90.477,21.81296,24.949856,27.361759,25.65984,24.079359,24.018721,25.675488,0.874272,0.797206,0.850082,0.905878,0.908165,0.849564,0,0.0000000432956,9.49599E-14,7.30917E-11,0.00000000610835,0.00000000610835,0.00000000610835,15.191936,1.435825,0.00000716162
TSOPF_FS_b300,4400122,29214,29214,1,r,1,0,150.616896,1,13942,4307465,92657,97.894,4296420,103702,97.643,2416483,1983639,54.919,1206.569946,1187.992065,1228.169067,1228.758911,1165.482056,1159.632324,1162.314087,1.015638,0.982414,0.981942,1.035254,1.040476,1.038076,0,0.0000000586872,1.2238E-10,7.08179E-12,2.31653E-10,2.31653E-10,2.31653E-10,714.858459,1.687845,0.0000064301
bwm200,796,200,200,0,r,1,0,3.98,3,4,0,796,0,200,596,25.126,0,796,0,2.266976,2.2816,3.071008,2.673824,2.313984,2.28128,2.283008,0.993591,0.738186,0.84784,0.979685,0.99373,0.992978,0,0.0000000510961,0,3.78634E-10,0,0,0,3.178784,0.713158,0.00000623833
scagr7-2b_A_3,35885,9743,13847,0,r,1,0,3.683157,1,10,8711,27174,24.275,0,35885,0,1,35884,0.003,20.442272,25.861153,34.718945,21.517984,20.395231,20.345375,21.165279,0.790463,0.588793,0.950009,1.002306,1.004763,0.96584,0,0.0000000404544,0.00000000588981,0,2.05428E-12,2.05428E-12,2.05428E-12,14.970496,1.365504,0.00000739024
GT01R,430909,7980,7980,0,r,1,0,53.998622,1,90,275259,155650,63.879,342634,88275,79.514,35499,395410,8.238,212.083939,246.626144,231.578842,247.187866,218.741028,215.800705,217.876007,0.859941,0.915817,0.857987,0.969566,0.982777,0.973416,0,0.0000000435082,7.88381E-12,6.99294E-11,2.90857E-10,2.90857E-10,2.90857E-10,120.234428,1.76392,0.00000801992
oscil_dcop_05,1544,430,430,0,r,1,0,3.590698,1,13,628,916,40.674,1386,158,89.767,1288,256,83.42,2.773312,2.971264,3.2648,2.953216,2.970272,2.96416,3.285088,0.933378,0.849458,0.939082,0.93369,0.935615,0.844212,0,0.0000000395706,8.59644E-14,2.09516E-10,2.89351E-10,2.89351E-10,2.89351E-10,3.382112,0.819994,0.00000693456
ted_A_unscaled,424587,10605,10605,0,r,1,0,40.036492,1,147,160457,264130,37.791,279141,145446,65.744,144088,280499,33.936,258.715576,290.080261,273.551697,284.530701,276.937469,271.904755,277.635864,0.891876,0.945765,0.909271,0.934202,0.951493,0.931852,0,0.0000000434433,2.28068E-14,1.12977E-10,2.12132E-14,2.15159E-14,7.4393E-18,140.707291,1.838679,0.00000859755
oscil_dcop_04,1544,430,430,0,r,1,0,3.590698,1,13,622,922,40.285,1386,158,89.767,1288,256,83.42,2.762272,3.034368,3.259008,2.960736,2.971328,2.933728,3.278752,0.910329,0.847581,0.932968,0.929642,0.941557,0.842477,0,0.0000000595998,1.00444E-13,2.37822E-10,3.44752E-10,3.44752E-10,3.44752E-10,3.386656,0.815634,0.0000059634
t2d_q9_A_16,87025,9801,9801,0,r,1,0,8.879196,4,9,31261,55764,35.922,1901,85124,2.184,907,86118,1.042,89.118912,89.526237,100.696068,93.323997,90.052094,88.710716,92.961983,0.99545,0.885029,0.954941,0.989637,1.004601,0.95866,0,0.000000045875,0.00000000188874,2.41216E-10,4.82362E-10,4.82362E-10,4.82362E-10,45.879456,1.942458,0.00000761773
bips07_2476,66498,16861,16861,0,r,1,0,3.943894,1,27,10091,56407,15.175,66494,4,99.994,66498,0,100,40.492352,39.953442,46.222782,41.605633,39.973919,39.978241,41.041634,1.013488,0.876026,0.973242,1.012969,1.01286,0.986616,0,0.0000000486721,9.18829E-19,6.70248E-15,0.0000000486721,0.0000000486721,0.0000000486721,23.657473,1.711609,0.00000506714
scsd8-2c,112770,5130,35910,0,r,1,0,21.982456,10,24,82000,30770,72.714,0,112770,0,0,112770,0,106.459167,111.733185,129.425095,108.944,105.452385,105.208893,107.183556,0.952798,0.822554,0.977192,1.009547,1.011884,0.993242,0,0.0000000385237,0.0000000338129,0,0,0,0,52.909088,2.012115,0.00000862471
bayer07,27836,3268,3268,0,r,1,0,8.517748,1,73,19348,8488,69.507,27808,28,99.899,27836,0,100,30.481249,33.79747,37.646591,35.149567,33.865311,33.799519,34.725056,0.90188,0.809668,0.867187,0.900073,0.901825,0.877788,0,0.0000000809998,1.05021E-14,8.83854E-13,0.0000000809998,0.0000000809998,0.0000000809998,17.002527,1.792748,0.00000378002
fome11,71264,12142,24460,0,r,1,0,5.869214,2,228,180,71084,0.253,12,71252,0.017,0,71264,0,58.457985,62.430271,60.341122,60.087967,59.890945,58.174591,60.639969,0.936372,0.968792,0.972873,0.976074,1.004871,0.964017,0,0.0000000265699,6.52801E-10,5.21397E-11,0,0,0,33.655872,1.736933,0.00000899849
psse1,57376,14318,11028,0,r,1,0,4.007264,1,18,3980,53396,6.937,40228,17148,70.113,29806,27570,51.949,51.444447,56.885025,59.490498,66.119583,54.030945,54.003807,68.51162,0.904358,0.864751,0.778052,0.952129,0.952608,0.750886,0,0.0000000451886,2.55734E-12,2.8689E-10,2.25682E-10,2.25682E-10,2.25682E-10,34.544865,1.489207,0.00000492743
cavity03,7327,317,317,0,r,1,0,23.113565,8,62,5689,1638,77.644,2804,4523,38.269,676,6651,9.226,8.430784,9.252864,10.041824,9.84224,8.626624,8.596352,8.842432,0.911154,0.839567,0.856592,0.977298,0.98074,0.953446,0,0.0000000412307,0.00000000461856,5.00509E-10,4.04872E-10,4.04872E-10,4.04872E-10,5.788864,1.45638,0.00000855959
Goodwin_023,182168,6005,6005,0,r,1,0,30.336053,1,62,181799,369,99.797,51538,130630,28.291,369,181799,0.203,134.644455,150.402054,154.71965,151.639679,136.86496,134.933792,137.914246,0.89523,0.870248,0.887924,0.983776,0.997856,0.976291,0,0.0000000423555,0.0000000395601,4.31633E-10,0.0000000151323,0.0000000151323,0.0000000151323,73.729187,1.826203,0.00000765729
Chebyshev3,36879,4101,4101,0,r,1,0,8.992685,3,4101,36679,200,99.458,36806,73,99.802,36791,88,99.761,37.336193,43.530079,44.702656,44.047871,42.100288,42.256416,42.829922,0.85771,0.835212,0.847628,0.886839,0.883563,0.871732,0,0.0000000161925,8.12158E-14,5.60186E-13,4.79173E-13,4.79173E-13,4.79173E-13,21.510559,1.735715,0.00000951119
delf,15397,3170,6654,0,r,1,0,4.857098,2,21,6347,9050,41.222,13257,2140,86.101,9556,5841,62.064,13.750528,15.491776,18.043392,17.516417,14.487744,14.457376,16.607649,0.887602,0.762081,0.785008,0.949115,0.951108,0.827964,0,0.0000000422853,2.92661E-11,9.63039E-11,0.00000000227505,0.00000000227505,0.00000000227505,10.152064,1.354456,0.00000790971
hydr1c_A_65,23542,5308,5308,0,r,1,0,4.435192,1,14,17940,5602,76.204,21793,1749,92.571,21538,2004,91.488,22.940767,27.024864,27.937569,27.71664,26.356895,26.270975,27.748735,0.848876,0.821144,0.827689,0.87039,0.873236,0.826732,0,0.000000042535,3.50764E-12,7.45461E-11,6.07027E-10,6.07027E-10,6.07027E-10,14.9544,1.534048,0.00000616072
tumorAntiAngiogenesis_2,2699,305,305,1,r,1,0,8.84918,2,301,1471,1228,54.502,2650,49,98.185,2380,319,88.181,5.211424,5.801376,6.909696,6.032256,6.306432,6.02256,5.86752,0.898308,0.754219,0.863926,0.826366,0.865317,0.888182,0,0.0000000474349,1.08107E-11,1.24251E-10,0.0000000474348,0.0000000474348,0.0000000474348,4.696896,1.109546,0.00000368604
jan99jac080,171522,27534,27534,0,r,1,0,6.229462,2,68,116989,54533,68.206,169845,1677,99.022,169529,1993,98.838,128.133926,148.389893,157.091965,153.996964,150.180634,147.649124,152.332901,0.863495,0.815662,0.832055,0.853199,0.867827,0.841144,0,0.000000047594,2.55083E-13,1.66962E-12,0.0000000285996,0.0000000285996,0.0000000285996,78.424866,1.633843,0.00000623213
sme3Da,874887,12504,12504,0,r,1,0,69.96857,24,345,20053,854834,2.292,179785,695102,20.55,0,874887,0,387.862335,415.41748,404.886078,415.311432,392.587646,386.491791,390.600891,0.933669,0.957954,0.933907,0.987964,1.003546,0.992989,0,0.0000000437486,1.17589E-12,4.21112E-10,0,0,0,241.884232,1.603504,0.0000101596
freeFlyingRobot_8,34958,4398,4398,1,r,1,0,7.948613,1,881,15263,19695,43.661,33590,1368,96.087,32756,2202,93.701,25.609056,31.122175,31.594273,32.527809,30.029793,30.476288,31.820353,0.822856,0.81056,0.787297,0.852788,0.840294,0.804801,0,0.0000000372926,2.43338E-14,3.0085E-11,0.0000000104318,0.0000000104318,0.0000000104318,18.227776,1.404947,0.00000430559
c-31,78571,5339,5339,1,r,1,0,14.716426,2,458,59320,19251,75.499,31644,46927,40.274,2224,76347,2.831,55.877632,61.405602,63.657951,59.961025,57.57309,55.304993,58.319839,0.909976,0.877779,0.931899,0.970551,1.010354,0.958124,0,0.00000000410238,4.49558E-11,9.76578E-12,5.64036E-12,5.64036E-12,5.64036E-12,29.846304,1.872179,0.00000814273
Maragal_5,93091,4654,3320,0,r,1,0,20.002364,1,1491,84121,8970,90.364,40565,52526,43.576,17,93074,0.018,104.441887,110.69725,116.493118,110.43306,106.795135,106.057793,107.470367,0.943491,0.89655,0.945748,0.977965,0.984764,0.97182,0,0.0000000332116,0.0000000208961,6.22238E-10,7.16193E-10,7.16193E-10,7.16193E-10,51.959648,2.010058,0.00000837671
oscil_dcop_17,1544,430,430,0,r,1,0,3.590698,1,13,661,883,42.811,1386,158,89.767,1288,256,83.42,2.759424,2.943616,3.261984,2.926336,2.942752,2.967872,3.276832,0.937427,0.845934,0.942962,0.937702,0.929765,0.842101,0,0.000000030622,9.07114E-14,2.21033E-10,3.42097E-10,3.42097E-10,3.42097E-10,3.340544,0.82604,0.00000342391
cage9,41594,3534,3534,0,r,1,0,11.769666,3,23,41594,0,100,0,41594,0,0,41594,0,32.164703,35.599297,37.265408,33.462559,32.049248,32.079487,33.009186,0.903521,0.863125,0.961215,1.003602,1.002656,0.974417,0,0.0000000453264,0.0000000453264,0,0,0,0,18.586752,1.730518,0.00000812181
ACTIVSg2000,29336,4000,4000,0,r,1,0,7.334,4,34,2592,26744,8.836,8381,20955,28.569,1548,27788,5.277,18.592512,22.230112,22.863775,22.354912,18.749569,18.711136,20.066303,0.836366,0.813186,0.831697,0.991623,0.99366,0.926554,0,0.0000000437247,3.60418E-11,4.48655E-10,1.15486E-10,1.15486E-10,1.15486E-10,12.804768,1.451999,0.00000748924
stat96v2,2852184,29089,957432,0,r,1,0,98.05026,97,3232,2110432,741752,73.994,77568,2774616,2.72,0,2852184,0,932.305786,988.506165,1031.006348,972.023132,929.437134,939.93457,923.374512,0.943146,0.904268,0.95914,1.003086,0.991884,1.009672,0,0.0000000411562,0.0000000247095,6.32592E-10,0,0,0,563.791931,1.653634,0.0000101626
hydr1c_A_32,23556,5308,5308,0,r,1,0,4.43783,1,14,18218,5338,77.339,21808,1748,92.579,21552,2004,91.493,22.960896,27.057823,27.192352,27.735968,26.385984,26.280031,27.775455,0.848586,0.844388,0.827838,0.870193,0.873701,0.826661,0,0.0000000398342,4.39779E-12,7.35185E-11,7.68818E-10,7.68818E-10,7.68818E-10,15.658208,1.466381,0.00000762253
mult_dcop_03,193216,25187,25187,0,r,1,0,7.671259,1,22767,192621,595,99.692,148551,44665,76.883,74784,118432,38.705,396.454742,481.860077,479.530945,463.991364,514.958191,404.75531,528.953674,0.822759,0.826755,0.854444,0.769878,0.979492,0.749507,0,0.0000000393662,3.54552E-10,2.39292E-11,0.000000013584,0.000000013584,0.000000013584,272.332062,1.455777,0.0000153746
stormg2-8,28553,4409,11322,0,r,1,16,6.476072,0,48,0,28553,0,0,28553,0,24,28529,0.084,20.333216,24.236256,21.216864,21.259424,20.516224,20.294592,21.117537,0.838959,0.958352,0.956433,0.99108,1.001903,0.962859,0,0.0000000495635,0,0,1.68391E-10,1.68391E-10,1.68391E-10,14.036768,1.448568,0.00000614008
delf_A_25,15647,3197,6664,0,r,1,0,4.894276,2,21,6478,9169,41.401,13467,2180,86.068,9668,5979,61.788,13.831776,15.51856,18.25712,17.584543,14.482752,14.466208,16.675232,0.891305,0.75761,0.786587,0.955052,0.956144,0.82948,0,0.0000000522819,3.04537E-11,1.04288E-10,0.00000000299373,0.00000000299373,0.00000000299373,10.193856,1.356874,0.00000736361
bcsstm20,485,485,485,1,r,1,0,1,1,1,0,485,0,325,160,67.01,485,0,100,2.247872,2.291488,2.769504,2.46944,2.292448,2.273312,2.2736,0.980966,0.811651,0.910276,0.980555,0.988809,0.988684,0,0.0000000418902,0,7.08578E-11,0.0000000418902,0.0000000418902,0.0000000418902,3.162208,0.710855,0.00000300409
scagr7-2b_A_1,605,167,239,0,r,1,0,3.622754,1,10,143,462,23.636,0,605,0,1,604,0.165,2.366016,2.507168,3.31824,2.416832,2.812608,2.769216,2.766656,0.943701,0.713033,0.978974,0.841218,0.854399,0.85519,0,0.0000000400448,0.00000000502257,0,2.95961E-10,2.95961E-10,2.95961E-10,3.278752,0.721621,0.00000670274
freeFlyingRobot_13,43994,5718,5718,1,r,1,0,7.693949,1,1145,19497,24497,44.317,42676,1318,97.004,43448,546,98.759,32.845665,39.845375,41.32848,41.605888,39.384193,39.85405,40.53104,0.824328,0.794747,0.789448,0.833981,0.824149,0.810383,0,0.0000000335476,6.28162E-15,5.11808E-12,0.000000027855,0.000000027855,0.000000027855,22.578527,1.45473,0.00000509958
TSOPF_RS_b162_c3,610299,15374,15374,0,r,1,0,39.696826,3,77,563041,47258,92.257,562510,47789,92.17,5700,604599,0.934,378.516724,416.054047,434.239532,432.320251,381.536682,373.933624,383.944397,0.909778,0.871677,0.875547,0.992085,1.012256,0.985863,0,0.0000000403175,1.19526E-10,4.07063E-12,4.9481E-11,4.9481E-11,4.9481E-11,202.93306,1.865229,0.00000832824
t2d_q4_A_12,87025,9801,9801,0,r,1,0,8.879196,4,9,31562,55463,36.268,32938,54087,37.849,35397,51628,40.675,89.098816,89.523682,100.52877,101.021378,92.492386,90.636414,94.392097,0.995254,0.886302,0.88198,0.96331,0.983036,0.943922,0,0.0000000487891,2.74771E-10,2.95714E-10,8.33346E-10,8.33346E-10,8.33346E-10,45.87888,1.942044,0.00000823184
fome12,142528,24284,48920,0,r,1,0,5.869214,2,228,360,142168,0.253,24,142504,0.017,0,142528,0,113.59034,131.678116,118.24202,117.141441,116.356544,113.287651,117.310402,0.862636,0.96066,0.969685,0.976226,1.002672,0.968289,0,0.0000000265664,7.1798E-10,4.68015E-11,0,0,0,72.815392,1.559977,0.00000802192
scsd8-2r_A_11,190210,8650,60550,0,r,1,0,21.989595,10,24,138320,51890,72.72,0,190210,0,0,190210,0,177.627655,187.383713,216.300125,181.885178,175.862305,175.245178,178.699295,0.947935,0.821209,0.976592,1.010038,1.013595,0.994003,0,0.0000000358791,0.0000000305963,0,0,0,0,87.929565,2.020113,0.00000906723
bcsstk16,290378,4884,4884,1,r,1,0,59.454955,1,81,41592,248786,14.323,71180,219198,24.513,74,290304,0.025,131.908859,152.591003,141.94928,144.608063,133.660706,131.491486,134.229889,0.86446,0.929268,0.912182,0.986893,1.003174,0.982709,0,0.0000000471131,2.41345E-14,2.5572E-10,2.47633E-14,2.51139E-14,4.57435E-18,74.307198,1.775183,0.00000908959
oscil_dcop_27,1544,430,430,0,r,1,0,3.590698,1,13,662,882,42.876,1386,158,89.767,1288,256,83.42,2.777728,3.021376,3.254656,2.942368,2.955296,2.966624,3.27728,0.919359,0.853463,0.944045,0.939915,0.936326,0.847571,0,0.000000032238,6.48273E-14,1.69325E-10,2.47076E-10,2.47076E-10,2.47076E-10,3.60656,0.770188,0.00000440015
c-42,110285,10471,10471,1,r,1,0,10.532423,2,1282,81457,28828,73.86,36787,73498,33.356,7001,103284,6.348,105.691551,110.237213,130.200134,125.752861,111.357948,106.509056,113.896927,0.958765,0.811762,0.84047,0.949115,0.992325,0.927958,0,0.0000000285447,1.15622E-10,2.15833E-11,3.38845E-11,3.38845E-11,3.38845E-11,53.551682,1.973636,0.0000300291
usps_norm_5NN,81112,11000,11000,1,r,1,0,7.373818,5,44,81112,0,100,2,81110,0.002,0,81112,0,55.861153,57.879265,61.094879,57.061054,56.822178,55.457119,56.397247,0.965132,0.914334,0.978972,0.983087,1.007286,0.990494,0,0.0000000434173,0.0000000434173,4.42202E-12,0,0,0,30.304129,1.843351,0.00000843991
gyro_k,1021159,17361,17361,1,r,1,0,58.819135,12,360,49936,971223,4.89,316420,704739,30.986,0,1021159,0,455.272522,527.877197,504.093079,505.424957,460.816895,453.563446,461.528229,0.862459,0.903152,0.900772,0.987968,1.003768,0.986446,0,0.0000000463318,2.38446E-14,3.47186E-10,0,0,0,255.807907,1.779744,0.0000096016
west0497,1727,497,497,0,r,1,0,3.474849,1,28,756,971,43.775,1605,122,92.936,1640,87,94.962,3.256832,3.33328,4.912672,3.798496,3.396512,3.366624,3.8208,0.977065,0.662945,0.8574,0.958875,0.967388,0.852395,0,0.0000000212332,3.89757E-13,1.74037E-11,0.00000000175281,0.00000000175281,0.00000000175281,2.7784,1.172197,0.00000258288
hydr1c_A_38,23563,5308,5308,0,r,1,0,4.439148,1,14,18005,5558,76.412,21813,1750,92.573,21559,2004,91.495,22.95616,27.038303,28.006304,27.733215,26.374847,26.265217,27.76368,0.849024,0.819678,0.82775,0.870381,0.874014,0.826841,0,0.0000000350977,3.27872E-12,7.02531E-11,0.00000000205848,0.00000000205848,0.00000000205848,14.947296,1.535807,0.00000845798
case9_A_11,147972,14454,14454,1,r,1,0,10.237443,1,7210,103518,44454,69.958,147960,12,99.992,147898,74,99.95,133.805923,143.171417,155.715424,148.044952,146.469894,142.760696,148.87706,0.934585,0.859298,0.90382,0.913539,0.937274,0.898768,0,0.0000000261044,1.1651E-15,1.15372E-15,6.68267E-17,6.68267E-17,6.68267E-17,70.607681,1.895062,0.00000400677
kineticBatchReactor_6,82500,7773,7773,1,r,1,0,10.613663,1,2678,74041,8459,89.747,82423,77,99.907,82500,0,100,74.26371,76.175842,83.720322,79.273987,76.168419,76.257759,78.094788,0.974898,0.887045,0.936798,0.974993,0.973851,0.950943,0,0.0000000234409,1.79611E-14,3.33059E-13,0.0000000234409,0.0000000234409,0.0000000234409,38.378849,1.935017,0.00000291872
zed,666,116,142,0,r,1,0,5.741379,1,12,44,622,6.607,348,318,52.252,127,539,19.069,2.401696,2.75472,2.807488,2.772896,2.830144,2.786464,2.778528,0.871848,0.855461,0.866133,0.848613,0.861915,0.864377,0,0.000000042408,2.9374E-11,2.35083E-10,0.0000000411246,0.0000000411246,0.0000000411246,3.274048,0.733555,0.0000071763
case9_b2_12,14146,14454,1,0,r,1,308,0.978691,0,1,14137,9,99.936,14140,6,99.958,14146,0,100,10.37024,10.962016,12.872256,11.705888,11.027104,11.282944,11.647872,0.946016,0.805627,0.8859,0.940432,0.919108,0.890312,0,0.0000000569509,2.92222E-19,1.71591E-13,0.0000000569509,0.0000000569509,0.0000000569509,9.637312,1.076051,0.00000183162
flowmeter0_B,24,9669,1,0,r,1,9645,0.002482,0,1,0,24,0,0,24,0,24,0,100,5.719104,5.760352,6.300064,6.275936,2.236064,2.185056,5.999744,0.992839,0.907785,0.911275,2.557666,2.617372,0.953225,0,0.0000000445979,0,0,0.0000000445979,0.0000000445979,0.0000000445979,5.71648,1.000459,0.0000040873
Goodwin_017,97773,3317,3317,0,r,1,0,29.476334,1,62,97500,273,99.721,27963,69810,28.6,273,97500,0.279,75.335106,81.325821,84.405441,84.626083,76.775711,75.618591,77.225662,0.926337,0.892538,0.890211,0.981236,0.996251,0.975519,0,0.0000000413969,0.0000000378804,4.6713E-10,0.0000000166965,0.0000000166965,0.0000000166965,38.444927,1.959559,0.00000727415
FA,72176,10617,10617,0,r,1,5599,6.798154,0,34,72176,0,100,0,72176,0,1,72175,0.001,53.869633,61.333473,63.394176,58.069759,29.185888,29.344704,56.591679,0.878307,0.849757,0.927671,1.845742,1.835753,0.9519,0,0.0000000441305,0.0000000441305,0,9.15486E-10,9.15486E-10,9.15486E-10,30.968864,1.739477,0.00000808091
nos4,594,100,100,1,r,1,0,5.94,2,7,594,0,100,0,594,0,0,594,0,2.275008,2.366656,2.928,2.3704,2.348736,2.296704,2.354016,0.961275,0.776984,0.959757,0.968609,0.990553,0.966437,0,0.0000000459762,0.0000000459762,0,0,0,0,3.235008,0.703246,0.00000813592
hydr1c_A_23,19503,5308,5308,0,r,1,0,3.674265,1,12,7315,12188,37.507,18221,1282,93.427,18075,1428,92.678,12.037344,14.969824,16.971329,15.887872,14.462816,14.394176,15.902016,0.804107,0.709275,0.757644,0.832296,0.836265,0.75697,0,0.0000000396876,9.81614E-14,5.75158E-11,2.98895E-10,2.98895E-10,2.98895E-10,9.602688,1.253539,0.00000581321
nemeth23,1506810,9506,9506,1,r,1,0,158.511466,62,191,1506810,0,100,1165562,341248,77.353,0,1506810,0,383.274658,428.723846,433.732178,458.760223,378.200684,377.705566,374.272858,0.89399,0.883667,0.835457,1.013416,1.014745,1.024051,0,0.0000000441928,0.0000000441928,1.58042E-10,0,0,0,242.419769,1.581037,0.000010478
mark3jac020sc,56175,9129,9129,0,r,1,0,6.153467,2,44,26984,29191,48.036,55743,432,99.231,55339,836,98.512,37.846111,44.615746,49.110306,47.126049,44.90432,44.834751,46.180447,0.848268,0.770635,0.803083,0.842817,0.844124,0.819527,0,0.0000000292859,5.67772E-13,1.15339E-11,0.00000000260888,0.00000000260888,0.00000000260888,24.996128,1.514079,0.00000574159
oscil_dcop_08,1544,430,430,0,r,1,0,3.590698,1,13,628,916,40.674,1386,158,89.767,1288,256,83.42,2.767232,2.946912,3.283552,2.936192,2.95056,2.966304,3.282848,0.939028,0.842756,0.942456,0.937867,0.932889,0.842936,0,0.0000000312589,5.71343E-14,2.09318E-10,3.08384E-10,3.08384E-10,3.08384E-10,3.421888,0.808686,0.00000534443
rat_A_1,88267,3136,9408,0,r,1,0,28.146365,15,29,81995,6272,92.894,24031,64236,27.225,0,88267,0,66.47757,66.55574,76.205757,79.920898,65.947998,65.78138,67.035263,0.998825,0.872343,0.831792,1.00803,1.010583,0.991681,0,0.000000027644,0.00000000892327,4.20839E-10,0,0,0,32.595455,2.039474,0.00000908231
ex14,66775,3251,3251,1,r,1,0,20.539834,7,37,12092,54683,18.109,39523,27252,59.188,16437,50338,24.615,65.144768,71.357857,79.050369,77.177956,66.741249,66.553185,68.544418,0.912931,0.824092,0.844085,0.97608,0.978838,0.950402,0,0.0000000480349,2.17229E-14,1.70645E-10,2.56934E-11,2.56934E-11,2.56934E-11,34.709408,1.876862,0.00000813043
scsd8-2b_A_1,1890,90,630,0,r,1,0,21,10,24,1360,530,71.958,0,1890,0,0,1890,0,3.800032,3.881088,4.342272,3.832192,3.839104,3.844064,3.835808,0.979115,0.875125,0.991608,0.989823,0.988545,0.990673,0,0.0000000347808,0.0000000345176,0,0,0,0,3.311872,1.147397,0.00000975281
viscoplastic1_C_4,61166,4326,4326,0,r,1,0,14.139159,7,37,33903,27263,55.428,33268,27898,54.39,22326,38840,36.501,39.293919,43.388962,49.259872,49.219456,40.402206,40.582016,41.730049,0.90562,0.797686,0.798341,0.972569,0.968259,0.941622,0,0.0000000434643,3.05569E-10,2.4107E-10,3.28534E-11,3.28534E-11,3.28534E-11,22.421152,1.752538,0.00000804541
hydr1c_A_19,23530,5308,5308,0,r,1,0,4.432931,1,14,18129,5401,77.046,21783,1747,92.575,21526,2004,91.483,22.921152,27.03536,27.194559,27.718081,26.330656,26.25264,27.7512,0.847821,0.842858,0.826939,0.870512,0.873099,0.825952,0,0.0000000404869,4.19698E-12,8.99713E-11,0.0000000016035,0.0000000016035,0.0000000016035,15.688064,1.461057,0.00000714221
str_200,3068,363,363,0,r,1,0,8.451791,1,30,2462,606,80.248,1630,1438,53.129,495,2573,16.134,5.321824,5.846112,6.899264,5.784448,5.463872,5.386112,5.913568,0.910319,0.771361,0.920023,0.974002,0.988064,0.899935,0,0.0000000351932,0.0000000138111,5.88523E-10,0.00000000664663,0.00000000664663,0.00000000664663,3.673024,1.448894,0.00000642992
freeFlyingRobot_10,40080,5218,5218,1,r,1,0,7.681104,1,1045,17731,22349,44.239,38554,1526,96.193,37984,2096,94.77,30.049696,36.374207,37.970242,37.926945,35.316704,35.772224,37.107872,0.826127,0.791401,0.792305,0.850864,0.840029,0.809793,0,0.0000000509081,2.05E-14,1.92778E-11,0.0000000216137,0.0000000216137,0.0000000216137,21.191233,1.418025,0.00000703785
oscil_dcop_54,1544,430,430,0,r,1,0,3.590698,1,13,662,882,42.876,1386,158,89.767,1288,256,83.42,2.770176,2.960544,3.238176,2.960224,2.978656,2.950592,3.278816,0.935698,0.855474,0.935799,0.930009,0.938854,0.844871,0,0.0000000243472,4.79183E-14,3.26846E-10,4.7483E-10,4.7483E-10,4.7483E-10,3.40384,0.813838,0.00000530627
spaceStation_3,5103,467,467,1,r,1,0,10.927195,1,61,3871,1232,75.857,3135,1968,61.434,316,4787,6.192,6.370624,6.98608,7.531552,7.406592,6.632896,6.435936,6.493216,0.911903,0.845858,0.860129,0.960459,0.989852,0.98112,0,0.0000000380484,9.98534E-10,2.19704E-10,6.20506E-10,6.20506E-10,6.20506E-10,5.261472,1.210806,0.00000823091
ncvxqp1,73963,12111,12111,1,r,1,0,6.107093,2,15,0,73963,0,69378,4585,93.801,73963,0,100,58.769665,61.344257,61.669792,67.434273,61.390305,61.377823,62.768192,0.95803,0.952973,0.87151,0.957312,0.957507,0.936297,0,0.0000000490273,0,1.74414E-11,0.0000000490273,0.0000000490273,0.0000000490273,32.841984,1.789468,0.00000357301
mimo28x28_system,48737,13251,13251,0,r,1,0,3.677987,1,32,6878,41859,14.112,48733,4,99.992,48737,0,100,25.447329,30.795424,31.281759,32.09539,30.806175,30.80784,31.639168,0.826335,0.813488,0.792866,0.826046,0.826002,0.804298,0,0.0000000276215,9.5859E-27,4.66293E-23,0.0000000276215,0.0000000276215,0.0000000276215,18.907681,1.345873,0.00000212801
Goodwin_030,312814,10142,10142,0,r,1,0,30.843423,1,62,312333,481,99.846,88475,224339,28.284,481,312333,0.154,225.934113,253.00531,260.143616,255.640381,229.555389,226.169479,231.172699,0.893001,0.868498,0.883797,0.984225,0.998959,0.977339,0,0.0000000424275,0.0000000402491,4.30954E-10,0.0000000134204,0.0000000134204,0.0000000134204,124.413185,1.815998,0.00000797003
delf_A_21,15263,3208,6666,0,r,1,0,4.757793,2,21,5861,9402,38.4,12989,2274,85.101,9303,5960,60.951,13.894368,15.57088,17.304577,17.619808,14.638592,14.558048,16.7104,0.89233,0.80293,0.788565,0.94916,0.954411,0.83148,0,0.0000000478769,2.52266E-11,1.03785E-10,0.00000000320231,0.00000000320231,0.00000000320231,10.190496,1.363463,0.00000749255
mesh2em5,2018,306,306,1,r,1,0,6.594771,3,10,1480,538,73.34,996,1022,49.356,424,1594,21.011,3.248,3.290304,4.126112,3.329152,3.294176,3.289312,3.2896,0.987143,0.787182,0.975624,0.985982,0.987441,0.987354,0,0.0000000373713,0.00000000167856,4.24895E-10,0.00000000168426,0.00000000168426,0.00000000168426,3.371136,0.963473,0.00000522163
delf_A_31,15405,3176,6655,0,r,1,0,4.850441,2,21,6308,9097,40.948,13265,2140,86.108,9546,5859,61.967,13.754752,15.478976,17.238111,17.507872,14.466624,14.451232,16.556225,0.888609,0.797927,0.785632,0.950792,0.951805,0.83079,0,0.000000048772,3.73968E-11,1.10445E-10,0.00000000745624,0.00000000745624,0.00000000745624,10.185984,1.350361,0.00000712389
t2d_q4_A_24,87025,9801,9801,0,r,1,0,8.879196,4,9,10957,76068,12.591,18338,68687,21.072,18570,68455,21.339,89.104797,89.510239,96.546371,97.071388,91.621376,90.013954,94.000992,0.99547,0.922922,0.917931,0.972533,0.9899,0.947913,0,0.0000000412436,2.1677E-10,4.01727E-10,0.00000000104166,0.00000000104166,0.00000000104166,45.871807,1.942474,0.00000774783
jan99jac080sc,171522,27534,27534,0,r,1,0,6.229462,2,68,89817,81705,52.365,23392,148130,13.638,5558,165964,3.24,128.123428,148.452225,154.928314,141.77977,129.868866,128.107193,134.187271,0.863062,0.826985,0.903679,0.98656,1.000127,0.954811,0,0.0000000305844,0.00000000215075,6.80959E-11,0.0000000210851,0.0000000210851,0.0000000210851,78.4328,1.633544,0.00000772064
thread,4470048,29736,29736,1,r,1,0,150.324455,48,306,30936,4439112,0.692,4264872,205176,95.41,3388545,1081503,75.806,1144.036987,1269.217773,1148.823608,1271.517334,1232.265137,1222.547485,1239.987183,0.901372,0.995833,0.899742,0.928402,0.935781,0.92262,0,0.0000000449939,2.78026E-14,4.12402E-12,3.36609E-12,3.3662E-12,3.36609E-12,706.463867,1.619385,0.00000873726
s2rmt3m1,219521,5489,5489,1,r,1,0,39.992895,7,42,93940,125581,42.793,173191,46330,78.895,108829,110692,49.576,135.695557,153.346024,147.329636,146.039642,143.953888,141.6241,145.365829,0.884898,0.921034,0.929169,0.942632,0.958139,0.933476,0,0.0000000449611,2.56938E-12,1.68808E-10,1.05552E-10,1.05552E-10,1.05552E-10,78.213058,1.734948,0.00000884846
jan99jac060sc,127182,20614,20614,0,r,1,0,6.169691,2,68,67734,59448,53.258,17409,109773,13.688,4193,122989,3.297,96.281822,111.233276,118.058975,106.658943,97.662079,96.428093,100.739105,0.865585,0.81554,0.902707,0.985867,0.998483,0.955754,0,0.0000000289673,0.00000000220593,6.61281E-11,0.0000000209323,0.0000000209323,0.0000000209323,59.060993,1.63021,0.0000097224
delf_A_27,15400,3187,6657,0,r,1,0,4.832131,2,21,6267,9133,40.695,13256,2144,86.078,9535,5865,61.916,13.80272,15.507104,18.303007,17.557472,14.467648,14.459296,16.553728,0.89009,0.754123,0.786145,0.95404,0.954591,0.833813,0,0.0000000484423,2.82725E-11,1.04258E-10,0.00000000805257,0.00000000805257,0.00000000805257,10.153408,1.359417,0.00000789711
tumorAntiAngiogenesis_1,1783,205,205,1,r,1,0,8.697561,2,201,933,850,52.328,529,1254,29.669,2,1781,0.112,3.956032,4.402656,5.551296,4.90048,4.31136,4.103872,4.301408,0.898556,0.712632,0.807274,0.917583,0.963976,0.919706,0,0.0000000351249,0.00000000590503,4.47912E-10,3.8636E-10,3.8636E-10,3.8636E-10,2.86368,1.381451,0.0000100048
nemeth07,394812,9506,9506,1,r,1,0,41.532927,17,52,394812,0,100,297542,97270,75.363,0,394812,0,230.286911,259.95697,266.415039,253.424927,233.099365,229.469254,233.614822,0.885865,0.864392,0.908699,0.987935,1.003563,0.985755,0,0.0000000456419,0.0000000456419,2.06219E-10,0,0,0,131.230042,1.754834,0.00000875272
rotor1,708,100,100,0,r,1,0,7.08,1,41,465,243,65.678,657,51,92.797,417,291,58.898,2.734336,2.810496,4.033632,3.2056,3.28224,2.85088,3.286048,0.972902,0.677884,0.852987,0.83307,0.95912,0.832105,0,0.0000000548019,4.45324E-13,1.51743E-10,3.42386E-10,3.42386E-10,3.42386E-10,3.462528,0.789694,0.00000972788
crystk02,968583,13965,13965,1,r,1,0,69.357895,24,81,968583,0,100,409804,558779,42.31,0,968583,0,389.576447,447.983398,457.548798,425.917847,397.833313,388.836731,398.957703,0.869623,0.851442,0.914675,0.979245,1.001902,0.976486,0,0.0000000457889,0.0000000457889,4.38635E-10,0,0,0,222.327484,1.752264,0.00000972824
deter3,44547,7647,21777,0,r,1,0,5.825422,2,30,16168,28379,36.294,0,44547,0,0,44547,0,35.615807,43.884735,44.959457,37.437634,35.862976,35.791744,36.969791,0.811576,0.792176,0.951337,0.993108,0.995084,0.963376,0,0.0000000360643,0.0000000246597,0,0,0,0,22.994593,1.548877,0.00000740819
mark3jac040,113435,18289,18289,0,r,1,0,6.202362,2,44,72204,41231,63.652,107742,5693,94.981,99030,14405,87.301,83.563553,94.435204,106.079201,101.024513,95.612579,94.126556,99.885857,0.884877,0.787747,0.827161,0.873981,0.887779,0.83659,0,0.0000000397915,4.09104E-14,1.35753E-11,4.05196E-10,4.05196E-10,4.05196E-10,51.641857,1.618136,0.00000361046
case9_b1_07,14453,14454,1,0,r,1,1,0.999931,0,1,14426,27,99.813,14438,15,99.896,14453,0,100,10.375424,10.949696,12.891168,11.7088,11.413344,11.42944,11.656864,0.947554,0.804848,0.886122,0.909061,0.907781,0.89007,0,0.00000000788472,1.66612E-13,7.01203E-13,0.00000000788472,0.00000000788472,0.00000000788472,8.900864,1.165665,0.00000086562
lp_scrs8,3288,490,1275,0,r,1,0,6.710204,1,37,756,2532,22.993,2371,917,72.111,2491,797,75.76,4.068384,4.388928,4.723776,5.400672,4.804768,4.774336,5.167936,0.926965,0.861257,0.753311,0.846739,0.852136,0.787236,0,0.0000000373049,2.9298E-10,7.77064E-10,0.00000000172996,0.00000000172996,0.00000000172996,4.143616,0.981844,0.00000877398
nemeth12,446818,9506,9506,1,r,1,0,47.003787,20,55,446818,0,100,279630,167188,62.583,0,446818,0,241.965408,276.88916,282.579163,241.304031,244.733566,241.371933,244.940094,0.873871,0.856275,1.002741,0.988689,1.002459,0.987855,0,0.0000000464495,0.0000000464495,3.04614E-10,0,0,0,140.039749,1.727834,0.00000916627
scrs8-2r_A_01,527,140,259,0,r,1,0,3.764286,1,15,139,388,26.376,54,473,10.247,12,515,2.277,2.706144,2.793728,3.619872,2.738368,2.793792,2.747008,2.768896,0.96865,0.74758,0.988232,0.968628,0.985124,0.977337,0,0.0000000328115,0.00000000317354,1.5932E-10,4.71112E-10,4.71112E-10,4.71112E-10,3.38944,0.798404,0.00000339895
wang3,177168,26064,26064,0,r,1,0,6.797422,4,7,177168,0,100,243,176925,0.137,0,177168,0,106.181633,112.844803,115.037247,109.093246,106.575104,105.241982,108.199104,0.940953,0.92302,0.973311,0.996308,1.008928,0.981354,0,0.0000000452383,0.0000000452383,6.85241E-14,0,0,0,64.052513,1.657728,0.00000715182
hydr1c_A_48,23517,5308,5308,0,r,1,0,4.430482,1,14,18102,5415,76.974,21769,1748,92.567,21513,2004,91.479,22.956415,27.022465,28.170368,27.727648,26.332191,26.217312,27.729631,0.849531,0.814914,0.827925,0.8718,0.87562,0.827866,0,0.0000000484432,4.17982E-12,6.81588E-11,0.0000000100723,0.0000000100723,0.0000000100723,15.694624,1.462693,0.00000750826
case9_b1_06,14453,14454,1,0,r,1,1,0.999931,0,1,14425,28,99.806,14439,14,99.903,14453,0,100,10.371968,10.950496,12.486848,11.723328,11.406496,11.42832,11.665184,0.947169,0.830631,0.884729,0.909304,0.907567,0.889139,0,0.0000000234517,9.50335E-14,8.68096E-13,0.0000000234517,0.0000000234517,0.0000000234517,9.625504,1.077551,0.00000445645
lpi_pang,2933,361,741,0,r,1,0,8.124654,1,35,1419,1514,48.38,2758,175,94.033,2694,239,91.851,5.292256,5.586816,5.85184,5.811136,5.845376,5.702848,5.787552,0.947276,0.904375,0.910709,0.905375,0.928002,0.91442,0,0.0000000269437,8.48323E-12,1.29994E-11,0.0000000269334,0.0000000269334,0.0000000269334,4.368672,1.211411,0.000000926326
graham1,335504,9035,9035,0,r,1,0,37.133813,1,406,288155,47349,85.887,304094,31410,90.638,218793,116711,65.213,204.219238,229.175934,239.368134,239.349915,223.122437,221.853531,225.022461,0.891102,0.85316,0.853225,0.915279,0.920514,0.90755,0,0.0000000410721,1.87579E-11,4.41853E-11,3.55459E-11,3.55459E-11,3.55459E-11,111.860352,1.825662,0.00000919603
lowThrust_3,80645,7064,7064,1,r,1,0,11.416336,2,2746,64266,16379,79.69,49532,31113,61.42,11408,69237,14.146,66.058846,67.593948,78.817856,77.730461,67.425217,66.107422,71.559555,0.977289,0.83812,0.849845,0.979735,0.999265,0.923131,0,0.0000000398394,0.0000000074627,2.03848E-10,0.00000000406805,0.00000000406805,0.00000000406805,34.753696,1.900772,0.0000159829
t2d_q9_A_45,87025,9801,9801,0,r,1,0,8.879196,4,9,311,86714,0.357,26530,60495,30.485,27084,59941,31.122,89.127037,89.55098,92.520546,98.30909,92.497345,90.176353,94.208702,0.995266,0.963322,0.9066,0.963563,0.988364,0.946059,0,0.0000000403185,1.35841E-12,3.57238E-10,8.93975E-10,8.93975E-10,8.93975E-10,45.87645,1.942762,0.00000786545
cell1,34855,7055,7055,0,r,1,0,4.940468,2,5,4773,30082,13.694,8184,26671,23.48,23,34832,0.066,26.206079,28.771904,33.689407,34.219105,26.067968,26.165279,27.076351,0.910822,0.777873,0.765832,1.005298,1.001559,0.967859,0,0.0000000479041,8.559E-15,0.00000000108018,2.53643E-10,2.53643E-10,2.53643E-10,17.989857,1.456714,0.00000712363
rdb450,2580,450,450,0,r,1,0,5.733333,4,6,0,2580,0,0,2580,0,0,2580,0,3.737312,3.813312,4.699584,3.780608,3.792128,3.793632,3.805824,0.98007,0.795243,0.988548,0.985545,0.985154,0.981998,0,0.0000000568134,0,0,0,0,0,3.755136,0.995253,0.00000683689
inlet_E,95316,11730,11730,0,r,1,407,8.125831,0,14,95316,0,100,53753,41563,56.395,19026,76290,19.961,104.976448,106.215042,111.956383,129.725281,106.553314,104.236862,120.157089,0.988339,0.937655,0.809221,0.985201,1.007095,0.87366,0,0.0000000446733,0.0000000446733,4.89805E-10,3.71608E-10,3.71608E-10,3.71608E-10,54.30061,1.933246,0.0000070715
freeFlyingRobot_6,27030,3358,3358,1,r,1,0,8.049434,1,673,11911,15119,44.066,25890,1140,95.782,24812,2218,91.794,30.763264,34.422176,39.587296,36.513248,32.79213,32.76701,35.146881,0.893705,0.777099,0.842523,0.938129,0.938849,0.875277,0,0.0000000534871,2.61175E-14,2.25195E-11,0.0000000084952,0.0000000084952,0.0000000084952,18.526592,1.660492,0.00000458974
oscil_dcop_20,1544,430,430,0,r,1,0,3.590698,1,13,659,885,42.681,1386,158,89.767,1288,256,83.42,2.766464,2.942208,4.350112,2.935936,2.944416,2.977984,3.2744,0.940268,0.635952,0.942277,0.939563,0.928972,0.844877,0,0.0000000333484,4.7053E-14,1.41518E-10,1.75581E-10,1.75581E-10,1.75581E-10,2.428544,1.139145,0.00000691323
Si5H12,738598,19896,19896,1,r,1,0,37.122939,14,351,602948,135650,81.634,489804,248794,66.315,0,738598,0,454.793549,507.074402,509.026978,507.223846,459.095673,453.108032,461.227051,0.896897,0.893457,0.896633,0.990629,1.00372,0.986051,0,0.0000000409565,0.00000000313466,5.85758E-10,0,0,0,249.04039,1.826184,0.00000897803
lowThrust_12,224593,18458,18458,1,r,1,0,12.167786,2,7177,166182,58411,73.993,135128,89465,60.166,30703,193890,13.671,174.070847,195.209183,210.363297,210.874466,181.081924,176.404129,188.514938,0.891714,0.827477,0.825471,0.961282,0.986773,0.92338,0,0.0000000423557,0.00000000441847,2.50575E-10,0.00000000327731,0.00000000327731,0.00000000327731,96.334396,1.806944,0.0000111797
dano3mip,81633,3202,15851,0,r,1,0,25.494379,3,530,48,81585,0.059,76053,5580,93.165,70060,11573,85.823,73.950691,75.595711,76.688225,81.448608,74.716194,74.493439,76.013725,0.978239,0.964303,0.907943,0.989755,0.992714,0.97286,0,0.0000000376619,2.73661E-12,2.77826E-10,0.0000000375557,0.0000000375557,0.0000000375557,36.374462,2.033039,0.00000653547
TSOPF_FS_b9_c6_b,14453,14454,1,0,r,1,1,0.999931,0,1,14434,19,99.869,14424,29,99.799,14453,0,100,10.373056,10.945856,12.549056,11.7192,11.404672,11.42768,11.654688,0.94767,0.826601,0.885133,0.909545,0.907713,0.890033,0,0.0000000581061,2.38246E-11,2.24222E-12,0.0000000581061,0.0000000581061,0.0000000581061,9.622368,1.078015,0.00000148463
nemeth18,695234,9506,9506,1,r,1,0,73.136335,35,82,695234,0,100,484660,210574,69.712,0,695234,0,275.505219,316.433014,322.566406,314.576324,280.968811,272.917084,282.141113,0.870659,0.854104,0.875798,0.980554,1.009483,0.97648,0,0.0000000453916,0.0000000453916,2.3356E-10,0,0,0,155.592804,1.770681,0.00000961484
lp_scagr7,465,129,185,0,r,1,0,3.604651,1,10,109,356,23.441,0,465,0,1,464,0.215,2.280288,2.382208,2.894112,2.370592,2.804128,2.750656,2.759936,0.957216,0.787906,0.961907,0.81319,0.828998,0.82621,0,0.0000000380814,0.00000000563776,0,2.57112E-10,2.57112E-10,2.57112E-10,3.270848,0.697155,0.00000533885
delf_A_23,15298,3214,6672,0,r,1,0,4.759801,2,21,5923,9375,38.717,13081,2217,85.508,9395,5903,61.413,13.902752,15.548224,17.350208,17.67712,14.518944,14.487008,16.726976,0.89417,0.801302,0.786483,0.957559,0.95967,0.831158,0,0.0000000493761,2.50387E-11,1.03666E-10,0.00000000319833,0.00000000319833,0.00000000319833,10.165824,1.367597,0.00000989959
lp_osa_60,1408073,10280,243246,0,r,1,0,136.972082,18,173366,1125,1406948,0.08,0,1408073,0,0,1408073,0,968.882996,1013.063416,1076.636475,1071.036743,1138.713989,1141.978516,1140.553589,0.956389,0.899917,0.904622,0.850857,0.848425,0.849485,0,0.000000060557,3.30837E-10,0,0,0,0,648.52771,1.493973,0.0000794784
oscil_dcop_45,1544,430,430,0,r,1,0,3.590698,1,13,662,882,42.876,1386,158,89.767,1288,256,83.42,2.759232,3.03888,3.795808,2.97104,2.95488,2.981856,3.280224,0.907977,0.726916,0.928709,0.933788,0.92534,0.841172,0,0.0000000402976,3.40652E-14,1.09569E-10,1.49218E-10,1.49218E-10,1.49218E-10,3.447264,0.800412,0.0000034964
oscil_dcop_18,1544,430,430,0,r,1,0,3.590698,1,13,651,893,42.163,1386,158,89.767,1288,256,83.42,2.751616,2.958208,4.32288,2.972768,2.981664,2.971552,3.278784,0.930163,0.636524,0.925607,0.922846,0.925986,0.839218,0,0.0000000403016,3.41876E-14,1.08081E-10,1.48129E-10,1.48129E-10,1.48129E-10,2.402144,1.145483,0.00000349624
optdigits_10NN,79650,5620,5620,1,r,1,0,14.172598,10,56,79650,0,100,0,79650,0,0,79650,0,57.224129,61.402817,64.459518,59.461376,58.289886,56.682816,58.335167,0.931946,0.887753,0.962375,0.981716,1.00955,0.980954,0,0.0000000452618,0.0000000452618,0,0,0,0,29.565344,1.935514,0.0000084925
heart1,1387773,3557,3557,0,r,1,0,390.152657,56,1120,131243,1256530,9.457,683802,703971,49.273,52374,1335399,3.774,273.258026,263.458801,270.044678,258.22821,271.822479,266.507111,272.56778,1.037195,1.011899,1.058204,1.005281,1.025331,1.002532,0,0.0000000525398,3.79203E-12,1.92284E-10,1.9137E-11,1.9137E-11,1.9137E-11,174.852509,1.562792,0.0000138884
oscil_dcop_12,1544,430,430,0,r,1,0,3.590698,1,13,635,909,41.127,1386,158,89.767,1288,256,83.42,2.765312,3.036864,4.375264,2.933664,2.95728,2.980992,3.275648,0.910581,0.632033,0.942614,0.935086,0.927648,0.844203,0,0.0000000446484,7.51203E-14,2.08134E-10,3.19718E-10,3.19718E-10,3.19718E-10,2.469696,1.119697,0.00000371353
large_A_13,19674,4253,8593,0,r,1,0,4.625911,2,21,7400,12274,37.613,17015,2659,86.485,12879,6795,65.462,17.508991,19.712831,21.742496,22.456736,18.635649,18.598495,21.208481,0.888203,0.805289,0.779677,0.939543,0.94142,0.825566,0,0.0000000476017,2.42101E-11,1.35082E-10,0.0000000196044,0.0000000196044,0.0000000196044,12.624704,1.386883,0.00000800917
fd12,28462,7500,7500,0,r,1,0,3.794933,1,6,6632,21830,23.301,28262,200,99.297,28262,200,99.297,14.419776,16.138081,16.556543,16.730753,16.331936,16.145985,16.535839,0.893525,0.870941,0.861873,0.882919,0.893087,0.872032,0,0.0000000351436,8.94153E-15,1.37358E-11,1.37358E-11,1.37358E-11,1.37358E-11,11.271424,1.279322,0.00000544085
mhd3200a,68026,3200,3200,0,r,1,0,21.258125,1,33,65029,2997,95.594,65509,2517,96.3,57341,10685,84.293,63.118305,68.896767,72.991005,72.6129,68.094818,67.930977,69.699043,0.916129,0.864741,0.869244,0.926918,0.929154,0.905584,0,0.0000000222365,9.91642E-12,1.71605E-11,1.18252E-11,1.18252E-11,1.18252E-11,34.343327,1.837862,0.00000629484
lhr14c,307858,14270,14270,0,r,1,0,21.573791,1,63,280756,27102,91.197,128440,179418,41.721,14122,293736,4.587,313.339294,352.231079,380.356628,356.006226,319.46814,317.23291,323.088104,0.889584,0.823804,0.880151,0.980815,0.987726,0.969826,0,0.0000000398256,0.0000000299672,6.58687E-10,0.00000000546467,0.00000000546467,0.00000000546467,165.612411,1.892004,0.00000836584
nemeth10,401448,9506,9506,1,r,1,0,42.231012,18,52,401448,0,100,263620,137828,65.667,0,401448,0,231.217499,261.966858,267.533447,240.514969,234.086563,230.688736,234.475647,0.882621,0.864256,0.961343,0.987744,1.002292,0.986105,0,0.0000000454399,0.0000000454399,2.7478E-10,0,0,0,132.713089,1.742236,0.00000892701
nemeth22,1358832,9506,9506,1,r,1,0,142.944667,62,167,1358832,0,100,1031952,326880,75.944,0,1358832,0,360.989594,415.069336,421.462097,416.408325,357.952271,356.05545,354.77002,0.869709,0.856517,0.866913,1.008485,1.013858,1.017531,0,0.0000000435703,0.0000000435703,1.63847E-10,0,0,0,221.665924,1.62853,0.0000104651
hydr1c_A_59,19497,5308,5308,0,r,1,0,3.673135,1,12,7299,12198,37.437,18215,1282,93.425,18069,1428,92.676,12.043808,14.984128,16.976641,15.887136,14.459328,14.404512,15.886624,0.803771,0.709434,0.758086,0.832944,0.836114,0.75811,0,0.0000000415428,8.70327E-14,5.35467E-11,2.75945E-10,2.75945E-10,2.75945E-10,9.619168,1.252063,0.00000558586
case9_b1_05,14453,14454,1,0,r,1,1,0.999931,0,1,14425,28,99.806,14451,2,99.986,14453,0,100,10.381056,10.950912,12.860704,11.72,11.407776,11.424128,11.666176,0.947963,0.807192,0.885756,0.909998,0.908696,0.889842,0,0.0000000395619,1.79337E-18,9.28533E-16,0.0000000395619,0.0000000395619,0.0000000395619,8.893952,1.167204,0.00000259914
benzene,242669,8219,8219,1,r,1,0,29.525368,12,37,188100,54569,77.513,144702,97967,59.629,0,242669,0,176.0383,190.742462,206.596069,206.741669,177.176804,175.147079,178.623871,0.922911,0.852089,0.851489,0.993574,1.005088,0.985525,0,0.0000000410103,0.00000000299676,5.55056E-10,0,0,0,91.591553,1.921993,0.00000882839
scagr7-2b_A_2,2285,623,887,0,r,1,0,3.667737,1,10,551,1734,24.114,0,2285,0,1,2284,0.044,3.254624,3.657824,4.129184,3.273088,3.340608,3.287456,3.286336,0.88977,0.7882,0.994359,0.974261,0.990013,0.99035,0,0.0000000481723,0.0000000073121,0,2.03641E-10,2.03641E-10,2.03641E-10,3.503648,0.928924,0.00000663618
cell2,34855,7055,7055,0,r,1,0,4.940468,2,5,4773,30082,13.694,8184,26671,23.48,23,34832,0.066,26.247393,28.748993,33.275711,34.231968,26.096416,26.212641,27.104321,0.912985,0.788785,0.766751,1.005785,1.001326,0.968384,0,0.0000000379843,8.70637E-15,7.64932E-10,5.99957E-10,5.99957E-10,5.99957E-10,18.200384,1.442134,0.00000730486
oscil_dcop_34,1544,430,430,0,r,1,0,3.590698,1,13,662,882,42.876,1386,158,89.767,1288,256,83.42,2.765664,2.953088,4.008544,2.932544,2.944928,2.955168,3.276032,0.936533,0.689942,0.943094,0.939128,0.935874,0.844212,0,0.0000000190624,5.62465E-14,9.88953E-11,1.67797E-10,1.67797E-10,1.67797E-10,2.41872,1.143441,0.00000603651
large_A_21,19936,4315,8637,0,r,1,0,4.620162,2,21,7288,12648,36.557,17201,2735,86.281,12958,6978,64.998,17.771263,20.047615,22.215136,22.819263,18.946655,18.873793,21.22352,0.886453,0.799962,0.778783,0.937963,0.941584,0.837338,0,0.0000000477734,2.03016E-11,1.39385E-10,0.0000000227322,0.0000000227322,0.0000000227322,12.769216,1.391727,0.00000802039
hydr1c_A_30,19510,5308,5308,0,r,1,0,3.675584,1,12,7308,12202,37.458,18225,1285,93.414,18082,1428,92.681,12.086976,14.960192,17.089632,15.872352,14.507904,14.32416,15.818112,0.807943,0.70727,0.761511,0.83313,0.843817,0.764123,0,0.0000000420566,1.08126E-13,6.43301E-11,2.90641E-10,2.90641E-10,2.90641E-10,8.847808,1.366098,0.00000707937
lpi_pilot4i,5264,410,1123,0,r,1,0,12.839024,1,76,1801,3463,34.214,4280,984,81.307,2124,3140,40.35,5.875072,6.461792,8.380832,7.180704,6.420736,6.347584,6.511776,0.909202,0.701013,0.818175,0.915015,0.92556,0.902223,0,0.0000000292428,5.71853E-12,8.17436E-11,3.54903E-11,3.54903E-11,3.54903E-11,3.774336,1.556584,0.00000746065
hydr1c_A_61,23557,5308,5308,0,r,1,0,4.438018,1,14,17966,5591,76.266,21809,1748,92.58,21553,2004,91.493,22.869728,27.00256,28.182625,27.750496,26.389952,26.263168,27.803968,0.846947,0.811483,0.82412,0.866607,0.870791,0.822535,0,0.0000000439869,3.41418E-12,8.53457E-11,0.00000000379722,0.00000000379722,0.00000000379722,15.688064,1.457779,0.0000073825
hydr1c_A_45,23526,5308,5308,0,r,1,0,4.432178,1,14,17967,5559,76.371,21776,1750,92.561,21522,2004,91.482,22.909824,26.988928,27.239679,27.708448,26.364033,26.282881,27.808191,0.84886,0.841046,0.826817,0.86898,0.871663,0.823852,0,0.0000000417478,3.8546E-12,7.90038E-11,0.00000000348925,0.00000000348925,0.00000000348925,15.747328,1.454839,0.00000715308
large_A_02,18887,4162,8496,0,r,1,0,4.537963,1,21,7154,11733,37.878,16364,2523,86.642,12662,6225,67.041,17.148672,19.463808,22.4888,21.984863,18.52128,18.440737,20.728607,0.881054,0.762543,0.780022,0.92589,0.929934,0.827295,0,0.0000000448197,2.46524E-11,1.3243E-10,0.0000000225309,0.0000000225309,0.0000000225309,12.444736,1.377986,0.00000826484
t2d_q4_A_37,87025,9801,9801,0,r,1,0,8.879196,4,9,2559,84466,2.941,23574,63451,27.089,24048,62977,27.633,89.161537,89.61821,95.595039,98.142052,92.34877,90.310913,94.160355,0.994904,0.9327,0.908495,0.965487,0.987273,0.946912,0,0.000000044391,2.23974E-11,3.91354E-10,9.86671E-10,9.86671E-10,9.86671E-10,46.467457,1.918795,0.00000777534
nemeth03,394808,9506,9506,1,r,1,0,41.532506,17,52,394808,0,100,345288,49520,87.457,0,394808,0,230.295654,260.02652,265.712006,275.516327,233.204254,229.470978,233.652222,0.885662,0.866712,0.835869,0.987528,1.003594,0.985634,0,0.0000000456956,0.0000000456956,1.2485E-10,0,0,0,131.303909,1.753913,0.0000088438
route,206782,20894,43019,0,r,1,0,9.896717,4,2781,0,206782,0,143230,63552,69.266,162278,44504,78.478,209.941376,218.678055,217.723267,253.920135,247.987717,235.488327,227.735229,0.960048,0.964258,0.826801,0.84658,0.891515,0.921866,0,0.0000000534397,0,2.40772E-10,0.0000000121017,0.0000000121017,0.0000000121017,118.182365,1.776419,0.0000315291
oscil_dcop_22,1544,430,430,0,r,1,0,3.590698,1,13,662,882,42.876,1386,158,89.767,1288,256,83.42,2.620992,3.082272,4.026368,3.069088,3.059008,3.041728,3.174176,0.850344,0.650957,0.853997,0.856811,0.861679,0.825724,0,0.0000000517052,5.04959E-14,1.52254E-10,1.95281E-10,1.95281E-10,1.95281E-10,3.572544,0.733649,0.00000761189
chipcool1,281150,20082,20082,0,r,1,0,14.0001,5,24,281150,0,100,250755,30395,89.189,247185,33965,87.919,196.54599,216.155579,224.050522,225.404861,220.491196,213.793243,225.472763,0.90928,0.87724,0.871969,0.891401,0.919327,0.871706,0,0.0000000438129,0.0000000438129,2.2344E-11,1.81324E-11,1.81324E-11,1.81324E-11,108.450783,1.812306,0.00000826772
large_A_29,20686,4302,8633,0,r,1,0,4.808461,2,21,8491,12195,41.047,18147,2539,87.726,13512,7174,65.32,17.717472,20.025152,23.084608,22.681601,18.868736,18.861183,21.294271,0.884761,0.767502,0.781139,0.938986,0.939362,0.83203,0,0.0000000427824,2.78357E-11,1.28743E-10,0.000000020541,0.000000020541,0.000000020541,11.878432,1.491567,0.0000071559
case9_b2_01,14453,14454,1,0,r,1,1,0.999931,0,1,14094,359,97.516,11347,3106,78.51,14453,0,100,10.387808,11.04688,11.889856,11.971872,11.38896,11.456224,11.786432,0.940339,0.87367,0.867684,0.912095,0.906739,0.881336,0,0.0000000377847,2.00421E-10,3.38426E-11,0.0000000377847,0.0000000377847,0.0000000377847,9.825344,1.057246,0.0000054905
t2d_q4_A_23,87025,9801,9801,0,r,1,0,8.879196,4,9,10985,76040,12.623,21804,65221,25.055,22611,64414,25.982,89.164482,89.609726,96.848541,98.128479,92.24131,90.294365,94.146339,0.995031,0.920659,0.90865,0.966644,0.987487,0.947084,0,0.000000047088,1.51852E-10,3.71725E-10,9.97352E-10,9.97352E-10,9.97352E-10,46.360126,1.923301,0.00000851415
nemeth06,394808,9506,9506,1,r,1,0,41.532506,17,52,394808,0,100,313536,81272,79.415,0,394808,0,230.267227,260.102997,266.448975,262.60907,233.110596,229.577789,233.609222,0.885292,0.864208,0.876844,0.987802,1.003003,0.985694,0,0.0000000462438,0.0000000462438,1.98867E-10,0,0,0,131.405624,1.752339,0.0000089206
tub100,396,100,100,0,r,1,0,3.96,3,4,51,345,12.879,100,296,25.253,0,396,0,4.473376,4.839712,6.440096,5.940928,4.894464,5.49776,4.433568,0.924306,0.694613,0.752976,0.913966,0.813672,1.008979,0,0.0000000418126,1.18381E-11,3.18187E-10,0,0,0,6.789184,0.658897,0.00000618038
impcol_d,1339,425,425,0,r,1,0,3.150588,1,10,276,1063,20.612,86,1253,6.423,125,1214,9.335,2.609984,2.7496,3.055328,2.84208,2.8496,2.598976,2.73504,0.949223,0.85424,0.918336,0.915912,1.004236,0.954276,0,0.00000003751,0.00000000167317,3.1689E-12,0.00000000143327,0.00000000143327,0.00000000143327,3.19312,0.817377,0.00000640989
c-50,193625,22401,22401,1,r,1,0,8.643587,2,1919,146121,47504,75.466,113372,80253,58.552,25780,167845,13.314,212.173599,228.628998,262.31485,258.543396,222.372665,216.578842,226.824966,0.928026,0.808851,0.82065,0.954135,0.97966,0.935407,0,0.0000000167283,1.25446E-11,4.21377E-12,7.94671E-12,7.94671E-12,7.94671E-12,113.638878,1.867086,0.00000372533
powersim,67562,15838,15838,0,r,1,0,4.265816,2,40,21295,46267,31.519,47084,20478,69.69,37073,30489,54.873,65.170303,63.308414,80.865059,75.440964,61.440033,63.065922,69.527069,1.02941,0.805914,0.863858,1.060714,1.033368,0.937337,0,0.0000000348279,6.51815E-12,8.25958E-11,2.28371E-10,2.28371E-10,2.28371E-10,38.513119,1.692159,0.00000766632
rajat11,812,135,135,0,r,1,0,6.014815,1,44,798,14,98.276,528,284,65.025,256,556,31.527,2.742368,2.987552,4.023264,3.205504,2.78688,3.020032,2.806496,0.917931,0.681628,0.855519,0.984028,0.908059,0.97715,0,0.0000000272533,0.0000000109643,2.04313E-10,0.0000000225417,0.0000000225417,0.0000000225417,3.516864,0.779777,0.0000045181
bips98_606,34738,7135,7135,0,r,1,0,4.868676,1,30,4438,30300,12.776,34734,4,99.988,34738,0,100,27.890272,31.52352,33.136959,32.917633,31.568895,31.552992,32.486847,0.884745,0.841667,0.847275,0.883473,0.883918,0.85851,0,0.0000000359423,1.02671E-26,5.7721E-23,0.0000000359423,0.0000000359423,0.0000000359423,19.536352,1.427609,0.00000252962
lp_pilot4,5264,410,1123,0,r,1,0,12.839024,1,76,1801,3463,34.214,4280,984,81.307,2124,3140,40.35,5.93712,6.50928,7.106624,7.276064,6.50592,6.505312,6.590176,0.912101,0.835435,0.81598,0.912572,0.912657,0.900905,0,0.0000000259639,5.84305E-12,8.72943E-11,3.82217E-11,3.82217E-11,3.82217E-11,5.534848,1.07268,0.00000567729
af23560,484256,23560,23560,0,r,1,0,20.55416,11,21,184932,299324,38.189,171115,313141,35.336,0,484256,0,479.151367,505.68335,583.080688,582.901733,475.17453,474.332275,483.360443,0.947532,0.821758,0.822011,1.008369,1.01016,0.991292,0,0.0000000437913,6.26804E-10,4.69113E-10,0,0,0,234.946274,2.039408,0.00000866213
cavity21,138187,4562,4562,0,r,1,0,30.290881,1,62,127182,11005,92.036,65589,72598,47.464,21903,116284,15.85,103.633469,116.17466,123.535713,115.84227,106.653091,105.65155,108.159485,0.892049,0.838895,0.894608,0.971687,0.980899,0.958154,0,0.0000000455721,0.000000009539,4.56558E-10,0.00000000113743,0.00000000113743,0.00000000113743,58.018242,1.786222,0.00000859869
t2d_q9_A_07,87025,9801,9801,0,r,1,0,8.879196,4,9,65269,21756,75,0,87025,0,0,87025,0,89.202942,89.804321,106.756767,92.587105,90.272324,88.931007,93.109955,0.993303,0.835572,0.963449,0.988154,1.003058,0.958039,0,0.0000000449302,0.0000000100918,0,0,0,0,46.89024,1.902378,0.00000806111
g7jac020sc,45465,5850,5850,0,r,1,0,7.771795,2,60,22804,22661,50.157,12597,32868,27.707,2806,42659,6.172,26.751713,32.116577,36.043713,33.331104,27.336449,27.174528,31.138529,0.832957,0.742202,0.802605,0.97861,0.984441,0.859119,0,0.0000000394914,2.10669E-10,8.75284E-11,4.35292E-10,4.35292E-10,4.35292E-10,18.431423,1.451419,0.00000826733
lhr07c,156508,7337,7337,0,r,1,0,21.331334,1,63,145204,11304,92.777,69309,87199,44.285,10726,145782,6.853,162.738342,182.650467,196.497574,185.648605,166.548676,165.11792,168.292542,0.890982,0.828195,0.876593,0.977122,0.985589,0.966997,0,0.0000000389451,0.0000000289958,5.60425E-10,0.00000000776944,0.00000000776944,0.00000000776944,86.389824,1.883767,0.00000853529
jan99jac040,82842,13694,13694,0,r,1,0,6.049511,2,68,55909,26933,67.489,82005,837,98.99,81849,993,98.801,64.102242,69.406525,79.17907,73.752899,69.65184,69.714561,72.814178,0.923577,0.809586,0.869149,0.920324,0.919496,0.880354,0,0.0000000573602,2.75715E-13,2.25651E-12,0.0000000298648,0.0000000298648,0.0000000298648,38.34013,1.671936,0.00000709464
gams10a,407,114,171,0,r,1,0,3.570175,1,20,80,327,19.656,0,407,0,1,406,0.246,3.332896,3.336736,3.24528,3.099136,3.906336,3.525024,3.085184,0.998849,1.026998,1.075427,0.853203,0.945496,1.080291,0,0.0000000262397,0.00000000329874,0,3.22034E-10,3.22034E-10,3.22034E-10,5.012672,0.664894,0.00000706311
case9_b,14453,14454,1,0,r,1,1,0.999931,0,1,14434,19,99.869,14424,29,99.799,14453,0,100,10.369728,11.121568,12.776384,11.675456,11.345216,11.55056,11.716256,0.932398,0.811632,0.888165,0.914018,0.897768,0.885072,0,0.0000000516568,4.03712E-11,3.80936E-11,0.0000000516568,0.0000000516568,0.0000000516568,10.762432,0.963512,0.00000173617
c-32,54471,5975,5975,1,r,1,0,9.116485,2,1986,38715,15756,71.075,48132,6339,88.363,35413,19058,65.013,52.344894,58.139744,67.339775,63.644768,57.613407,57.63747,58.710175,0.900329,0.777325,0.822454,0.908554,0.908175,0.891581,0,0.0000000435721,5.72939E-11,7.11349E-11,0.0000000435636,0.0000000435636,0.0000000435636,30.059135,1.741397,0.00000453148
lowThrust_7,211561,17378,17378,1,r,1,0,12.174071,2,6757,156277,55284,73.869,127062,84499,60.059,28895,182666,13.658,164.595642,184.141922,200.286819,198.890717,170.858398,166.574234,178.334747,0.893852,0.8218,0.827568,0.963345,0.988122,0.922959,0,0.0000000415224,0.00000000436785,2.50729E-10,0.00000000341834,0.00000000341834,0.00000000341834,91.622627,1.796452,0.0000152131
t2d_q9_A_11,87025,9801,9801,0,r,1,0,8.879196,4,9,24478,62547,28.128,42609,44416,48.962,46437,40588,53.361,89.165085,89.647682,99.727043,103.318047,91.047997,89.946815,94.383743,0.994617,0.894091,0.863016,0.97932,0.991309,0.944708,0,0.0000000413864,9.99516E-11,2.61515E-10,7.3884E-10,7.3884E-10,7.3884E-10,46.226913,1.928857,0.00000739229
gams30am,1287,354,531,0,r,1,0,3.635593,1,60,240,1047,18.648,150,1137,11.655,63,1224,4.895,3.36864,3.979616,3.95088,4.313696,3.819136,3.827712,5.0928,0.846474,0.85263,0.780917,0.882042,0.880066,0.661451,0,0.0000000323065,0.00000000143429,6.31377E-10,0.00000000116817,0.00000000116817,0.00000000116817,4.979552,0.676495,0.00000616893
delf_A_26,15420,3190,6662,0,r,1,0,4.833856,2,21,6260,9160,40.597,13247,2173,85.908,9525,5895,61.77,13.910848,15.855968,19.116545,17.702688,14.702368,14.538784,16.854752,0.877326,0.727686,0.785804,0.946164,0.95681,0.825337,0,0.0000000453792,3.13794E-11,1.00857E-10,0.0000000026459,0.0000000026459,0.0000000026459,9.431232,1.474977,0.00000838879
lp_scsd8,8584,397,2750,0,r,1,0,21.622166,10,24,6216,2368,72.414,0,8584,0,0,8584,0,9.666048,10.391328,11.666144,9.968288,9.793408,9.747328,9.881408,0.930203,0.828555,0.96968,0.986995,0.991661,0.978206,0,0.0000000298536,0.0000000283076,0,0,0,0,7.070784,1.36704,0.00000769379
Na5,305630,5832,5832,1,r,1,0,52.405693,14,204,267158,38472,87.412,204232,101398,66.823,0,305630,0,138.060959,156.896957,168.257477,166.117798,139.543579,137.828827,140.427811,0.879947,0.820534,0.831103,0.989375,1.001684,0.983145,0,0.0000000438737,0.0000000031333,2.33161E-10,0,0,0,79.176994,1.7437,0.0000093046
TSOPF_RS_b300_c1_b,7309,14538,137,0,r,1,7363,0.502751,0,2,7303,6,99.918,6904,405,94.459,7049,260,96.443,8.983648,9.328608,11.574304,10.030208,6.95456,6.925152,9.927136,0.963021,0.776172,0.895659,1.291764,1.297249,0.904959,0,0.0000000463608,0.0000000461559,8.71826E-11,0.00000000474183,0.00000000474183,0.00000000474183,8.718592,1.030401,0.00000517912
t2d_q9_A_37,87025,9801,9801,0,r,1,0,8.879196,4,9,2559,84466,2.941,23574,63451,27.089,24048,62977,27.633,89.190147,89.745247,95.796288,98.183517,92.526688,90.405792,94.23101,0.993815,0.93104,0.908402,0.96394,0.986553,0.946505,0,0.000000041497,2.2904E-11,3.71886E-10,9.2804E-10,9.2804E-10,9.2804E-10,46.891582,1.90205,0.0000078588
ww_vref_6405,48737,13251,13251,0,r,1,0,3.677987,1,32,6878,41859,14.112,48733,4,99.992,48737,0,100,25.555264,31.029312,32.795105,32.152576,31.025375,31.013439,31.746784,0.823585,0.77924,0.794812,0.823689,0.824006,0.804972,0,0.0000000141694,1.12064E-26,4.44406E-23,0.0000000141694,0.0000000141694,0.0000000141694,19.858433,1.286872,0.0000034066
lp_grow22,8252,440,946,0,r,1,0,18.754545,5,22,7326,926,88.778,5038,3214,61.052,0,8252,0,10.529248,11.304448,12.769792,12.542752,10.701888,10.786848,10.77952,0.931425,0.824543,0.839469,0.983868,0.976119,0.976783,0,0.0000000305439,0.000000021467,5.43098E-10,0,0,0,7.52128,1.399928,0.00000854091
hydr1c_A_15,19503,5308,5308,0,r,1,0,3.674265,1,12,7307,12196,37.466,18218,1285,93.411,18075,1428,92.678,12.108672,15.075488,18.043552,15.855616,14.538016,14.357952,15.86768,0.803203,0.67108,0.763684,0.832897,0.843343,0.763103,0,0.000000045463,1.13949E-13,6.72872E-11,3.59776E-10,3.59776E-10,3.59776E-10,8.86608,1.36573,0.0000080319
hydr1c_A_35,23541,5308,5308,0,r,1,0,4.435004,1,14,17998,5543,76.454,21792,1749,92.57,21537,2004,91.487,23.038464,27.193377,29.326559,27.940704,26.600033,26.435583,27.965088,0.847209,0.785584,0.824548,0.866107,0.871494,0.823829,0,0.0000000489634,4.39878E-12,1.1032E-10,0.00000000134293,0.00000000134293,0.00000000134293,16.957855,1.358572,0.0000073575
nd3k,3279690,9000,9000,1,r,1,0,364.41,127,515,3203738,75952,97.684,3071760,207930,93.66,0,3279690,0,657.056335,626.523499,640.82605,626.403259,661.720764,647.908142,657.754944,1.048734,1.025327,1.048935,0.992951,1.01412,0.998938,0,0.0000000437102,9.47093E-10,4.8236E-11,0,0,0,416.807678,1.576402,0.0000104781
lpi_cplex2,1215,224,378,0,r,1,0,5.424107,2,122,220,995,18.107,0,1215,0,0,1215,0,3.665536,4.360064,4.833472,3.941376,4.13296,3.796128,4.188192,0.840707,0.758365,0.930014,0.886903,0.965599,0.875207,0,0.0000000179111,0.00000000205075,0,0,0,0,7.843936,0.467308,0.00001304
ex35,228208,19716,19716,0,r,1,0,11.574762,1,18,134709,93499,59.029,136820,91388,59.954,103850,124358,45.507,199.352737,224.897049,214.799454,210.744064,204.201767,198.571228,224.063751,0.886418,0.928088,0.945947,0.976254,1.003936,0.889714,0,0.0000000413542,1.92818E-14,6.08585E-11,1.2426E-14,1.2426E-14,1.2426E-14,107.730782,1.850471,0.0000075717
scrs8-2r_A_07,7367,1820,3499,0,r,1,0,4.047802,1,15,2059,5308,27.949,774,6593,10.506,12,7355,0.163,8.791904,9.98544,10.677056,9.892992,8.83088,8.798752,9.162656,0.880472,0.823439,0.8887,0.995586,0.999222,0.959537,0,0.0000000368323,0.00000000330197,2.39088E-10,2.25688E-10,2.25688E-10,2.25688E-10,7.116352,1.235451,0.0000065092
dtoc,69972,24993,24993,1,r,1,0,2.799664,1,4,29988,39984,42.857,29988,39984,42.857,5005,64967,7.153,47.827137,41.292,59.151295,59.19408,50.007488,48.123009,49.717503,1.158266,0.808556,0.807972,0.9564,0.993852,0.961978,0,0.0000000265947,7.49342E-12,7.49342E-12,2.43463E-10,2.43463E-10,2.43463E-10,28.959072,1.651542,0.00000645673
s3rmt3m1,219521,5489,5489,1,r,1,0,39.992895,7,42,130417,89104,59.41,173865,45656,79.202,110090,109431,50.15,135.952164,153.567581,143.312515,146.21875,144.794983,143.18074,145.767197,0.885292,0.948641,0.929786,0.938929,0.949514,0.932666,0,0.0000000443719,2.33346E-11,1.73899E-10,1.25269E-10,1.25269E-10,1.25269E-10,78.303009,1.736232,0.00000852915
oscil_dcop_10,1544,430,430,0,r,1,0,3.590698,1,13,654,890,42.358,1386,158,89.767,1288,256,83.42,2.631232,3.081632,3.160928,3.040544,3.070464,3.043936,3.16624,0.853844,0.832424,0.865382,0.856949,0.864418,0.831027,0,0.0000000431197,6.38789E-14,2.45776E-10,3.27546E-10,3.27546E-10,3.27546E-10,3.613664,0.728134,0.00000375117
ge,44825,10099,16369,0,r,1,0,4.438558,1,48,5308,39517,11.842,5032,39793,11.226,2158,42667,4.814,38.781506,43.891808,44.440319,43.595776,39.475807,39.378654,41.779583,0.88357,0.872665,0.88957,0.982412,0.984836,0.928241,0,0.0000000323975,2.70319E-11,2.19099E-11,1.84426E-11,1.84426E-11,1.84426E-11,26.013472,1.490824,0.0000037334
bcsstk17,428650,10974,10974,1,r,1,0,39.060507,1,150,28154,400496,6.568,264441,164209,61.692,62081,366569,14.483,261.893768,297.078033,285.698944,298.203552,272.442841,269.0224,271.522491,0.881566,0.916677,0.878238,0.96128,0.973502,0.964538,0,0.0000000445521,1.57471E-14,1.50467E-10,7.41189E-11,7.41189E-11,7.41189E-11,146.086426,1.792732,0.00000977676
Dubcova1,253009,16129,16129,1,r,1,0,15.686589,4,25,240976,12033,95.244,63504,189505,25.1,0,253009,0,160.942139,172.537888,191.34346,193.39241,163.852066,160.38797,165.749893,0.932793,0.841116,0.832205,0.982241,1.003455,0.970994,0,0.0000000443936,0.0000000255439,1.04319E-14,0,0,0,85.199265,1.889009,0.00000826673
thermal,66528,3456,3456,0,r,1,0,19.25,12,27,66528,0,100,28224,38304,42.424,0,66528,0,67.444733,73.116867,75.762817,83.653603,67.634209,67.43325,69.171806,0.922424,0.890209,0.806238,0.997199,1.00017,0.975032,0,0.0000000489233,0.0000000489233,4.34475E-10,0,0,0,35.705727,1.888905,0.00000880109
ts-palko,1076903,22002,47235,0,r,1,0,48.945687,3,44560,119490,957413,11.096,0,1076903,0,0,1076903,0,709.076782,819.804443,815.50946,754.078918,766.217957,755.057617,766.985413,0.864934,0.869489,0.940322,0.925424,0.939103,0.924498,0,0.0000000380091,0.00000000158599,0,0,0,0,449.375732,1.577915,0.0000136189
t2d_q9_A_20,87025,9801,9801,0,r,1,0,8.879196,4,9,8139,78886,9.352,46390,40635,53.307,48456,38569,55.681,89.236931,89.630753,94.796036,100.939232,90.710304,89.691811,94.178368,0.995606,0.941357,0.884066,0.983757,0.994928,0.947531,0,0.0000000373499,8.23613E-12,1.98621E-10,5.10698E-10,5.10698E-10,5.10698E-10,45.999329,1.939962,0.00000845853
c-22,28872,3792,3792,1,r,1,0,7.613924,2,208,18050,10822,62.517,26999,1873,93.513,24397,4475,84.501,18.784639,22.069729,23.818239,23.646273,21.463327,21.036032,22.855553,0.85115,0.788666,0.794402,0.875197,0.892974,0.821885,0,0.0000000252254,1.78173E-11,3.0398E-11,0.0000000252254,0.0000000252254,0.0000000252254,13.30512,1.411835,0.00000522673
c-51,203050,23196,23196,1,r,1,0,8.753664,2,1570,134746,68304,66.361,32525,170525,16.018,834,202216,0.411,228.288773,246.682785,280.040771,259.251801,235.571335,227.593536,240.301437,0.925435,0.815198,0.880568,0.969086,1.003055,0.95001,0,0.0000000273761,5.62741E-10,4.53043E-11,3.50882E-11,3.50882E-11,3.50882E-11,124.401566,1.835096,0.00000703175
scsd8-2r_A_08,28290,1290,9030,0,r,1,0,21.930233,10,24,20560,7730,72.676,0,28290,0,0,28290,0,26.556095,28.795616,32.865471,27.606209,26.877537,26.725183,27.258432,0.922227,0.808024,0.961961,0.988041,0.993673,0.974234,0,0.0000000324488,0.0000000283525,0,0,0,0,15.902464,1.669936,0.00000888926
oscil_dcop_33,1544,430,430,0,r,1,0,3.590698,1,13,662,882,42.876,1386,158,89.767,1288,256,83.42,2.628928,3.118528,3.120288,3.08016,3.086208,3.045152,3.164512,0.843003,0.842527,0.853504,0.851831,0.863316,0.830753,0,0.0000000333595,3.95154E-14,1.90104E-10,2.33768E-10,2.33768E-10,2.33768E-10,3.49312,0.752602,0.00000639354
hydr1c_A_33,19503,5308,5308,0,r,1,0,3.674265,1,12,7306,12197,37.461,18219,1284,93.416,18075,1428,92.678,12.084192,15.21376,17.473185,15.880256,14.706784,14.389216,16.100576,0.794294,0.691585,0.760957,0.821675,0.839809,0.750544,0,0.0000000405306,9.00812E-14,5.22651E-11,2.27664E-10,2.27664E-10,2.27664E-10,9.783552,1.235154,0.0000109747
oscil_dcop_49,1544,430,430,0,r,1,0,3.590698,1,13,662,882,42.876,1386,158,89.767,1288,256,83.42,2.630592,3.213088,3.383296,3.033984,3.117888,3.066688,3.194304,0.818711,0.777523,0.867042,0.84371,0.857796,0.823526,0,0.0000000134578,3.85595E-14,1.69574E-10,2.40295E-10,2.40295E-10,2.40295E-10,3.74496,0.702435,0.00000646728
t2d_q9_A_29,87025,9801,9801,0,r,1,0,8.879196,4,9,1621,85404,1.863,44917,42108,51.614,46629,40396,53.581,89.186882,89.641731,94.882973,100.569504,91.078369,89.910431,94.356766,0.994926,0.939967,0.886818,0.979232,0.991953,0.945209,0,0.0000000415671,7.07648E-13,2.21575E-10,6.00094E-10,6.00094E-10,6.00094E-10,45.532448,1.958754,0.00000679259
west0156,371,156,156,0,r,1,0,2.378205,1,7,117,254,31.536,367,4,98.922,368,3,99.191,2.387296,2.4208,2.691552,2.631648,2.80736,2.744352,2.603648,0.98616,0.886959,0.907149,0.85037,0.869894,0.916904,0,0.0000000138234,1.04819E-14,4.3385E-13,0.0000000105297,0.0000000105297,0.0000000105297,3.350848,0.712445,0.00000947015
large_A_10,19617,4237,8576,0,r,1,0,4.629927,2,21,7358,12259,37.508,16949,2668,86.4,12803,6814,65.265,17.510208,19.676737,21.899776,22.406048,18.710304,18.644447,21.221727,0.889894,0.799561,0.781495,0.935859,0.939165,0.825108,0,0.0000000492379,2.32115E-11,1.42514E-10,0.0000000208376,0.0000000208376,0.0000000208376,12.496224,1.40124,0.00000676407
viscoplastic1_C_7,61166,4326,4326,0,r,1,0,14.139159,7,37,25926,35240,42.386,33234,27932,54.334,22326,38840,36.501,39.369122,43.450783,50.311039,49.20512,40.465569,40.689056,41.69075,0.906062,0.782515,0.800102,0.972904,0.96756,0.944313,0,0.0000000348822,3.40825E-14,1.9072E-10,3.0503E-14,3.0503E-14,3.0503E-14,21.944416,1.794038,0.0000081609
garon2,390607,13535,13535,0,r,1,0,28.859032,5,45,324878,65729,83.173,221194,169413,56.628,67285,323322,17.226,297.028381,322.534698,358.147125,343.716156,303.176941,300.390045,306.672791,0.920919,0.829347,0.864168,0.97972,0.988809,0.968551,0,0.0000000449519,0.00000000727449,5.45626E-11,3.90069E-11,3.90069E-11,3.90069E-11,156.052704,1.903385,0.0000078916
t2d_q4_A_03,87025,9801,9801,0,r,1,0,8.879196,4,9,60397,26628,69.402,0,87025,0,0,87025,0,89.260284,89.61776,107.466141,92.540031,90.064545,88.654877,92.985535,0.996011,0.83059,0.964559,0.99107,1.006829,0.959937,0,0.0000000460235,0.00000000221055,0,0,0,0,45.496384,1.96192,0.00000795738
west0132,414,132,132,0,r,1,0,3.136364,1,9,168,246,40.58,386,28,93.237,377,37,91.063,2.242656,3.102432,2.636224,2.64144,3.118528,2.871936,2.909952,0.72287,0.850708,0.849028,0.719139,0.780886,0.770685,0,0.0000000429271,7.27826E-13,4.75649E-11,0.00000000406178,0.00000000406178,0.00000000406178,3.149088,0.71216,0.00000359198
kineticBatchReactor_9,86183,8115,8115,1,r,1,0,10.620209,1,2720,77585,8598,90.024,86100,83,99.904,86183,0,100,77.903549,80.147774,87.8936,83.279457,80.171043,80.282402,82.127235,0.971999,0.886339,0.935447,0.971717,0.970369,0.948571,0,0.00000003349,1.56835E-14,2.65711E-13,0.00000003349,0.00000003349,0.00000003349,40.524929,1.922361,0.00000331829
hydr1c_A_01,22592,5308,5308,0,r,1,0,4.256217,1,14,6973,15619,30.865,20886,1706,92.449,20590,2002,91.138,21.672928,24.763552,29.206495,25.582304,24.075745,24.133696,25.608128,0.875195,0.742058,0.847184,0.900198,0.898036,0.84633,0,0.000000045473,8.34649E-14,6.93833E-11,3.81171E-10,3.81171E-10,3.81171E-10,15.213472,1.424588,0.00000778147
hangGlider_3,92703,10260,10260,1,r,1,0,9.03538,2,9119,66161,26542,71.369,46149,46554,49.782,4808,87895,5.186,123.19075,120.633537,154.860291,154.379166,143.46524,123.592384,146.729767,1.021198,0.795496,0.797975,0.85868,0.99675,0.839576,0,0.0000000492338,6.15485E-10,1.00611E-10,1.86005E-10,1.86005E-10,1.86005E-10,61.489441,2.003446,0.00000754757
ex2,26839,441,441,1,r,1,0,60.85941,28,125,7316,19523,27.259,17812,9027,66.366,5761,21078,21.465,12.995552,15.513696,14.479808,15.145248,13.907392,13.70544,13.727584,0.837683,0.897495,0.858061,0.934435,0.948204,0.946674,0,0.0000000343264,4.18811E-14,1.43171E-10,3.14363E-11,3.14363E-11,3.14363E-11,8.331776,1.559758,0.0000119739
t2dah_e,176117,11445,11445,1,r,1,0,15.388117,8,21,176117,0,100,93342,82775,53,80475,95642,45.694,121.557091,138.220291,145.029465,134.990952,132.384323,128.316223,132.802277,0.879445,0.838154,0.900483,0.918214,0.947324,0.915324,0,0.0000000429589,0.0000000429589,3.82846E-10,2.63812E-10,2.63812E-10,2.63812E-10,66.628548,1.8244,0.00000824978
t3dl_e,20360,20360,20360,1,r,1,0,1,1,1,20360,0,100,3160,17200,15.521,20360,0,100,13.85856,14.86096,15.665312,18.624672,15.367776,15.27392,15.726912,0.932548,0.884665,0.744097,0.901793,0.907335,0.8812,0,0.0000000479736,0.0000000479736,1.1982E-10,0.0000000479736,0.0000000479736,0.0000000479736,13.067808,1.060511,0.00000362953
lp_standmps,3878,467,1274,0,r,1,0,8.304069,2,745,0,3878,0,0,3878,0,0,3878,0,7.120128,8.631136,7.327872,7.302304,7.705216,7.294048,7.795648,0.824935,0.97165,0.975052,0.924066,0.976156,0.913347,0,0.0000000253806,0,0,0,0,0,6.032352,1.180324,0.0000223612
bcsstm37,15525,25503,25503,1,r,1,11498,0.608752,0,5,15525,0,100,1632,13893,10.512,14783,742,95.221,17.310944,18.750528,20.723776,19.952225,11.702112,11.895328,20.710112,0.923224,0.835318,0.86762,1.479301,1.455273,0.835869,0,0.0000000438595,0.0000000438595,4.93739E-10,0.0000000432597,0.0000000432597,0.0000000432597,14.75344,1.17335,0.00000379957
nemsemm2,182012,6943,48878,0,r,1,0,26.215181,1,4176,96851,85161,53.211,57432,124580,31.554,21,181991,0.012,157.615326,169.025345,174.125305,165.190521,156.338531,154.736252,159.137863,0.932495,0.905183,0.954143,1.008167,1.018606,0.990433,0,0.0000000330667,1.86875E-10,1.29583E-10,2.12337E-12,2.12338E-12,2.12328E-12,79.944641,1.971556,0.0000107986
saylr4,22316,3564,3564,1,r,1,0,6.261504,3,7,12672,9644,56.784,12748,9568,57.125,347,21969,1.555,14.388128,15.655968,19.154305,18.377119,14.306816,14.380864,15.181568,0.919019,0.751169,0.782937,1.005683,1.000505,0.947737,0,0.0000000380806,1.00887E-11,1.02616E-11,2.54441E-12,2.54441E-12,2.54441E-12,10.526336,1.36687,0.0000071327
bayer04,159082,20545,20545,0,r,1,0,7.743101,1,34,140881,18201,88.559,157016,2066,98.701,151424,7658,95.186,95.853409,108.829437,115.658623,110.342911,110.406784,108.388641,111.94413,0.880767,0.828761,0.868687,0.868184,0.884349,0.856261,0,0.0000000440303,1.2085E-15,3.32611E-12,1.54624E-10,1.54624E-10,1.54624E-10,58.792767,1.630361,0.00000460947
s2rmq4m1,281111,5489,5489,1,r,1,0,51.213518,13,54,150443,130668,53.517,225025,56086,80.048,108740,172371,38.682,145.042084,168.945465,158.46582,159.716476,154.102875,152.55481,155.506882,0.858514,0.915289,0.908122,0.941203,0.950754,0.932705,0,0.0000000437401,4.48433E-12,1.37161E-10,7.90232E-11,7.90232E-11,7.90232E-11,82.75325,1.752706,0.00000849048
hydr1,23752,5308,5308,0,r,1,0,4.474755,1,14,8133,15619,34.241,22047,1705,92.822,21558,2194,90.763,22.713345,26.6416,26.982304,27.384384,25.802752,25.767551,27.472704,0.852552,0.841787,0.829427,0.880268,0.881471,0.82676,0,0.0000000428159,9.47725E-14,6.21718E-11,2.5309E-10,2.5309E-10,2.5309E-10,15.66096,1.450316,0.00000771668
jan99jac020,38692,6774,6774,0,r,1,0,5.711839,2,68,25566,13126,66.076,38275,417,98.922,38199,493,98.726,28.931328,33.973122,37.406017,35.539711,34.164833,33.905602,35.368961,0.851595,0.77344,0.814056,0.846816,0.853291,0.817986,0,0.0000000469847,2.92551E-13,1.89273E-12,0.0000000292917,0.0000000292917,0.0000000292917,19.412352,1.490357,0.00000570595
hor_131,4710,434,434,0,r,1,0,10.852535,4,41,4710,0,100,2342,2368,49.724,690,4020,14.65,6.120352,6.381568,7.256096,6.90896,5.967936,5.936608,6.011616,0.959067,0.843477,0.885857,1.025539,1.030951,1.018088,0,0.0000000411638,0.0000000411638,3.14205E-10,4.23201E-10,4.23201E-10,4.23201E-10,3.930976,1.556955,0.00000654463
delf_A_12,14915,3134,6609,0,r,1,0,4.759094,2,21,5907,9008,39.604,12709,2206,85.21,9094,5821,60.972,13.5776,15.2392,16.95504,17.252224,14.316704,14.171552,16.402847,0.890965,0.8008,0.787006,0.948375,0.958088,0.827759,0,0.0000000472039,2.7235E-11,1.08852E-10,0.00000000312132,0.00000000312132,0.00000000312132,10.056128,1.350182,0.00000757733
TSC_OPF_300,820804,9774,9774,1,r,1,0,83.97831,1,4206,783140,37664,95.411,696043,124761,84.8,88940,731864,10.836,286.936554,321.931396,348.568237,345.310699,290.324127,286.952057,292.523346,0.891297,0.823186,0.830952,0.988332,0.999946,0.980901,0,0.0000000314441,1.34076E-10,5.54221E-12,2.13217E-11,2.13217E-11,2.13217E-11,166.036514,1.728153,0.00000810019
t2d_q4_A_02,87025,9801,9801,0,r,1,0,8.879196,4,9,51027,35998,58.635,19826,67199,22.782,20364,66661,23.4,89.215614,89.683708,105.039261,97.528481,91.972221,90.10733,94.113762,0.994781,0.849355,0.914765,0.970028,0.990104,0.947955,0,0.0000000429541,8.16571E-10,3.28686E-10,9.64004E-10,9.64004E-10,9.64004E-10,46.526978,1.917503,0.00000841527
large_A_09,19648,4248,8587,0,r,1,0,4.625235,2,21,7360,12288,37.459,16986,2662,86.452,12861,6787,65.457,17.499489,19.845345,22.4384,22.448864,18.698561,18.659616,21.262527,0.881793,0.77989,0.779527,0.935874,0.937827,0.82302,0,0.0000000448668,2.17635E-11,1.22236E-10,0.000000020359,0.000000020359,0.000000020359,12.974304,1.348781,0.00000775935
hydr1c_A_71,19488,5308,5308,0,r,1,0,3.671439,1,12,7304,12184,37.479,18205,1283,93.416,18060,1428,92.672,12.121248,14.920992,16.332031,15.837664,14.475456,14.318208,15.912672,0.812362,0.742176,0.765343,0.837366,0.846562,0.761736,0,0.0000000359348,1.06252E-13,5.85072E-11,2.95749E-10,2.95749E-10,2.95749E-10,9.513312,1.274135,0.00000662044
t3dl,509866,20360,20360,1,r,1,0,25.042534,8,27,509866,0,100,411614,98252,80.73,381920,127946,74.906,415.235657,438.683044,451.982483,474.881775,436.429138,427.995544,436.301544,0.946551,0.918699,0.874398,0.951439,0.970187,0.951717,0,0.0000000463141,0.0000000463141,7.96078E-11,9.05517E-11,9.05517E-11,9.05517E-11,205.390244,2.021691,0.00000910568
Zd_Jac3,1916152,22835,22835,0,r,1,0,83.912941,1,1050,1736820,179332,90.641,1894917,21235,98.892,1671538,244614,87.234,663.718018,741.376648,735.321228,769.49939,735.790955,728.665771,733.640137,0.895251,0.902623,0.862532,0.902047,0.910868,0.904692,0,0.0000000603589,4.89097E-14,1.13693E-13,2.1589E-10,2.1589E-10,2.1589E-10,395.685577,1.677387,0.00000918057
oscil_dcop_15,1544,430,430,0,r,1,0,3.590698,1,13,662,882,42.876,1386,158,89.767,1288,256,83.42,2.641568,3.524576,3.989248,3.03456,3.06944,3.059104,3.153088,0.749471,0.662172,0.870495,0.860603,0.86351,0.837772,0,0.0000000258509,4.82514E-14,1.65465E-10,2.04396E-10,2.04396E-10,2.04396E-10,4.19568,0.629592,0.00000424409
lhr10,232633,10672,10672,0,r,1,0,21.798445,1,63,215433,17200,92.606,117716,114917,50.602,22368,210265,9.615,235.996964,265.005249,290.628815,271.029541,241.531815,240.0168,244.479675,0.890537,0.812022,0.870743,0.977084,0.983252,0.965303,0,0.0000000346846,0.0000000290073,4.8649E-10,0.00000000508953,0.00000000508953,0.00000000508953,124.634178,1.893517,0.00000774514
oscil_dcop_56,1544,430,430,0,r,1,0,3.590698,1,13,662,882,42.876,1386,158,89.767,1288,256,83.42,2.65824,3.044544,4.136736,3.033504,3.052224,3.049056,3.623328,0.873116,0.642594,0.876294,0.870919,0.871824,0.733646,0,0.0000000508728,7.94403E-14,3.73048E-10,5.88687E-10,5.88687E-10,5.88687E-10,2.54176,1.045827,0.00000475727
oscil_dcop_21,1544,430,430,0,r,1,0,3.590698,1,13,661,883,42.811,1386,158,89.767,1288,256,83.42,3.49104,3.02896,3.917696,3.030752,3.04656,3.073504,3.251904,1.152554,0.891095,1.151873,1.145896,1.13585,1.073537,0,0.0000000679072,5.52814E-14,2.00658E-10,2.69692E-10,2.69692E-10,2.69692E-10,3.536736,0.98708,0.00000320988
large_A_36,20676,4293,8624,0,r,1,0,4.816212,2,21,8443,12233,40.835,18139,2537,87.73,13543,7133,65.501,17.768097,20.044096,22.19952,22.622688,18.803232,18.743008,21.541504,0.88645,0.800382,0.78541,0.944949,0.947985,0.824831,0,0.0000000399481,3.1805E-11,1.31646E-10,0.0000000206336,0.0000000206336,0.0000000206336,12.767456,1.391671,0.00000707944
lp_beaconfd,3408,173,295,0,r,1,0,19.699422,1,154,2321,1087,68.104,2289,1119,67.165,1912,1496,56.103,5.695456,6.394496,6.762912,6.304224,6.200768,6.084096,6.159232,0.890681,0.84216,0.903435,0.918508,0.936122,0.924702,0,0.0000000375033,4.81595E-10,5.16245E-10,4.26431E-10,4.26431E-10,4.26431E-10,4.640544,1.227325,0.00000640386
hydr1c_A_39,19503,5308,5308,0,r,1,0,3.674265,1,12,7310,12193,37.481,18221,1282,93.427,18075,1428,92.678,12.047872,14.948768,16.283039,15.816544,14.47264,14.320128,15.812576,0.805944,0.739903,0.761726,0.832458,0.841324,0.761917,0,0.0000000496196,1.21412E-13,6.61077E-11,3.29409E-10,3.29409E-10,3.29409E-10,9.539072,1.263002,0.00000733105
ex15,98671,6867,6867,1,r,1,0,14.368866,4,18,32638,66033,33.078,51118,47553,51.807,19825,78846,20.092,77.961533,87.27578,80.384575,79.62365,77.735359,75.54525,89.636322,0.893278,0.969857,0.979125,1.00291,1.031985,0.869754,0,0.0000000410537,1.88595E-14,2.12701E-10,1.05778E-17,1.05778E-17,1.05778E-17,39.112385,1.99327,0.00000815527
hydr1c_A_70,19492,5308,5308,0,r,1,0,3.672193,1,12,7308,12184,37.492,18209,1283,93.418,18064,1428,92.674,12.077984,14.949248,17.60528,15.824128,14.475392,14.350496,15.827264,0.807933,0.686043,0.763264,0.83438,0.841642,0.763113,0,0.0000000371089,9.39672E-14,5.25402E-11,3.17468E-10,3.17468E-10,3.17468E-10,9.97632,1.210665,0.00000789688
s1rmq4m1,281111,5489,5489,1,r,1,0,51.213518,13,54,65570,215541,23.325,223785,57326,79.607,86826,194285,30.887,145.043228,168.885849,161.001465,160.012894,154.983002,152.337112,153.657913,0.858824,0.900881,0.906447,0.935865,0.95212,0.943936,0,0.0000000521192,1.19016E-13,2.04515E-10,1.2347E-10,1.2347E-10,1.2347E-10,82.553986,1.75695,0.00000944739
wm1,2909,207,277,0,r,1,0,14.05314,1,107,2349,560,80.749,1776,1133,61.052,182,2727,6.256,4.07424,4.583936,4.636608,4.539424,4.139552,4.181504,4.722656,0.888808,0.878711,0.897524,0.984222,0.974348,0.862701,0,0.0000000680767,4.27419E-10,2.67841E-11,4.36883E-10,4.36883E-10,4.36883E-10,3.689632,1.10424,0.00000828787
crystm01,105339,4875,4875,1,r,1,0,21.608,8,27,105339,0,100,5760,99579,5.468,0,105339,0,101.317825,102.327553,107.279648,109.087967,100.863747,100.347008,102.232353,0.990132,0.944427,0.928772,1.004502,1.009675,0.991054,0,0.0000000412977,0.0000000412977,4.10798E-10,0,0,0,49.639584,2.041069,0.00000898871
oscil_dcop_35,1544,430,430,0,r,1,0,3.590698,1,13,662,882,42.876,1386,158,89.767,1288,256,83.42,2.686304,3.045888,4.368832,3.040928,3.055872,3.832032,3.209664,0.881944,0.614879,0.883383,0.879063,0.701013,0.836942,0,0.0000000240923,3.59533E-14,1.46829E-10,1.8253E-10,1.8253E-10,1.8253E-10,3.529152,0.761176,0.00000485813
Olivetti_norm_10NN,5656,400,400,1,r,1,0,14.14,10,60,5656,0,100,0,5656,0,0,5656,0,5.858848,6.535104,7.498944,5.992192,5.881536,5.944,6.097408,0.89652,0.78129,0.977747,0.996143,0.985674,0.960875,0,0.0000000456001,0.0000000456001,0,0,0,0,5.161632,1.135077,0.00000790676
bcsstk07,7860,420,420,1,r,1,0,18.714286,2,28,2486,5374,31.628,5466,2394,69.542,473,7387,6.018,10.088032,10.833216,12.02848,12.053632,10.281024,10.266464,10.475968,0.931213,0.838679,0.836929,0.981228,0.98262,0.962969,0,0.0000000552949,2.2149E-14,1.76123E-10,8.35029E-11,8.35029E-11,8.35029E-11,6.682272,1.509671,0.00000731288
OPF_6000,302418,29902,29902,1,r,1,0,10.113638,2,76,103781,198637,34.317,250345,52073,82.781,113548,188870,37.547,273.61499,293.787354,338.00116,323.562317,291.253052,282.208313,293.424896,0.931337,0.809509,0.845633,0.939441,0.96955,0.932487,0,0.000000462514,3.76552E-13,6.86881E-11,1.38558E-10,1.38558E-10,1.38558E-10,144.448318,1.894207,0.00000178729
iris_dataset_30NN,5518,150,150,1,r,1,0,36.786667,30,59,5510,8,99.855,442,5076,8.01,0,5518,0,5.488352,5.966944,6.059264,6.106432,5.65328,5.53056,5.584512,0.919793,0.905779,0.898782,0.970826,0.992368,0.982781,0,0.0000000380433,0.0000000378838,6.63975E-10,0,0,0,4.78384,1.147269,0.00000883285
bcsstk35,1450163,30237,30237,1,r,1,0,47.959884,5,222,39588,1410575,2.73,918288,531875,63.323,287417,1162746,19.82,758.184753,872.49292,809.86853,841.541077,788.859741,782.520325,789.920166,0.868987,0.936183,0.900948,0.961115,0.968901,0.959825,0,0.0000000438807,2.42483E-14,4.58954E-11,1.93624E-11,1.93624E-11,1.93624E-11,421.939972,1.796902,0.0000140461
Fashion_MNIST_norm_10NN,158304,10000,10000,1,r,1,0,15.8304,10,123,158302,2,99.999,0,158304,0,0,158304,0,107.45533,119.059677,123.827843,109.400002,109.962883,106.846237,109.029533,0.902533,0.86778,0.982224,0.977196,1.005701,0.985562,0,0.000000044017,0.0000000439909,0,0,0,0,63.874752,1.682282,0.00000858422
Pd,13036,8081,8081,0,r,1,0,1.613167,1,5,874,12162,6.705,12702,334,97.438,12907,129,99.01,8.06096,9.965792,9.675488,10.703488,10.391552,10.346272,10.71424,0.808863,0.833132,0.753115,0.775722,0.779117,0.752359,0,0.0000000381927,1.15157E-11,5.96854E-11,0.0000000381042,0.0000000381042,0.0000000381042,7.384864,1.091552,0.00000622869
t2d_q4_A_32,87025,9801,9801,0,r,1,0,8.879196,4,9,2574,84451,2.958,29319,57706,33.69,30432,56593,34.969,89.155357,89.682335,93.610626,99.277313,92.680412,90.618912,94.374207,0.994124,0.952406,0.898044,0.961965,0.983849,0.9447,0,0.0000000446715,1.14111E-11,3.02991E-10,8.05741E-10,8.05741E-10,8.05741E-10,46.048897,1.936102,0.00000951668
case9_A_09,147972,14454,14454,1,r,1,0,10.237443,1,7210,104382,43590,70.542,147954,18,99.988,147880,92,99.938,133.879196,143.23613,154.698273,148.033218,147.120636,143.399292,148.918777,0.934675,0.865421,0.904386,0.909996,0.933611,0.899008,0,0.00000000591156,2.69391E-14,2.98664E-14,2.1775E-12,2.1775E-12,2.1775E-12,71.33149,1.87686,0.0000122358
t2d_q9_A_23,87025,9801,9801,0,r,1,0,8.879196,4,9,10985,76040,12.623,21804,65221,25.055,22611,64414,25.982,89.115776,89.799934,95.469086,98.232925,92.302788,90.19651,94.243362,0.992381,0.933452,0.907188,0.965472,0.988018,0.945592,0,0.0000000455584,1.47186E-10,3.26209E-10,8.75595E-10,8.75595E-10,8.75595E-10,46.963425,1.897557,0.00000826637
l9,4659,244,1483,0,r,1,0,19.094262,11,22,3524,1135,75.639,1248,3411,26.787,0,4659,0,6.832672,7.171616,8.650624,7.94784,7.011328,6.894848,6.964768,0.952738,0.789847,0.859689,0.974519,0.990982,0.981034,0,0.0000000402833,0.0000000240764,0.00000000121587,0,0,0,4.17376,1.637054,0.00000929372
circuit_2,21199,4510,4510,0,r,1,0,4.700443,1,1274,14706,6493,69.371,14618,6581,68.956,14238,6961,67.164,28.464928,33.326401,32.955647,32.930943,25.727968,26.411713,32.662304,0.854125,0.863734,0.864382,1.106381,1.077739,0.871492,0,0.0000000243341,5.26275E-10,2.83381E-10,0.00000000268465,0.00000000268465,0.00000000268465,21.400097,1.330131,0.00000514176
bcsstk24,159910,3562,3562,1,r,1,0,44.893318,15,57,758,159152,0.474,150594,9316,94.174,135436,24474,84.695,90.335136,102.987648,95.325027,105.49424,101.553406,100.616386,102.511391,0.877145,0.947654,0.856304,0.889533,0.897817,0.88122,0,0.0000000507695,8.87919E-15,2.22373E-11,9.7951E-12,9.79511E-12,9.7951E-12,51.518463,1.753452,0.00000878236
c-39,136811,9271,9271,1,r,1,0,14.756876,2,668,117855,18956,86.144,108891,27920,79.592,20474,116337,14.965,97.502174,106.403648,120.300323,117.677567,103.885918,101.036575,104.497536,0.916342,0.81049,0.828554,0.93855,0.965019,0.933057,0,0.000000024013,2.26144E-11,1.21996E-11,1.55842E-11,1.55842E-11,1.55842E-11,54.671329,1.783424,0.00000623737
lp_scfxm1,2732,330,600,0,r,1,0,8.278788,1,57,1211,1521,44.327,1162,1570,42.533,487,2245,17.826,5.208256,5.64016,6.441248,5.611872,5.293824,5.241824,5.816256,0.923423,0.808579,0.928078,0.983836,0.993596,0.895465,0,0.0000000203609,1.71347E-10,1.21314E-10,1.17894E-10,1.17894E-10,1.17894E-10,4.55824,1.142602,0.00000954284
lp_wood1p,70216,244,2595,0,r,1,0,287.770492,2,2592,28079,42137,39.989,46216,24000,65.82,14659,55557,20.877,16.638111,20.289696,18.655519,19.469248,17.898945,17.661568,17.705919,0.820028,0.89186,0.854584,0.929558,0.942052,0.939692,0,0.0000000388594,4.61629E-11,3.11433E-10,0.0000000036271,0.0000000036271,0.0000000036271,12.820672,1.297757,0.0000240268
mesh2e1,2018,306,306,1,r,1,0,6.594771,3,10,1160,858,57.483,1070,948,53.023,47,1971,2.329,3.060704,3.1896,4.607136,3.403232,3.171392,3.226624,3.107904,0.959589,0.66434,0.899352,0.965098,0.948578,0.984813,0,0.0000000439655,7.32652E-10,5.66567E-10,2.37048E-10,2.37048E-10,2.37048E-10,2.726944,1.122393,0.00000657071
mbeacxc,49920,496,496,0,r,1,48,100.645161,0,484,49920,0,100,23849,26071,47.774,578,49342,1.158,15.441408,19.391264,19.945057,19.187424,15.117312,14.995808,15.912992,0.796307,0.774197,0.804767,1.021439,1.029715,0.970365,0,0.0000000433018,0.0000000433018,2.20479E-10,0.00000000117364,0.00000000117364,0.00000000117364,9.735936,1.586022,0.0000124419
gemat12,33111,4929,4929,0,r,1,0,6.71759,2,44,22076,11035,66.673,6598,26513,19.927,6,33105,0.018,20.887648,24.052353,27.537151,25.656864,21.287552,21.057793,21.667871,0.868424,0.758526,0.814115,0.981214,0.99192,0.963992,0,0.0000000220252,0.00000000269416,1.86354E-10,1.1535E-11,1.1535E-11,1.1535E-11,13.893696,1.50339,0.00000899509
lp_dfl001,35632,6071,12230,0,r,1,0,5.869214,2,228,90,35542,0.253,6,35626,0.017,0,35632,0,27.185184,32.638016,29.472383,28.402431,27.353439,27.172384,28.140064,0.83293,0.922395,0.957143,0.993849,1.000471,0.966067,0,0.0000000265064,7.17024E-10,3.28804E-11,0,0,0,17.669537,1.538534,0.00000773113
TSOPF_FS_b162_c1,608540,10798,10798,1,r,1,0,56.356733,1,5054,515525,93015,84.715,576364,32176,94.713,343918,264622,56.515,285.690338,312.145935,319.899261,321.302399,305.547028,299.696442,303.413971,0.915246,0.893063,0.889163,0.935013,0.953266,0.941586,0,0.0000000459145,2.49644E-12,2.4474E-11,6.08287E-11,6.08287E-11,6.08287E-11,160.310974,1.782101,0.00000799642
LF10000_M,99982,19998,19998,1,r,1,0,4.9996,3,5,99982,0,100,69990,29992,70.003,49994,49988,50.003,81.175903,86.592163,89.137756,103.826691,84.78611,83.609795,104.782845,0.937451,0.910679,0.78184,0.95742,0.97089,0.774706,0,0.0000000449369,0.0000000449369,3.4563E-14,2.13218E-14,2.13218E-14,2.13218E-14,47.313313,1.71571,0.00000622086
bcsstm38,10485,8032,8032,1,r,1,2833,1.305403,0,20,10483,2,99.981,8698,1787,82.957,10252,233,97.778,8.15712,9.635008,10.60576,9.753504,8.014272,7.804352,10.051744,0.846613,0.769122,0.836327,1.017824,1.045201,0.811513,0,0.0000000320124,1.80582E-10,7.95616E-12,0.0000000320124,0.0000000320124,0.0000000320124,7.619488,1.07056,0.00000432602
coupled,98523,11341,11341,0,r,1,0,8.687329,1,3090,91598,6925,92.971,53267,45256,54.066,115,98408,0.117,120.009117,124.903778,146.524643,143.352036,128.983109,119.868896,129.634399,0.960813,0.819037,0.837164,0.930425,1.00117,0.925751,0,0.0000000597643,0.00000000625291,1.75738E-10,3.08241E-10,3.08241E-10,3.08241E-10,61.066017,1.965236,0.0000231528
t2d_q9_A_28,87025,9801,9801,0,r,1,0,8.879196,4,9,10943,76082,12.575,17659,69366,20.292,17811,69214,20.467,89.161949,89.642174,96.6231,97.009598,91.690849,90.056831,94.043648,0.994643,0.922781,0.919104,0.972419,0.990063,0.948091,0,0.0000000450833,2.47727E-10,4.53627E-10,0.00000000117319,0.00000000117319,0.00000000117319,46.860096,1.902727,0.00000803144
eurqsa,46142,7245,7245,1,r,1,0,6.368806,3,37,10,46132,0.022,28610,17532,62.004,16592,29550,35.959,27.839457,30.946848,29.235231,34.207039,29.071808,29.073856,30.488512,0.899589,0.952257,0.813852,0.95761,0.957543,0.913113,0,0.0000000464201,1.34079E-15,3.21946E-10,2.72867E-10,2.72867E-10,2.72867E-10,19.382689,1.436305,0.00000778021
lpi_refinery,1626,323,464,0,r,1,0,5.034056,1,14,532,1094,32.718,1263,363,77.675,1034,592,63.592,3.447296,3.535552,3.63904,3.587616,3.637408,3.628576,3.826144,0.975038,0.947309,0.960888,0.947734,0.950041,0.900984,0,0.0000000301258,3.18162E-11,1.53012E-10,0.00000000539377,0.00000000539377,0.00000000539377,3.552448,0.9704,0.00000587636
indianpines_10NN,124656,9144,9144,1,r,1,0,13.632546,10,63,124656,0,100,0,124656,0,0,124656,0,90.639549,99.555199,102.879234,93.1464,92.906723,90.200256,93.018944,0.910445,0.881029,0.973087,0.975597,1.00487,0.97442,0,0.0000000433441,0.0000000433441,0,0,0,0,49.918465,1.815752,0.00000821766
psmigr_3,543162,3140,3140,0,r,1,0,172.981529,4,2294,543162,0,100,276710,266452,50.944,0,543162,0,135.96521,148.228867,150.569595,144.642593,136.082367,134.408646,136.134842,0.917265,0.903006,0.940008,0.999139,1.011581,0.998754,0,0.0000000369456,0.0000000369456,1.5532E-10,0,0,0,94.562912,1.437828,0.0000109315
TSOPF_FS_b300_c1,4400122,29214,29214,1,r,1,0,150.616896,1,13942,3833963,566159,87.133,3915726,484396,88.991,2411776,1988346,54.812,1207.467285,1188.335083,1201.405151,1236.55542,1161.878418,1155.921753,1163.848999,1.0161,1.005046,0.976476,1.039237,1.044593,1.037478,0,0.0000000452807,6.64688E-13,4.1141E-12,0.00000000779332,0.00000000779332,0.00000000779332,714.812744,1.689208,0.00000717872
lpi_qual,1646,323,464,0,r,1,0,5.095975,1,14,536,1110,32.564,1252,394,76.063,951,695,57.776,3.304928,3.543648,4.427936,3.566656,3.529152,3.55664,3.762112,0.932634,0.746381,0.926618,0.936465,0.929228,0.878477,0,0.0000000496294,1.86066E-11,6.6502E-11,0.00000000536763,0.00000000536763,0.00000000536763,3.677664,0.898649,0.00000866992
crystk03,1751178,24696,24696,1,r,1,0,70.909378,24,81,1751178,0,100,705180,1045998,40.269,0,1751178,0,692.8974,795.098083,811.797485,759.896484,706.875732,690.074585,709.753662,0.871462,0.853535,0.911831,0.980225,1.004091,0.976251,0,0.0000000440553,0.0000000440553,3.95625E-10,0,0,0,394.506073,1.756367,0.00000990667
ch,24102,3700,8291,0,r,1,0,6.514054,1,75,6421,17681,26.641,2916,21186,12.099,18,24084,0.075,16.035744,18.108128,18.750816,17.036127,16.110592,16.08592,16.456097,0.885555,0.855202,0.941279,0.995354,0.996881,0.974456,0,0.000000086853,0.00000000131895,2.41346E-10,7.30095E-11,7.30095E-11,7.30095E-11,11.295136,1.419703,0.00000650325
s3rmt3m3,207695,5357,5357,1,r,1,0,38.770767,7,48,123672,84023,59.545,164596,43099,79.249,104100,103595,50.122,128.599899,144.088669,139.780518,141.670181,138.988998,137.385666,137.838074,0.892505,0.920013,0.907741,0.925252,0.93605,0.932978,0,0.0000000443493,2.36874E-11,2.01087E-10,1.46534E-10,1.46534E-10,1.46534E-10,72.328865,1.777989,0.00000891224
std1_Jac3_db,531826,21982,21982,0,r,1,0,24.193704,1,211,415697,116129,78.164,525154,6672,98.745,389291,142535,73.199,493.839508,538.019958,533.549744,558.15686,539.84729,532.164124,538.562866,0.917883,0.925574,0.884768,0.914776,0.927983,0.916958,0,0.00000000814278,2.20834E-14,3.72535E-13,6.35329E-11,6.35329E-11,6.35329E-11,260.710571,1.894206,0.00000810678
CurlCurl_0,113343,11083,11083,1,r,1,0,10.226744,4,13,0,113343,0,7856,105487,6.931,0,113343,0,100.898178,105.021378,105.008957,117.846306,102.087967,100.3759,105.198212,0.960739,0.960853,0.856184,0.988345,1.005203,0.959124,0,0.0000000403246,0,2.66598E-10,0,0,0,52.147327,1.934868,0.00000749269
oscil_dcop_11,1544,430,430,0,r,1,0,3.590698,1,13,662,882,42.876,1386,158,89.767,1288,256,83.42,2.6208,3.057504,4.082208,3.041056,3.059712,3.086784,3.175968,0.85717,0.642005,0.861806,0.856551,0.849039,0.825197,0,0.0000000188771,7.20309E-14,2.46326E-10,3.9627E-10,3.9627E-10,3.9627E-10,2.611616,1.003517,0.00000364046
t2d_q9,87025,9801,9801,0,r,1,0,8.879196,4,9,77224,9801,88.738,0,87025,0,0,87025,0,89.175423,89.642975,105.234528,92.572098,90.183456,88.66803,92.98851,0.994784,0.847397,0.963308,0.988822,1.005722,0.958994,0,0.0000000456496,0.0000000150424,0,0,0,0,46.049343,1.936519,0.00000823167
lp_cre_b,260785,9648,77137,0,r,1,2408,27.029954,0,844,52,260733,0.02,0,260785,0,4,260781,0.002,216.753113,225.102341,224.778275,223.977249,179.411163,177.801849,221.124069,0.962909,0.964297,0.967746,1.208136,1.219071,0.980233,0,0.0000000376072,5.9919E-11,0,3.55719E-11,3.55719E-11,3.55719E-11,110.44371,1.962566,0.00000944864
rdist2,56934,3198,3198,0,r,1,0,17.803002,1,61,52928,4006,92.964,37155,19779,65.26,19316,37618,33.927,63.141792,69.000801,72.678337,75.617088,65.026909,64.719933,66.317284,0.915088,0.868784,0.83502,0.97101,0.975616,0.952117,0,0.0000000806383,0.00000000495422,1.85132E-10,8.80242E-10,8.80242E-10,8.80242E-10,33.852928,1.86518,0.0000110031
nemeth17,629620,9506,9506,1,r,1,0,66.233958,29,74,629620,0,100,433336,196284,68.825,0,629620,0,267.398529,311.70224,318.513,302.475037,272.561249,266.787811,275.673767,0.857865,0.839522,0.884035,0.981058,1.002289,0.969982,0,0.0000000453849,0.0000000453849,2.77815E-10,0,0,0,147.705185,1.810353,0.00000954818
t2d_q4_A_38,87025,9801,9801,0,r,1,0,8.879196,4,9,214,86811,0.246,42599,44426,48.95,44166,42859,50.751,89.187805,89.75798,93.682304,100.587234,91.939133,90.006332,94.496353,0.993648,0.952024,0.886671,0.970074,0.990906,0.943823,0,0.0000000383758,2.91615E-14,2.03693E-10,5.29436E-10,5.29436E-10,5.29436E-10,45.551105,1.957972,0.00000751311
case9_A_08,147972,14454,14454,1,r,1,0,10.237443,1,7210,104383,43589,70.542,147954,18,99.988,147880,92,99.938,133.933823,143.351196,155.579239,148.137955,147.141281,143.56163,149.017471,0.934306,0.860872,0.904116,0.91024,0.932936,0.898779,0,0.0000000493427,6.48557E-15,2.54489E-13,8.6798E-13,8.6798E-13,8.6798E-13,71.101089,1.88371,0.00000527366
lp_tuff,4561,333,628,0,r,1,31,13.696697,0,113,1357,3204,29.752,2869,1692,62.903,2499,2062,54.791,5.484768,6.099104,7.216992,6.542304,5.555168,5.541344,6.501568,0.899274,0.75998,0.838354,0.987327,0.98979,0.843607,0,0.0000000275244,5.41474E-11,1.41329E-10,9.48107E-10,9.48107E-10,9.48107E-10,4.687168,1.170167,0.00000841251
deter5,29715,5103,14529,0,r,1,0,5.823045,2,30,10615,19100,35.723,0,29715,0,0,29715,0,24.589952,30.223969,30.332224,25.783136,24.837055,24.698303,25.497408,0.813591,0.810687,0.953722,0.990051,0.995613,0.96441,0,0.0000000354899,0.0000000241761,0,0,0,0,16.540352,1.486664,0.00000766115
rdb450l,2580,450,450,0,r,1,0,5.733333,4,6,225,2355,8.721,0,2580,0,0,2580,0,3.639392,3.80624,4.805664,3.600032,3.694464,3.591168,3.90624,0.956165,0.757313,1.010933,0.985093,1.013428,0.931687,0,0.0000000469817,8.66418E-10,0,0,0,0,3.713472,0.980051,0.00000662312
t2d_q9_A_36,87025,9801,9801,0,r,1,0,8.879196,4,9,2563,84462,2.945,23394,63631,26.882,23796,63229,27.344,89.152542,89.641792,94.643356,97.896835,92.315712,90.313148,94.203903,0.994542,0.941984,0.910678,0.965735,0.987149,0.946378,0,0.0000000408326,2.29453E-11,3.677E-10,9.56874E-10,9.56874E-10,9.56874E-10,46.59296,1.913434,0.00000783704
raefsky5,168658,6316,6316,0,r,1,0,26.703293,1,72,155372,13286,92.123,163861,4797,97.156,154270,14388,91.469,140.295364,155.520416,161.346817,160.641479,155.868607,154.215714,157.563461,0.902103,0.869527,0.873345,0.900087,0.909735,0.890405,0,0.0000000342761,1.04336E-16,2.13869E-12,9.05906E-11,9.05906E-11,9.05906E-11,75.335327,1.862279,0.0000047322
zeros_nopss_13k,48827,13296,13296,0,r,1,0,3.672307,1,32,6878,41949,14.086,48823,4,99.992,48827,0,100,25.323872,30.746752,31.157791,31.962208,30.934624,30.704576,31.523071,0.823628,0.812762,0.792307,0.818625,0.824759,0.803344,0,0.000000025797,6.03259E-27,3.39738E-23,0.000000025797,0.000000025797,0.000000025797,18.721344,1.352674,0.00000377391
t3dl_a,509866,20360,20360,1,r,1,0,25.042534,8,27,509866,0,100,411614,98252,80.73,381920,127946,74.906,414.986816,438.698853,452.813934,474.686066,436.380951,427.914246,436.166656,0.945949,0.916462,0.874234,0.950974,0.96979,0.951441,0,0.0000000486092,0.0000000486092,8.33212E-11,9.49024E-11,9.49024E-11,9.49024E-11,204.82518,2.026054,0.00000938177
t2d_q9_A_14,87025,9801,9801,0,r,1,0,8.879196,4,9,31286,55739,35.951,5390,81635,6.194,3972,83053,4.564,89.145058,89.642334,100.775871,94.358978,90.530243,89.287811,93.371201,0.994453,0.884587,0.944744,0.984699,0.998401,0.954738,0,0.0000000449229,0.0000000013331,3.15373E-10,7.74434E-10,7.74434E-10,7.74434E-10,45.99136,1.9383,0.00000882265
bcsstk38,355460,8032,8032,1,r,1,0,44.255478,2,614,33012,322448,9.287,250881,104579,70.579,79600,275860,22.394,196.707581,225.005402,210.844101,223.625122,205.961151,203.664703,206.050461,0.874235,0.932953,0.879631,0.955071,0.96584,0.954657,0,0.000000119156,4.24471E-14,5.92891E-12,2.46867E-12,2.46852E-12,2.4685E-12,110.120674,1.786291,0.00000346643
t3dl_B,120,20360,1,0,r,1,20240,0.005894,0,1,120,0,100,0,120,0,120,0,100,9.981664,10.1064,11.11008,11.08912,2.625664,2.297664,10.7896,0.987658,0.898433,0.900131,3.801577,4.344266,0.925119,0,0.0000000356299,0.0000000356299,0,0.0000000356299,0.0000000356299,0.0000000356299,9.097792,1.097152,0.00000577031
hydr1c_A_37,19495,5308,5308,0,r,1,0,3.672758,1,12,7303,12192,37.461,18212,1283,93.419,18067,1428,92.675,12.073856,14.939552,17.448223,15.832928,14.477824,14.347072,15.876064,0.808181,0.691982,0.762579,0.833955,0.841555,0.760507,0,0.0000000528359,1.20938E-13,6.7983E-11,4.09559E-10,4.09559E-10,4.09559E-10,10.179808,1.186059,0.00000781546
delf_A_28,15602,3177,6652,0,r,1,0,4.910922,2,21,6511,9091,41.732,13466,2136,86.309,9687,5915,62.088,13.76768,15.466496,18.139872,17.526049,14.443552,14.395648,16.658144,0.890162,0.758973,0.785555,0.953206,0.956378,0.826483,0,0.0000000409612,3.0418E-11,1.01723E-10,0.00000000378779,0.00000000378779,0.00000000378779,10.110304,1.361747,0.00000986796
epb2,175027,25228,25228,0,r,1,0,6.937807,3,87,169747,5280,96.983,48885,126142,27.93,0,175027,0,106.107422,114.587395,130.253632,135.681625,107.159935,105.669571,108.497185,0.925996,0.814622,0.782032,0.990178,1.004144,0.977974,0,0.0000000452588,0.0000000312593,4.21157E-10,0,0,0,64.312096,1.649883,0.00000740423
TSOPF_FS_b39_c7_b,28215,28216,1,0,r,1,1,0.999965,0,1,28108,107,99.621,28086,129,99.543,28215,0,100,18.291008,19.412928,20.880512,20.850977,19.992704,20.273312,20.678368,0.942208,0.875985,0.877225,0.914884,0.902221,0.884548,0,0.0000000619329,3.11167E-11,1.27004E-11,0.0000000619329,0.0000000619329,0.0000000619329,16.194559,1.129454,0.00000365695
scsd8-2r_A_04,7170,330,2310,0,r,1,0,21.727273,10,24,5200,1970,72.524,0,7170,0,0,7170,0,8.436,8.970592,10.453632,8.692992,8.498304,8.498976,8.577952,0.940406,0.806992,0.970437,0.992669,0.99259,0.983451,0,0.0000000360284,0.0000000311936,0,0,0,0,5.9424,1.419628,0.00000821866
t2d_q9_A_40,87025,9801,9801,0,r,1,0,8.879196,4,9,369,86656,0.424,38536,48489,44.282,40062,46963,46.035,89.122627,89.676254,92.632446,100.360611,92.642845,90.616447,94.411362,0.993826,0.96211,0.888024,0.962002,0.983515,0.943982,0,0.0000000437284,3.43101E-13,2.31552E-10,6.32626E-10,6.32626E-10,6.32626E-10,46.748127,1.906443,0.00000804468
hydr1c_A_57,23555,5308,5308,0,r,1,0,4.437641,1,14,17820,5735,75.653,21805,1750,92.571,21551,2004,91.492,22.887072,27.060385,27.837601,27.743999,26.417473,26.391647,27.818304,0.845778,0.822164,0.824938,0.866361,0.867209,0.822734,0,0.0000000409048,3.02884E-12,7.22522E-11,0.0000000011543,0.0000000011543,0.0000000011543,17.603264,1.300161,0.00000712719
t2d_q9_A_18,87025,9801,9801,0,r,1,0,8.879196,4,9,31261,55764,35.922,1853,85172,2.129,895,86130,1.028,89.138237,89.597984,100.720322,93.316643,90.117088,88.765953,93.091522,0.994869,0.885007,0.955223,0.989138,1.004194,0.957533,0,0.0000000438791,0.00000000197737,2.70032E-10,5.57691E-10,5.57691E-10,5.57691E-10,45.994015,1.93804,0.00000788769
oscil_dcop_03,1544,430,430,0,r,1,0,3.590698,1,13,626,918,40.544,1386,158,89.767,1288,256,83.42,2.627424,3.080896,3.186176,3.339104,3.089952,3.045984,3.18224,0.852812,0.824632,0.786865,0.850312,0.862586,0.825652,0,0.0000000704367,8.7222E-14,2.59369E-10,3.80198E-10,3.80198E-10,3.80198E-10,3.620096,0.725788,0.00000248574
lhr04,82682,4101,4101,0,r,1,0,20.161424,1,63,78426,4256,94.853,43427,39255,52.523,9799,72883,11.851,91.622467,99.62336,107.471298,101.328514,93.409599,92.576286,95.38726,0.919689,0.85253,0.904212,0.980868,0.989697,0.960531,0,0.0000000373202,0.00000003108,4.88088E-10,0.00000000923913,0.00000000923913,0.00000000923913,46.076927,1.988467,0.00000767287
nl,47035,7039,15325,0,r,1,0,6.682057,1,150,13650,33385,29.021,7418,39617,15.771,10,47025,0.021,28.498272,32.34259,33.245152,30.964352,28.541792,28.495457,29.463936,0.881138,0.857216,0.920357,0.998475,1.000099,0.967226,0,0.0000000404596,0.00000000138347,1.28064E-10,0.0000000072603,0.0000000072603,0.0000000072603,18.951073,1.503781,0.00000760405
t2d_q4_A_35,87025,9801,9801,0,r,1,0,8.879196,4,9,2563,84462,2.945,23396,63629,26.884,23796,63229,27.344,89.270142,89.613983,94.78096,97.854912,92.32032,90.324959,94.188576,0.996163,0.941857,0.91227,0.966961,0.988322,0.947781,0,0.0000000447431,2.6852E-11,4.10977E-10,0.00000000103826,0.00000000103826,0.00000000103826,45.601791,1.957602,0.00000737976
bcsstk18,149090,11948,11948,1,r,1,0,12.478239,1,49,19016,130074,12.755,117720,31370,78.959,64593,84497,43.325,122.007874,137.462814,136.490051,146.642654,132.445923,128.624222,141.134491,0.88757,0.893896,0.832008,0.92119,0.948561,0.864479,0,0.0000000482905,1.53484E-14,1.13919E-10,0.0000000014699,0.0000000014699,0.0000000014699,66.032829,1.847685,0.00000845346
sherman3,20033,5005,5005,0,r,1,0,4.002597,1,7,2549,17484,12.724,14051,5982,70.139,10273,9760,51.28,19.127199,21.072927,23.266432,24.357857,20.549215,20.459871,22.4104,0.907667,0.822094,0.785258,0.930799,0.934864,0.853497,0,0.0000000388475,2.80337E-14,9.89733E-11,1.86522E-10,1.86522E-10,1.86522E-10,13.821952,1.383828,0.0000047353
hydr1c_A_29,23541,5308,5308,0,r,1,0,4.435004,1,14,18210,5331,77.354,21791,1750,92.566,21537,2004,91.487,22.884832,27.11648,27.226273,27.715649,26.375456,26.287008,27.791136,0.843946,0.840542,0.825701,0.867656,0.870576,0.823458,0,0.0000000467149,5.26371E-12,7.9453E-11,0.00000000102253,0.00000000102253,0.00000000102253,15.65888,1.46146,0.0000071086
ted_B,144579,10605,10605,1,r,1,0,13.633098,1,49,140337,4242,97.066,138721,5858,95.948,144579,0,100,106.434883,116.968513,119.016159,120.554176,120.645859,117.16317,120.187584,0.909945,0.894289,0.88288,0.882209,0.908433,0.885573,0,0.0000000264521,1.01775E-10,4.41678E-11,0.0000000264521,0.0000000264521,0.0000000264521,58.283424,1.82616,0.00000360246
USAir97,4252,332,332,1,r,1,0,12.807229,1,139,4252,0,100,190,4062,4.468,119,4133,2.799,5.48656,6.404448,7.323648,5.965664,5.660288,5.609824,5.936,0.85668,0.749157,0.91969,0.969308,0.978027,0.924286,0,0.0000000577451,0.0000000577451,6.49858E-10,0.00000000194973,0.00000000194973,0.00000000194973,4.586464,1.196251,0.00000901564
TSOPF_RS_b162_c4,812749,20374,20374,0,r,1,0,39.891479,3,77,750541,62208,92.346,750006,62743,92.28,7600,805149,0.935,500.955719,551.773621,574.035217,573.124451,504.442719,495.226898,507.637573,0.907901,0.872692,0.874078,0.993087,1.011568,0.986837,0,0.0000000423893,1.52093E-10,5.88395E-12,6.94843E-11,6.94843E-11,6.94843E-11,269.522614,1.858678,0.00000640771
c-33,56123,6317,6317,1,r,1,0,8.884439,2,986,32812,23311,58.464,27958,28165,49.816,7347,48776,13.091,56.659008,63.638527,69.603645,69.278717,58.258144,58.394497,61.241695,0.890326,0.814024,0.817841,0.972551,0.97028,0.92517,0,0.000000027009,5.8949E-11,4.09478E-11,2.79473E-11,2.79473E-11,2.79473E-11,32.609535,1.737498,0.0000306707
ex12,80211,3973,3973,1,r,1,0,20.189026,7,37,54292,25919,67.686,43870,36341,54.693,19788,60423,24.67,79.577698,86.66346,93.909599,93.891426,81.069344,81.955582,85.753952,0.918238,0.847386,0.84755,0.9816,0.970986,0.927977,0,0.0000000441246,0.00000000151511,2.95132E-10,1.38996E-10,1.38996E-10,1.38996E-10,41.90749,1.89889,0.00000839253
Ill_Stokes,191368,20896,20896,0,r,1,0,9.158116,3,12,178876,12492,93.472,112659,78709,58.87,44874,146494,23.449,187.767487,199.451294,227.633255,232.42157,194.148605,189.350266,200.892227,0.94142,0.824868,0.807875,0.967133,0.991641,0.934668,0,0.0000000450471,0.0000000219181,5.31519E-10,4.67467E-10,4.67467E-10,4.67467E-10,99.416832,1.888689,0.00000778753
c-47,211401,15343,15343,1,r,1,0,13.778335,2,2133,159793,51608,75.588,135661,75740,64.172,15646,195755,7.401,161.996796,174.361954,192.881317,192.059357,170.663559,166.860001,171.436798,0.929083,0.839878,0.843473,0.949217,0.970855,0.944936,0,0.00000000179792,3.11666E-11,1.01907E-11,1.77304E-11,1.77304E-11,1.77304E-11,89.298531,1.814104,0.000000472058
scfxm1-2b_A_1,4164,684,1179,0,r,1,0,6.087719,1,57,1562,2602,37.512,1003,3161,24.087,353,3811,8.477,5.218496,5.971424,6.81456,5.780352,5.522272,5.35264,5.585984,0.873911,0.765786,0.902799,0.944991,0.974939,0.934212,0,0.0000000225817,0.00000000106032,2.16389E-10,5.50755E-10,5.50755E-10,5.50755E-10,3.981696,1.310621,0.00000885563
mhd4800b,27520,4800,4800,1,r,1,0,5.733333,1,10,27507,13,99.953,17219,10301,62.569,11992,15528,43.576,19.71456,22.583809,24.214209,25.898111,22.750431,22.777344,26.693279,0.872951,0.814173,0.761235,0.866558,0.865534,0.738559,0,0.0000000327823,0.0000000260679,8.44991E-11,0.0000000154819,0.0000000154819,0.0000000154819,13.828352,1.425662,0.0000041169
lowThrust_9,219589,18044,18044,1,r,1,0,12.169641,2,7016,162358,57231,73.937,132039,87550,60.13,30034,189555,13.677,170.796478,191.075043,206.56723,206.213821,177.325699,172.613892,184.843781,0.893871,0.826832,0.828249,0.96318,0.989471,0.924004,0,0.0000000432895,0.00000000443613,2.57733E-10,0.00000000450467,0.00000000450467,0.00000000450467,93.929024,1.818357,0.0000122083
crystk01,315891,4875,4875,1,r,1,0,64.798154,24,81,315891,0,100,127358,188533,40.317,0,315891,0,135.811844,155.835495,158.908478,146.88205,138.833344,135.38237,139.087326,0.871508,0.854654,0.924632,0.978236,1.003172,0.97645,0,0.0000000469676,0.0000000469676,4.57564E-10,0,0,0,77.822365,1.745152,0.00000978803
case9_b1_09,14453,14454,1,0,r,1,1,0.999931,0,1,14425,28,99.806,14435,18,99.875,14453,0,100,10.324352,10.96976,12.530976,11.671584,11.259584,11.389632,11.661824,0.941165,0.823906,0.884572,0.916939,0.906469,0.885312,0,0.0000000117443,1.38233E-13,5.75746E-13,0.0000000117443,0.0000000117443,0.0000000117443,9.612128,1.074096,0.00000456471
c-25,49635,3797,3797,1,r,1,0,13.072162,2,600,24323,25312,49.004,19366,30269,39.017,2708,46927,5.456,37.690334,43.57037,46.802273,46.279457,38.864834,38.360737,40.752609,0.865045,0.80531,0.814407,0.96978,0.982524,0.924857,0,0.000000071395,3.75225E-10,1.86466E-10,1.36659E-10,1.36659E-10,1.36659E-10,22.44416,1.679294,0.00000885525
large_A_24,19912,4302,8624,0,r,1,0,4.628545,2,21,7440,12472,37.364,17279,2633,86.777,12970,6942,65.137,17.727936,20.078655,22.876287,22.678207,18.983232,18.829376,21.192833,0.882924,0.774948,0.781717,0.933873,0.941504,0.836506,0,0.0000000493499,2.24944E-11,1.29926E-10,0.000000019168,0.000000019168,0.000000019168,12.717248,1.394007,0.00000833027
cavity17,138187,4562,4562,0,r,1,0,30.290881,1,62,129008,9179,93.358,69877,68310,50.567,21903,116284,15.85,103.701088,116.070465,123.592545,115.472733,106.587074,105.61731,108.115265,0.893432,0.839056,0.898057,0.972924,0.981857,0.959172,0,0.0000000476875,0.0000000103145,4.69038E-10,0.00000000134345,0.00000000134345,0.00000000134345,56.930782,1.821529,0.00000909977
scrs8-2r_A_05,3719,924,1771,0,r,1,0,4.024892,1,15,1035,2684,27.83,390,3329,10.487,12,3707,0.323,5.526272,6.145216,7.04352,6.237472,5.532928,5.57584,5.664,0.89928,0.78459,0.885979,0.998797,0.99111,0.975684,0,0.0000000385728,0.00000000322318,3.9808E-10,4.23944E-10,4.23944E-10,4.23944E-10,5.043136,1.095801,0.00000691815
lp_stair,4003,356,614,0,r,1,0,11.244382,2,36,2905,1098,72.571,1897,2106,47.389,471,3532,11.766,5.417824,5.987904,6.232832,5.936032,5.553408,5.462368,5.975232,0.904795,0.86924,0.912701,0.975585,0.991845,0.906714,0,0.0000000308858,0.00000000769388,5.01444E-10,0.00000000204301,0.00000000204301,0.00000000204301,4.672032,1.159629,0.00000824345
freeFlyingRobot_7,31046,3918,3918,1,r,1,0,7.923941,1,785,14441,16605,46.515,30030,1016,96.727,30086,960,96.908,23.121408,27.927711,29.29344,29.038912,27.587168,27.697023,28.507008,0.827902,0.789303,0.796222,0.838122,0.834798,0.811078,0,0.0000000302027,1.4394E-14,7.22414E-12,0.00000000394209,0.00000000394209,0.00000000394209,16.668833,1.387104,0.00000366164
oscil_dcop_32,1544,430,430,0,r,1,0,3.590698,1,13,662,882,42.876,1386,158,89.767,1288,256,83.42,2.7096,3.036576,3.161824,3.047648,3.079744,4.292864,3.222848,0.892321,0.856974,0.889079,0.879813,0.631187,0.840747,0,0.000000021572,6.17423E-14,2.58678E-10,3.30991E-10,3.30991E-10,3.30991E-10,3.58384,0.756061,0.00000607407
lpi_reactor,2591,318,808,0,r,1,0,8.147799,2,66,54,2537,2.084,2483,108,95.832,2591,0,100,4.977888,5.442208,6.187104,5.755712,5.529728,5.435424,5.570816,0.914682,0.804559,0.864861,0.900205,0.915823,0.893565,0,0.0000000404145,4.38771E-15,8.86206E-12,0.0000000404145,0.0000000404145,0.0000000404145,3.518336,1.414842,0.0000046719
nemswrld,192283,7138,28550,0,r,1,491,26.937938,0,628,119192,73091,61.988,57306,134977,29.803,4717,187566,2.453,157.760345,175.142593,186.276825,170.483841,152.104568,150.064255,161.750595,0.900754,0.846913,0.925368,1.037183,1.051285,0.975331,0,0.0000000363039,0.00000000250201,1.65954E-10,1.70287E-10,1.70287E-10,1.70287E-10,82.463455,1.913094,0.0000106894
scrs8-2r_A_09,29255,7196,13867,0,r,1,0,4.065453,1,15,8203,21052,28.04,3078,26177,10.521,12,29243,0.041,27.942207,31.553152,35.71347,31.873823,27.989985,27.964352,28.99584,0.88556,0.7824,0.876651,0.998293,0.999208,0.963663,0,0.0000000393431,0.00000000267192,3.60597E-10,1.12079E-10,1.12079E-10,1.12079E-10,19.454241,1.436304,0.0000072527
case9_A_06,147972,14454,14454,1,r,1,0,10.237443,1,7210,104096,43876,70.348,147940,32,99.978,147872,100,99.932,133.881699,143.27977,155.731201,148.064545,146.955902,143.489349,148.96019,0.934408,0.859697,0.904212,0.911033,0.933043,0.898775,0,0.0000000743257,1.34769E-14,4.85164E-14,3.29679E-13,3.29679E-13,3.29679E-13,71.086304,1.883368,0.00000250203
stat96v4,491336,3173,63076,0,r,1,0,154.849039,2,41473,490468,868,99.823,120192,371144,24.462,103683,387653,21.102,210.43306,237.597916,245.004227,248.564255,247.592545,254.749054,244.634521,0.885669,0.858896,0.846594,0.849917,0.826041,0.860194,0,0.0000000490147,0.0000000420746,4.48411E-10,0.0000000247079,0.0000000247079,0.0000000247079,139.566238,1.507765,0.0000279538
lowThrust_8,216445,17702,17702,1,r,1,0,12.227149,2,6883,159209,57236,73.556,129489,86956,59.825,29493,186952,13.626,167.425888,188.040314,201.863327,202.221054,174.395966,169.639481,181.575546,0.890372,0.829402,0.827935,0.960033,0.986951,0.922073,0,0.0000000435878,0.00000000445359,2.45359E-10,0.00000000383127,0.00000000383127,0.00000000383127,92.644127,1.807194,0.00000799622
hydr1c_A_68,23557,5308,5308,0,r,1,0,4.438018,1,14,17954,5603,76.215,21807,1750,92.571,21553,2004,91.493,22.925823,27.038048,27.222912,27.783104,26.393696,26.336256,27.796928,0.84791,0.842152,0.825171,0.86861,0.870504,0.824761,0,0.0000000463819,3.84588E-12,8.12347E-11,9.80259E-10,9.80259E-10,9.80259E-10,15.75952,1.454729,0.00000752123
t2dal_a,37465,4257,4257,1,r,1,0,8.800799,4,9,35681,1784,95.238,29256,8209,78.089,28160,9305,75.163,36.933186,40.35133,43.731743,41.847874,39.156544,39.285248,40.608353,0.91529,0.84454,0.882558,0.943219,0.940129,0.909497,0,0.0000000398551,0.0000000041133,8.86164E-11,7.54445E-11,7.54445E-11,7.54445E-11,21.507904,1.717191,0.0000074017
mnist_test_norm_10NN,145600,10000,10000,1,r,1,0,14.56,10,41,145600,0,100,0,145600,0,0,145600,0,103.551361,114.704414,118.119072,105.524162,106.509056,102.973633,105.34227,0.902767,0.876669,0.981305,0.972231,1.00561,0.982999,0,0.0000000455029,0.0000000455029,0,0,0,0,59.799232,1.73165,0.00000839049
circuit_3,48137,12127,12127,0,r,1,0,3.969407,1,2305,38210,9927,79.378,30432,17705,63.22,18656,29481,38.756,61.735905,75.536034,78.396194,78.770271,72.946404,63.689056,90.646652,0.817304,0.787486,0.783746,0.846319,0.969333,0.681061,0,0.000000021715,0.00000000592487,1.94409E-10,0.00000000419662,0.00000000419662,0.00000000419662,47.385185,1.302852,0.00000530773
viscoplastic1,61166,4326,4326,0,r,1,0,14.139159,7,37,47132,14034,77.056,42269,18897,69.105,38840,22326,63.499,39.268799,43.562881,44.754814,44.795265,41.653664,41.76429,43.102818,0.901428,0.877421,0.876628,0.942745,0.940248,0.911049,0,0.000000051798,0.00000000141966,1.70652E-10,5.86527E-11,5.86527E-11,5.86527E-11,22.625471,1.735601,0.00000919964
t2d_q4_A_14,87025,9801,9801,0,r,1,0,8.879196,4,9,31286,55739,35.951,5390,81635,6.194,3972,83053,4.564,89.161377,89.557411,100.684639,94.3424,90.51152,89.167297,93.336128,0.995578,0.885551,0.945083,0.985083,0.999934,0.955272,0,0.000000044583,0.00000000134501,3.06903E-10,8.1839E-10,8.1839E-10,8.1839E-10,45.968258,1.939629,0.00000883983
t2dal_B,124,4257,1,0,r,1,4133,0.029128,0,1,124,0,100,0,124,0,124,0,100,3.551808,4.296768,4.661792,3.738592,2.139008,2.110336,3.706368,0.826623,0.761898,0.950039,1.660493,1.683053,0.958299,0,0.0000000327892,0.0000000327892,0,0.0000000327892,0.0000000327892,0.0000000327892,4.18176,0.849357,0.00000359741
bips07_3078,75729,21128,21128,0,r,1,0,3.584296,1,27,11295,64434,14.915,75725,4,99.995,75729,0,100,48.869057,46.900578,55.815777,51.674049,46.89901,46.951233,48.293312,1.041971,0.875542,0.945718,1.042006,1.040847,1.011922,0,0.000000011827,9.35115E-19,7.7848E-15,0.000000011827,0.000000011827,0.000000011827,28.270432,1.728628,0.00000444572
scrs8-2r_A_03,1895,476,907,0,r,1,0,3.981092,1,15,523,1372,27.599,198,1697,10.449,12,1883,0.633,3.112736,3.595072,4.771808,3.094528,3.144096,3.210688,3.186176,0.865834,0.652318,1.005884,0.990026,0.969492,0.97695,0,0.0000000397082,0.00000000378305,3.8682E-10,4.00066E-10,4.00066E-10,4.00066E-10,3.70304,0.840589,0.0000088349
windtunnel_evap2d,233468,8256,8256,0,r,1,0,28.278585,9,47,220950,12518,94.638,225872,7596,96.746,192576,40892,82.485,179.809631,193.877914,204.723648,204.789017,193.969315,190.604065,193.733536,0.927437,0.878304,0.878024,0.927,0.943367,0.928129,0,0.0000000436532,2.59472E-12,1.79113E-11,1.0981E-10,1.0981E-10,1.0981E-10,93.108162,1.931191,0.00000805875
beacxc,50409,497,506,0,r,1,48,101.426559,0,489,50405,4,99.992,28409,22000,56.357,946,49463,1.877,15.574336,19.632511,20.181185,19.610304,15.341472,15.299968,16.144768,0.793293,0.771726,0.794191,1.015179,1.017933,0.964668,0,0.0000000132318,0.0000000143533,1.07878E-10,7.09981E-10,7.09981E-10,7.09981E-10,9.83392,1.583736,0.0000131163
oscil_dcop_19,1544,430,430,0,r,1,0,3.590698,1,13,654,890,42.358,1386,158,89.767,1288,256,83.42,3.255456,3.05216,3.73376,3.063264,3.078976,3.127136,3.39024,1.066607,0.871897,1.062741,1.057318,1.041034,0.960244,0,0.0000000372713,7.1607E-14,1.77889E-10,2.73683E-10,2.73683E-10,2.73683E-10,3.540288,0.919546,0.00000666389
bfwb398,2910,398,398,1,r,1,0,7.311558,2,13,2910,0,100,250,2660,8.591,0,2910,0,3.539776,3.96288,4.182368,3.783616,3.69904,3.559104,3.598016,0.893233,0.846357,0.935554,0.956945,0.994569,0.983813,0,0.0000000407807,0.0000000407807,3.30678E-10,0,0,0,3.587584,0.986674,0.00000683252
xingo3012_C,10,2,20944,0,r,1,0,5,5,5,5,5,50,3,7,30,0,10,0,2.135328,2.154464,4.67088,2.390688,2.124192,2.130752,2.11872,0.991118,0.457158,0.893186,1.005242,1.002148,1.007839,0,0.000000021141,0.00000000307584,6.85461E-10,0,0,0,4.467584,0.47796,0.00000915262
bratu3d,173796,27792,27792,1,r,1,0,6.253454,1,7,3458,170338,1.99,0,173796,0,284,173512,0.163,114.156258,119.411423,120.186722,115.349281,113.45459,111.755646,115.531326,0.955991,0.949824,0.989657,1.006185,1.021481,0.988098,0,0.0000000443657,4.44487E-10,0,1.26658E-10,1.26658E-10,1.26658E-10,67.573059,1.689375,0.00000738732
oscil_dcop_16,1544,430,430,0,r,1,0,3.590698,1,13,662,882,42.876,1386,158,89.767,1288,256,83.42,2.614016,3.329696,3.15808,2.992512,3.092256,3.026688,3.170304,0.785061,0.827723,0.873519,0.845343,0.863656,0.824532,0,0.0000000377457,5.03982E-14,1.65944E-10,2.05301E-10,2.05301E-10,2.05301E-10,3.52624,0.741304,0.00000675691
t2d_q4_A_33,87025,9801,9801,0,r,1,0,8.879196,4,9,2565,84460,2.947,24630,62395,28.302,25239,61786,29.002,89.145149,89.584061,94.384956,98.223038,92.389374,90.497276,94.289917,0.995101,0.944485,0.907579,0.964885,0.985059,0.945437,0,0.0000000488841,2.00473E-11,3.44643E-10,9.11439E-10,9.11439E-10,9.11439E-10,47.02787,1.895581,0.00000808361
TSOPF_FS_b9_c6,147972,14454,14454,1,r,1,0,10.237443,1,7210,93743,54229,63.352,93675,54297,63.306,25444,122528,17.195,133.793152,143.344666,154.518631,154.534439,136.866394,134.495132,141.58432,0.933367,0.865871,0.865782,0.977546,0.994781,0.944972,0,0.0000000490952,1.68618E-11,8.29012E-13,0.000000012658,0.000000012658,0.000000012658,71.140099,1.8807,0.00000572669
soc-sign-bitcoin-otc_Time,35592,5881,5881,0,r,1,1067,6.052032,0,763,0,35592,0,0,35592,0,1793,33799,5.038,29.396416,37.34845,31.382336,30.63776,26.191393,26.007521,34.476097,0.787085,0.936719,0.959483,1.122369,1.130304,0.852661,0,0.0000000530297,0,0,0.0000000116526,0.0000000116526,0.0000000116526,19.09264,1.539673,0.00000950573
TSOPF_RS_b9_c6_b,3613,7224,5,0,r,1,3613,0.500138,0,2,3613,0,100,1200,2413,33.213,3609,4,99.889,5.416384,5.641152,6.702688,6.86528,4.731712,4.667712,5.95744,0.960156,0.808091,0.788953,1.144699,1.160394,0.90918,0,0.0000000285557,0.0000000285557,1.4102E-11,0.0000000184919,0.0000000184919,0.0000000184919,6.249184,0.866735,0.00000412338
cage10,150645,11397,11397,0,r,1,0,13.217952,5,25,150645,0,100,0,150645,0,0,150645,0,110.716896,121.174561,125.028931,113.936516,112.88829,110.153473,113.949661,0.913698,0.88553,0.971742,0.980765,1.005115,0.97163,0,0.0000000435265,0.0000000435265,0,0,0,0,59.607552,1.857431,0.00000814235
kineticBatchReactor_2,44840,4361,4361,1,r,1,0,10.282045,1,1166,33717,11123,75.194,44685,155,99.654,44840,0,100,39.192162,43.478752,49.262783,45.221951,43.372768,43.359039,44.470848,0.90141,0.795573,0.866662,0.903612,0.903898,0.8813,0,0.0000000303847,2.66439E-16,6.30787E-13,0.0000000303847,0.0000000303847,0.0000000303847,23.032576,1.701597,0.00000335088
smt,3753184,25710,25710,1,r,1,0,145.981486,52,414,399258,3353926,10.638,1385378,2367806,36.912,0,3753184,0,986.940125,1086.949951,1037.0979,1073.072021,995.664246,973.137817,991.114136,0.90799,0.951636,0.919733,0.991238,1.014183,0.995789,0,0.0000000410329,8.63852E-14,2.35864E-10,0,0,0,603.124634,1.636378,0.000011619
bips98_1142,40983,9735,9735,0,r,1,0,4.209861,1,30,5445,35538,13.286,40979,4,99.99,40983,0,100,36.620129,41.189983,44.96624,43.024544,41.444607,41.136833,42.359039,0.889054,0.814392,0.851145,0.883592,0.890203,0.864517,0,0.0000000393755,6.56847E-27,2.87165E-23,0.0000000393755,0.0000000393755,0.0000000393755,24.422527,1.499441,0.00000198418
hydr1c_A_76,23541,5308,5308,0,r,1,0,4.435004,1,14,19006,4535,80.736,21783,1758,92.532,21537,2004,91.487,22.914528,27.027424,27.088703,27.739361,26.374817,26.280161,27.797152,0.847825,0.845907,0.826065,0.868803,0.871933,0.824348,0,0.0000000363098,8.78724E-12,7.06051E-11,5.44656E-10,5.44656E-10,5.44656E-10,15.81216,1.449171,0.00000966022
large_A_14,19688,4248,8585,0,r,1,0,4.634652,2,21,7436,12252,37.769,17024,2664,86.469,12911,6777,65.578,17.490112,19.702047,23.557728,22.409536,18.702721,18.64752,21.070751,0.887731,0.742436,0.780476,0.935164,0.937932,0.830066,0,0.0000000405922,2.49843E-11,1.34468E-10,0.000000020612,0.000000020612,0.000000020612,11.739424,1.489861,0.00000822884
rail_5177_B,345,5177,7,0,r,1,4832,0.066641,0,1,345,0,100,0,345,0,345,0,100,4.455328,4.646912,4.983936,4.703456,2.173376,2.173792,4.844704,0.958772,0.893938,0.947246,2.049957,2.049565,0.919628,0,0.0000000503356,0.0000000503356,0,0.0000000503356,0.0000000503356,0.0000000503356,4.871168,0.914632,0.00000431656
hydr1c_A_17,19503,5308,5308,0,r,1,0,3.674265,1,12,7308,12195,37.471,18219,1284,93.416,18075,1428,92.678,12.050816,14.988256,17.2384,15.799744,14.485568,14.374912,15.817824,0.804017,0.699068,0.762722,0.831919,0.838323,0.76185,0,0.0000000484846,1.03215E-13,6.01771E-11,3.00411E-10,3.00411E-10,3.00411E-10,9.527776,1.264809,0.00000676729
case9_b1_02,14453,14454,1,0,r,1,1,0.999931,0,1,14428,25,99.827,14435,18,99.875,14453,0,100,10.281664,10.966048,12.763168,11.688032,11.245888,11.391008,11.686848,0.937591,0.805573,0.879675,0.91426,0.902612,0.879764,0,0.00000000497099,5.29932E-14,1.34972E-13,0.00000000497099,0.00000000497099,0.00000000497099,8.868224,1.159383,0.000000479956
plskz362,880,362,362,0,r,1,130,2.430939,0,6,880,0,100,173,707,19.659,14,866,1.591,2.50064,2.604704,3.47792,2.602592,2.77472,2.5624,2.631136,0.960048,0.719004,0.960827,0.901222,0.975898,0.950403,0,0.0000000529573,0.0000000529573,6.45429E-10,0.00000000171442,0.00000000171442,0.00000000171442,3.192704,0.783236,0.00000626166
large_A_25,20399,4292,8631,0,r,1,0,4.752796,2,21,7920,12479,38.825,17809,2590,87.303,13296,7103,65.18,17.731585,20.040417,22.251137,22.710943,18.852257,18.826591,21.20528,0.884791,0.796884,0.780751,0.940555,0.941837,0.836187,0,0.0000000511553,2.00496E-11,1.2109E-10,0.0000000237056,0.0000000237056,0.0000000237056,12.714272,1.394621,0.00000914495
mark3jac060sc,170695,27449,27449,0,r,1,0,6.218624,2,44,81385,89310,47.679,169321,1374,99.195,167982,2713,98.411,126.244164,140.170425,154.214951,146.188477,143.318756,140.577026,144.370407,0.900648,0.818625,0.863571,0.880863,0.898043,0.874446,0,0.0000000287797,7.56132E-13,1.6479E-11,0.00000000255753,0.00000000255753,0.00000000255753,76.001251,1.66108,0.00000603354
west0479,1910,479,479,0,r,1,0,3.987474,1,12,829,1081,43.403,1816,94,95.079,1828,82,95.707,2.775264,3.217568,4.880512,3.269216,3.602528,3.117056,3.478432,0.862535,0.568642,0.848908,0.770366,0.890348,0.797849,0,0.0000000242895,9.33197E-13,1.62243E-11,0.0000000022616,0.0000000022616,0.0000000022616,2.47456,1.121518,0.00000642223
cavity18,138187,4562,4562,0,r,1,0,30.290881,8,62,128757,9430,93.176,64749,73438,46.856,20185,118002,14.607,103.271805,114.777153,125.034241,116.854942,104.872292,103.805504,107.114685,0.899759,0.825948,0.883761,0.984739,0.994859,0.964124,0,0.0000000456839,0.0000000106684,4.80404E-10,2.9244E-10,2.9244E-10,2.9244E-10,55.175873,1.871684,0.00000884704
rdb3200l,18880,3200,3200,0,r,1,0,5.9,4,6,0,18880,0,0,18880,0,0,18880,0,13.097408,14.206112,14.439488,13.660096,13.053216,13.071264,13.403744,0.921956,0.907055,0.958808,1.003386,1.002,0.977146,0,0.0000000390695,0,0,0,0,0,8.894816,1.472477,0.00000731688
co5,57993,5774,12325,0,r,1,0,10.043817,1,422,24065,33928,41.496,44384,13609,76.533,23040,34953,39.729,52.905762,59.957409,60.465794,63.752354,58.164322,58.065121,59.591808,0.882389,0.87497,0.829864,0.909591,0.911145,0.887803,0,0.0000000367266,1.07723E-10,2.35358E-10,0.0000000174956,0.0000000174956,0.0000000174956,30.215584,1.750943,0.00000813757
chipcool1_B,246,20082,1,0,r,1,19836,0.01225,0,1,246,0,100,4,242,1.626,246,0,100,10.1648,10.301088,12.05888,11.219744,2.193664,2.144032,11.036416,0.986769,0.842931,0.905974,4.633708,4.740974,0.921024,0,0.0000000383548,0.0000000383548,2.19654E-10,0.0000000383548,0.0000000383548,0.0000000383548,9.245984,1.099375,0.00000356414
SiNa,198787,5743,5743,1,r,1,0,34.613791,11,250,160896,37891,80.939,130312,68475,65.554,0,198787,0,126.675392,139.400192,150.546555,150.019196,127.724831,126.187775,128.783707,0.908717,0.841437,0.844395,0.991784,1.003864,0.983629,0,0.0000000441898,0.00000000298847,6.36159E-10,0,0,0,67.745026,1.869885,0.00000873882
fv2,87025,9801,9801,1,r,1,0,8.879196,4,9,77224,9801,88.738,0,87025,0,0,87025,0,89.192383,89.537598,105.17942,92.542015,90.098175,88.667999,92.877022,0.996144,0.848002,0.963804,0.989947,1.005914,0.960328,0,0.0000000387452,0.00000000811413,0,0,0,0,46.159904,1.932248,0.00000814201
TSOPF_RS_b162_c3_b,7645,15374,49,0,r,1,7775,0.497268,0,2,7645,0,100,4800,2845,62.786,7553,92,98.797,9.329184,9.720512,11.559264,12.031936,7.30464,7.249024,10.305184,0.959742,0.807074,0.775368,1.277159,1.286957,0.90529,0,0.0000000444568,0.0000000444568,1.11387E-10,0.0000000132225,0.0000000132225,0.0000000132225,7.902912,1.180474,0.00000516014
viscoplastic1_C_3,61166,4326,4326,0,r,1,0,14.139159,7,37,47326,13840,77.373,32668,28498,53.409,22326,38840,36.501,39.279457,43.442242,49.688606,49.905087,40.434017,40.685249,41.643551,0.904177,0.790512,0.787083,0.971446,0.965447,0.94323,0,0.0000000465938,0.00000000374669,3.06904E-10,3.414E-10,3.414E-10,3.414E-10,23.010431,1.707028,0.00000817826
bcsstk37,1140977,25503,25503,1,r,1,0,44.738933,8,102,82238,1058739,7.208,758645,382332,66.491,144778,996199,12.689,624.419312,713.980652,677.046448,701.284729,644.978638,636.618774,645.004333,0.874561,0.92227,0.890393,0.968124,0.980837,0.968085,0,0.0000000441507,2.14451E-14,2.49324E-10,9.06759E-11,9.06759E-11,9.06759E-11,348.153107,1.793519,0.0000090216
tumorAntiAngiogenesis_5,4690,460,460,1,r,1,0,10.195652,2,456,2479,2211,52.857,4650,40,99.147,4690,0,100,6.991904,7.973216,8.520288,8.383072,7.901344,7.851616,7.891456,0.876924,0.820618,0.83405,0.884901,0.890505,0.886009,0,0.0000000260879,1.39943E-15,1.39043E-12,0.0000000260879,0.0000000260879,0.0000000260879,5.71424,1.223593,0.00000618933
case9_b1_08,14453,14454,1,0,r,1,1,0.999931,0,1,14426,27,99.813,14434,19,99.869,14453,0,100,10.29184,10.989632,12.448064,11.65552,11.296512,11.384192,11.672192,0.936505,0.826782,0.883001,0.911064,0.904047,0.88174,0,0.0000000292044,1.82811E-13,5.01554E-13,0.0000000292044,0.0000000292044,0.0000000292044,10.042432,1.024835,0.00000549824
hydr1c_A_10,23036,5308,5308,0,r,1,0,4.339864,1,14,7275,15761,31.581,21330,1706,92.594,20846,2190,90.493,21.763552,24.918079,27.495071,25.684416,24.046753,24.004959,25.731039,0.873404,0.791544,0.847345,0.905052,0.906627,0.845809,0,0.0000000430673,8.86568E-14,7.4079E-11,0.00000000326462,0.00000000326462,0.00000000326462,15.22768,1.42921,0.00000739601
case9_b2_10,13936,14454,1,0,r,1,518,0.964162,0,1,13922,14,99.9,13923,13,99.907,13936,0,100,10.265376,11.080576,11.700928,11.674016,10.97424,11.206176,11.671008,0.92643,0.877313,0.879335,0.935407,0.916046,0.879562,0,0.0000000547336,3.70842E-13,5.58133E-13,0.0000000547336,0.0000000547336,0.0000000547336,10.513568,0.976393,0.00000399064
gre_343,1435,343,343,0,r,1,0,4.183673,2,5,1435,0,100,125,1310,8.711,0,1435,0,3.211584,3.227264,3.840224,3.50848,3.16448,3.177056,3.14848,0.995141,0.836301,0.915378,1.014885,1.010868,1.020043,0,0.0000000268926,0.0000000268926,6.49218E-15,0,0,0,3.296032,0.974379,0.00000652738
west0167,507,167,167,0,r,1,0,3.035928,1,9,186,321,36.686,478,29,94.28,471,36,92.899,2.408928,2.548288,3.6064,2.677696,2.765184,2.661472,2.831872,0.945312,0.667959,0.899627,0.871164,0.905111,0.850649,0,0.0000000195188,9.02746E-13,1.26183E-10,0.0000000115776,0.0000000115776,0.0000000115776,2.19136,1.099284,0.00000763261
dw4096,41746,8192,8192,0,r,1,0,5.095947,3,8,34578,7168,82.829,19140,22606,45.849,1800,39946,4.312,30.099039,33.038208,38.109089,39.400639,30.040865,30.2272,31.857056,0.911037,0.789813,0.763923,1.001936,0.99576,0.944815,0,0.0000000454672,0.00000000186034,1.69074E-10,2.76566E-10,2.76566E-10,2.76566E-10,20.604416,1.460805,0.00000792636
lp_e226,2768,223,472,0,r,1,0,12.412556,1,110,965,1803,34.863,1826,942,65.968,1650,1118,59.61,4.05568,4.554208,4.717696,5.100128,4.572416,4.624032,4.52048,0.890535,0.859674,0.795211,0.886988,0.877087,0.897179,0,0.0000000350841,2.20978E-10,4.17404E-10,6.91856E-10,6.91856E-10,6.91856E-10,3.990336,1.016376,0.00000409676
lp_scorpion,1534,388,466,0,r,1,0,3.953608,1,21,832,702,54.237,90,1444,5.867,133,1401,8.67,2.714912,3.13888,4.376288,3.12704,3.01936,2.873216,3.127552,0.86493,0.620369,0.868205,0.899168,0.944904,0.868063,0,0.0000000274847,0.0000000177681,2.15305E-10,0.0000000068174,0.0000000068174,0.0000000068174,3.690336,0.735682,0.00000656915
mhd4800a,102252,4800,4800,0,r,1,0,21.3025,1,33,97741,4511,95.588,99215,3037,97.03,89123,13129,87.16,99.870941,101.986115,108.300865,107.433823,101.371071,101.389053,106.321732,0.97926,0.922162,0.929604,0.985202,0.985027,0.939328,0,0.0000000519109,3.44629E-12,1.10937E-11,3.45635E-11,3.45635E-11,3.45635E-11,49.627937,2.012394,0.00000615817
lowThrust_5,198369,16262,16262,1,r,1,0,12.198315,2,6323,146213,52156,73.708,118760,79609,59.868,27095,171274,13.659,153.683685,172.718307,185.644348,186.233093,160.021698,156.498566,167.675644,0.889794,0.827839,0.825222,0.960393,0.982013,0.916553,0,0.0000000426897,0.00000000428415,2.41904E-10,0.00000000368549,0.00000000368549,0.00000000368549,85.354141,1.800542,0.0000181287
pde225,1065,225,225,0,r,1,0,4.733333,3,5,166,899,15.587,43,1022,4.038,0,1065,0,2.669536,3.140928,3.82672,2.960032,2.761248,2.695776,2.7688,0.84992,0.697604,0.901861,0.966786,0.990266,0.964149,0,0.0000000472073,0.00000000333309,4.0767E-10,0,0,0,3.298784,0.809249,0.0000064808
lpi_vol1,1646,323,464,0,r,1,0,5.095975,1,14,536,1110,32.564,1252,394,76.063,951,695,57.776,3.207552,3.5264,4.429696,3.563744,3.530528,3.546368,3.889984,0.909583,0.724102,0.900051,0.908519,0.904461,0.824567,0,0.0000000313624,4.68463E-11,1.35134E-10,0.00000000707223,0.00000000707223,0.00000000707223,3.51648,0.912149,0.00000853014
t2d_q9_A_21,87025,9801,9801,0,r,1,0,8.879196,4,9,11732,75293,13.481,42140,44885,48.423,44574,42451,51.22,89.15744,89.655037,97.093376,101.397949,91.67382,90.057503,94.406754,0.99445,0.918265,0.879282,0.972551,0.990006,0.944397,0,0.0000000452207,2.85317E-11,2.32943E-10,6.34692E-10,6.34692E-10,6.34692E-10,45.600449,1.955188,0.00000709382
scsd8-2r_A_03,3650,170,1190,0,r,1,0,21.470588,10,24,2640,1010,72.329,0,3650,0,0,3650,0,5.406592,5.677344,6.347872,5.499904,5.527488,5.501216,5.510304,0.95231,0.851717,0.983034,0.978128,0.982799,0.981179,0,0.0000000397988,0.0000000305121,0,0,0,0,4.4176,1.223875,0.00000842689
fs_183_6,1069,183,183,0,r,1,0,5.84153,2,72,905,164,84.659,1060,9,99.158,1069,0,100,3.137184,3.591968,4.522688,3.733952,3.617632,3.56768,3.582016,0.873389,0.693655,0.840178,0.867193,0.879334,0.875815,0,0.0000000759548,3.69371E-15,8.88001E-12,0.0000000759548,0.0000000759548,0.0000000759548,3.736032,0.83971,0.00000269684
c-21,32157,3509,3509,1,r,1,0,9.164149,2,451,17534,14623,54.526,11123,21034,34.59,1953,30204,6.073,32.831806,36.983776,40.250336,39.537983,33.393345,33.540798,35.249184,0.887735,0.81569,0.830386,0.983184,0.978862,0.93142,0,0.0000000360613,1.57886E-10,5.13335E-11,6.05761E-11,6.05761E-11,6.05761E-11,19.686527,1.66773,0.00000563527
large_A_37,20635,4282,8617,0,r,1,0,4.81901,2,21,8408,12227,40.746,18098,2537,87.705,13517,7118,65.505,17.667328,19.934368,23.076927,22.549503,18.780001,18.72048,21.458689,0.886275,0.765584,0.783491,0.940752,0.943743,0.823318,0,0.0000000479184,3.33821E-11,1.51368E-10,0.0000000228424,0.0000000228424,0.0000000228424,12.72848,1.388015,0.00000833921
494_bus,1666,494,494,1,r,1,0,3.37247,2,10,9,1657,0.54,936,730,56.182,736,930,44.178,2.732768,3.105312,3.560736,3.190112,3.101216,3.014784,3.45664,0.88003,0.767473,0.856637,0.881192,0.906456,0.790585,0,0.0000000382314,7.38094E-13,2.53572E-10,6.79817E-10,6.79817E-10,6.79817E-10,3.669248,0.744776,0.00000373118
case9_A_07,147972,14454,14454,1,r,1,0,10.237443,1,7210,104414,43558,70.563,147955,17,99.989,147872,100,99.932,133.876999,143.295807,156.331451,148.112671,147.049957,143.41507,148.83725,0.93427,0.856366,0.903886,0.910418,0.933493,0.899486,0,0.0000000281801,1.31928E-14,1.30789E-13,9.00529E-14,9.00529E-14,9.00529E-14,70.650558,1.894918,0.00000124632
tumorAntiAngiogenesis_4,4593,455,455,1,r,1,0,10.094505,2,451,2443,2150,53.19,4553,40,99.129,4593,0,100,6.959808,7.899936,8.683232,8.333408,7.834208,7.758848,7.837632,0.880995,0.801523,0.835169,0.888387,0.897016,0.887999,0,0.000000058087,1.58371E-15,6.48004E-13,0.000000058087,0.000000058087,0.000000058087,5.69968,1.221088,0.000000942859
brainpc2,179395,27607,27607,1,r,1,0,6.498171,1,13799,119350,60045,66.529,124142,55253,69.2,41405,137990,23.08,258.614532,315.809387,324.764587,327.970947,274.509155,276.988007,316.339355,0.818894,0.796314,0.788529,0.942098,0.933667,0.817522,0,0.0000000377486,2.22604E-11,3.40101E-11,1.06399E-10,1.06399E-10,1.06399E-10,192.790939,1.341425,0.00000712226
t2d_q4_A_06,87025,9801,9801,0,r,1,0,8.879196,4,9,65271,21754,75.003,0,87025,0,0,87025,0,89.16301,89.621857,106.651039,92.473923,89.986755,88.612801,92.87616,0.99488,0.836026,0.964196,0.990846,1.006209,0.96002,0,0.000000045308,0.00000000973991,0,0,0,0,46.465569,1.918905,0.00000806296
oscil_dcop_57,1544,430,430,0,r,1,0,3.590698,1,13,662,882,42.876,1386,158,89.767,1288,256,83.42,2.619296,3.1016,3.20576,3.685792,3.083296,3.04176,3.154944,0.844498,0.817059,0.710647,0.849512,0.861112,0.83022,0,0.0000000207514,4.2209E-14,1.31889E-10,2.01763E-10,2.01763E-10,2.01763E-10,4.272,0.613131,0.00000302972
garon1,88927,3175,3175,0,r,1,0,28.008504,5,45,73698,15229,82.875,50434,38493,56.714,15685,73242,17.638,71.252579,73.911903,81.621887,78.457726,71.837921,71.38192,72.962112,0.96402,0.872959,0.908165,0.991852,0.998188,0.97657,0,0.0000000426345,0.0000000069095,1.04526E-10,7.42266E-11,7.42266E-11,7.42266E-11,36.672482,1.942944,0.00000794545
gemat1,47369,4929,10595,0,r,1,0,9.610266,4,4928,26780,20589,56.535,14315,33054,30.22,4,47365,0.008,63.152576,72.245789,76.621796,74.291519,68.71891,63.427456,69.411072,0.874135,0.824212,0.850064,0.918999,0.995666,0.909834,0,0.0000000212919,1.65705E-10,3.53606E-11,2.58183E-13,2.58183E-13,2.58183E-13,40.578049,1.556324,0.00000739387
oscil_dcop_48,1544,430,430,0,r,1,0,3.590698,1,13,662,882,42.876,1386,158,89.767,1288,256,83.42,2.613568,3.048896,3.970496,3.055904,3.064416,3.052512,3.171392,0.857218,0.658247,0.855252,0.852876,0.856202,0.824108,0,0.0000000695263,5.9298E-14,2.21395E-10,2.51971E-10,2.51971E-10,2.51971E-10,3.2696,0.799354,0.00000797251
nopss_11k,44941,11685,11685,0,r,1,0,3.846042,1,30,6210,38731,13.818,44937,4,99.991,44941,0,100,22.902369,27.914593,28.122656,28.96464,27.844416,27.858976,28.541985,0.820444,0.814374,0.790701,0.822512,0.822082,0.80241,0,0.0000000301955,1.6982E-26,8.03359E-23,0.0000000301955,0.0000000301955,0.0000000301955,17.162239,1.334463,0.00000421086
hydr1c_A_53,19479,5308,5308,0,r,1,0,3.669744,1,12,7292,12187,37.435,18197,1282,93.419,18051,1428,92.669,12.06896,15.063616,17.106592,15.913664,14.73952,14.394304,16.055904,0.801199,0.705515,0.758402,0.818816,0.838454,0.751684,0,0.0000000502339,1.13422E-13,6.62361E-11,3.99125E-10,3.99125E-10,3.99125E-10,9.752544,1.237519,0.0000062063
aft01,125567,8205,8205,1,r,1,0,15.303717,8,21,67358,58209,53.643,125566,1,99.999,125567,0,100,87.631393,99.588097,103.291168,102.523392,102.526428,100.137794,102.248573,0.879938,0.848392,0.854745,0.85472,0.875108,0.857043,0,0.0000000136313,2.16353E-20,3.65005E-14,0.0000000136313,0.0000000136313,0.0000000136313,46.72224,1.875582,0.00000484387
sherman5,20793,3312,3312,0,r,1,0,6.27808,1,21,7215,13578,34.699,12774,8019,61.434,1719,19074,8.267,15.572768,18.272545,18.362112,19.432224,15.914176,15.91632,17.124256,0.85225,0.848092,0.801389,0.978547,0.978415,0.909398,0,0.0000000547401,8.69119E-11,4.43431E-10,9.36391E-11,9.36391E-11,9.36391E-11,11.092192,1.40394,0.00000741743
nmos3,386594,18588,18588,0,r,1,0,20.798042,5,33,268652,117942,69.492,382104,4490,98.839,365691,20903,94.593,378.874878,400.172028,462.959229,415.418701,407.108032,395.851776,403.774933,0.94678,0.818376,0.912031,0.930649,0.957113,0.938332,0,0.0000000401785,1.65577E-14,4.58E-12,4.47958E-12,4.47958E-12,4.47958E-12,186.344131,2.0332,0.00000601947
case9_b1_01,14453,14454,1,0,r,1,1,0.999931,0,1,14434,19,99.869,14424,29,99.799,14453,0,100,10.316384,10.96848,11.732544,11.650752,11.32096,11.40896,11.681056,0.940548,0.879296,0.885469,0.911264,0.904235,0.883172,0,0.0000000181726,3.01497E-11,2.82282E-11,0.0000000181726,0.0000000181726,0.0000000181726,9.57808,1.077083,0.00000213468
cond-mat,95188,16726,16726,1,r,1,462,5.69102,0,107,78016,17172,81.96,0,95188,0,2187,93001,2.298,78.379456,84.502304,98.162979,80.799683,77.740067,77.148804,86.225952,0.927542,0.798462,0.970047,1.008225,1.015952,0.909001,0,0.0000000385662,0.000000013191,0,0.0000000081974,0.0000000081974,0.0000000081974,44.461983,1.762842,0.00000755891
bcsstm35,20619,30237,30237,1,r,1,14434,0.681913,0,6,20619,0,100,7439,13180,36.078,19061,1558,92.444,20.226879,22.113888,25.060352,25.505665,13.597536,13.783072,24.45392,0.914669,0.807127,0.793035,1.48754,1.467516,0.827143,0,0.0000000369023,0.0000000369023,1.04566E-10,0.0000000155194,0.0000000155194,0.0000000155194,17.65856,1.145443,0.00000528392
ABACUS_shell_md_E,19216,23412,23412,0,r,1,21808,0.820776,0,12,8,19208,0.042,2184,17032,11.366,592,18624,3.081,18.30352,23.092031,19.548191,21.946016,6.19088,6.026912,19.948288,0.792634,0.936328,0.834025,2.95653,3.036965,0.917548,0,0.0000000454114,3.39074E-16,4.82115E-10,2.45312E-10,2.45312E-10,2.45312E-10,14.836224,1.233705,0.00000911723
TSOPF_RS_b678_c1_b,9515,18696,339,0,r,1,9517,0.508932,0,2,9466,49,99.485,8514,1001,89.48,8867,648,93.19,10.916128,11.37024,13.444928,12.238144,8.158496,8.047808,12.146624,0.960061,0.811914,0.891976,1.338007,1.35641,0.898697,0,0.000000044936,0.0000000420623,6.56286E-11,0.0000000291469,0.0000000291469,0.0000000291469,10.044736,1.086751,0.00000497914
deter2,35731,6095,17313,0,r,1,0,5.862346,2,30,12435,23296,34.802,0,35731,0,0,35731,0,28.649023,35.335327,35.391647,30.063168,28.906752,28.727039,29.686527,0.810776,0.809485,0.952961,0.991084,0.997284,0.965051,0,0.000000036077,0.0000000242339,0,0,0,0,19.105087,1.499549,0.00000788773
qpband,45000,20000,20000,1,r,1,0,2.25,2,3,5000,40000,11.111,0,45000,0,0,45000,0,30.472704,33.294815,38.072865,35.146912,30.373407,30.478239,31.680256,0.915239,0.800379,0.867009,1.003269,0.999818,0.961883,0,0.0000000374769,0.00000000127693,0,0,0,0,23.548512,1.294039,0.00000552826
cbuckle,676515,13681,13681,1,r,1,0,49.449236,26,600,252622,423893,37.342,542046,134469,80.123,163951,512564,24.235,352.474701,407.525787,381.087799,401.367889,368.502014,363.994446,370.265717,0.864914,0.924917,0.878184,0.956507,0.968352,0.951951,0,0.0000000458725,2.78017E-12,1.50234E-10,1.81532E-10,1.81532E-10,1.81532E-10,202.727844,1.73866,0.00000890052
rail_5177_E,35241,5177,5177,1,r,1,0,6.807224,4,11,35241,0,100,1898,33343,5.386,1842,33399,5.227,24.363041,29.916767,31.876415,25.812223,24.767103,24.700159,25.891745,0.814361,0.764297,0.943857,0.983686,0.986352,0.940958,0,0.0000000452654,0.0000000452654,3.66893E-10,8.1757E-10,8.1757E-10,8.1757E-10,16.170879,1.5066,0.00000790511
delf_A_15,15036,3170,6642,0,r,1,0,4.743218,2,21,5957,9079,39.618,12867,2169,85.575,9263,5773,61.605,13.665056,15.412192,17.153631,17.434977,14.507104,14.3864,16.530752,0.886639,0.796628,0.783773,0.941956,0.949859,0.826645,0,0.0000000551629,2.90517E-11,1.01994E-10,0.00000000201095,0.00000000201095,0.00000000201095,10.19968,1.339753,0.00000679849
oscil_dcop_44,1544,430,430,0,r,1,0,3.590698,1,13,662,882,42.876,1386,158,89.767,1288,256,83.42,2.748736,3.037504,3.136256,3.022784,3.044192,3.063584,3.468928,0.904932,0.876439,0.909339,0.902944,0.897229,0.792388,0,0.0000000329755,3.93214E-14,1.38259E-10,1.92227E-10,1.92227E-10,1.92227E-10,3.623296,0.758629,0.00000870407
deter6,24771,4255,12113,0,r,1,0,5.821622,2,30,9001,15770,36.337,0,24771,0,0,24771,0,20.924736,25.660225,26.623072,21.899872,21.16016,21.011488,21.693632,0.815454,0.785963,0.955473,0.988874,0.995871,0.964557,0,0.0000000362046,0.0000000249357,0,0,0,0,14.373984,1.455737,0.00000764083
scsd8-2r,190210,8650,60550,0,r,1,0,21.989595,10,24,138320,51890,72.72,0,190210,0,0,190210,0,177.693024,187.391205,216.744415,182.00592,175.945572,175.255142,178.755615,0.948246,0.819827,0.976304,1.009932,1.01391,0.994056,0,0.0000000347978,0.0000000306691,0,0,0,0,88.046562,2.018171,0.00000935237
nemeth09,395506,9506,9506,1,r,1,0,41.605933,18,52,395506,0,100,273082,122424,69.046,0,395506,0,229.270233,258.883484,264.695679,246.301468,232.082977,228.793533,232.44339,0.885612,0.866165,0.930852,0.98788,1.002084,0.986349,0,0.0000000462663,0.0000000462663,2.57498E-10,0,0,0,130.278427,1.759848,0.00000894558
fv3,87025,9801,9801,1,r,1,0,8.879196,4,9,77224,9801,88.738,0,87025,0,0,87025,0,89.158783,89.562401,106.227776,92.527039,90.079903,88.724098,92.986626,0.995493,0.839317,0.963597,0.989774,1.004899,0.958834,0,0.0000000368159,0.00000000924114,0,0,0,0,45.936897,1.940897,0.00000827027
t2d_q9_A_10,87025,9801,9801,0,r,1,0,8.879196,4,9,65223,21802,74.947,0,87025,0,0,87025,0,89.15773,89.595551,106.646812,92.558624,90.044769,88.650467,92.931068,0.995113,0.836009,0.963257,0.990149,1.005722,0.959396,0,0.0000000443301,0.000000010159,0,0,0,0,45.936512,1.94089,0.00000833743
inlet_C,64,1,11730,0,r,1,0,64,64,64,64,0,100,30,34,46.875,0,64,0,2.417216,2.578464,2.631968,2.659584,2.539552,2.50944,2.545856,0.937464,0.918406,0.90887,0.951828,0.963249,0.949471,0,0.0000000251785,0.0000000251785,5.4689E-10,0,0,0,3.367296,0.717851,0.00000849325
case9_A_10,147972,14454,14454,1,r,1,0,10.237443,1,7210,103525,44447,69.963,147960,12,99.992,147898,74,99.95,133.828415,143.30368,155.632294,148.087845,146.516006,142.797638,148.991257,0.93388,0.859901,0.90371,0.913405,0.937189,0.89823,0,0.0000000662942,1.29728E-15,6.87351E-14,6.84581E-14,6.84581E-14,6.84581E-14,71.335968,1.87603,0.00000160884
t2d_q4_A_11,87025,9801,9801,0,r,1,0,8.879196,4,9,24478,62547,28.128,42609,44416,48.962,46437,40588,53.361,89.121826,89.707939,98.667198,103.288544,91.154976,89.89872,94.309891,0.993466,0.903257,0.862843,0.977696,0.991358,0.944989,0,0.0000000441544,9.27029E-11,2.42114E-10,6.69824E-10,6.69824E-10,6.69824E-10,48.057087,1.854499,0.00000767012
bcsstk25,252241,15439,15439,1,r,1,0,16.33791,2,59,18880,233361,7.485,243132,9109,96.389,215122,37119,85.284,313.664978,332.394958,352.013062,354.786255,332.619019,326.997833,333.808929,0.943651,0.891061,0.884096,0.943016,0.959226,0.939654,0,0.0000000422229,1.46174E-14,1.00181E-11,1.24432E-10,1.24432E-10,1.24432E-10,155.203003,2.020998,0.00000520501
large_A_11,19637,4247,8587,0,r,1,0,4.623734,2,21,7338,12299,37.368,16976,2661,86.449,12855,6782,65.463,17.434849,19.77376,22.551647,22.367968,18.700001,18.642879,21.016064,0.881716,0.773108,0.779456,0.932345,0.935201,0.829596,0,0.0000000456097,2.08835E-11,1.27047E-10,0.0000000185998,0.0000000185998,0.0000000185998,12.470656,1.39807,0.00000793782
ABACUS_shell_hd_K,216082,23412,23412,0,r,1,0,9.22954,4,15,50455,165627,23.35,197326,18756,91.32,194536,21546,90.029,209.235291,222.310532,252.155869,232.231232,228.558365,221.137054,232.074554,0.941185,0.829786,0.900978,0.915457,0.946179,0.901587,0,0.000000041701,1.3363E-14,1.74955E-11,4.80846E-12,4.80846E-12,4.80846E-12,110.189888,1.898861,0.00000797654
c-48,166080,18354,18354,1,r,1,0,9.048709,2,950,108760,57320,65.487,106924,59156,64.381,26725,139355,16.092,183.564194,197.301849,223.939392,223.710876,193.759171,186.646591,197.765854,0.930372,0.819705,0.820542,0.947383,0.983485,0.92819,0,0.0000000161959,5.44241E-12,5.19434E-12,3.4012E-12,3.4012E-12,3.4012E-12,99.958626,1.836402,0.00000618479
bcsstm24,3562,3562,3562,1,r,1,0,1,1,1,202,3360,5.671,2042,1520,57.327,3562,0,100,4.043968,4.46288,4.58192,5.017152,4.481216,4.418816,4.535424,0.906134,0.882592,0.806029,0.902427,0.91517,0.891641,0,0.0000000497019,3.80132E-15,1.44071E-10,0.0000000497019,0.0000000497019,0.0000000497019,4.44192,0.91041,0.00000344996
t2d_q4_A_13,87025,9801,9801,0,r,1,0,8.879196,4,9,31650,55375,36.369,14329,72696,16.465,14022,73003,16.113,89.155396,89.665855,100.594368,96.097244,91.429085,89.799133,93.924194,0.994307,0.886286,0.927762,0.975132,0.992831,0.949227,0,0.0000000508409,7.66218E-10,3.67911E-10,9.75754E-10,9.75754E-10,9.75754E-10,46.685886,1.909686,0.00000783713
M80PI_n,10261,4182,4182,0,r,1,0,2.453611,1,12,1881,8380,18.332,1854,8407,18.068,23,10238,0.224,8.340608,8.98848,11.444032,10.336416,8.252768,8.239072,8.451744,0.927922,0.728817,0.806915,1.010644,1.012324,0.98685,0,0.0000000233584,0.00000000148183,1.0671E-11,8.06548E-10,8.06548E-10,8.06548E-10,7.283136,1.145195,0.00000412578
lpi_bgdbg1,1662,348,629,0,r,1,0,4.775862,2,29,281,1381,16.907,281,1381,16.907,326,1336,19.615,3.541792,3.875488,4.96528,4.05216,3.578688,3.657056,3.772192,0.913896,0.713312,0.87405,0.98969,0.968482,0.938921,0,0.0000000263345,2.53998E-10,2.53998E-10,0.00000000492258,0.00000000492258,0.00000000492258,3.735232,0.948212,0.00000708441
descriptor_xingo6u,73916,20738,20738,0,r,1,0,3.564278,1,34,10705,63211,14.483,73912,4,99.995,73916,0,100,48.133472,45.936031,54.899616,48.672287,45.709408,45.876705,47.072353,1.047837,0.876754,0.98893,1.053032,1.049192,1.022542,0,0.0000000358971,1.03322E-18,1.06622E-14,0.0000000358971,0.0000000358971,0.0000000358971,28.429056,1.693108,0.000003688
nemeth05,394808,9506,9506,1,r,1,0,41.532506,17,52,394808,0,100,333282,61526,84.416,0,394808,0,230.276962,260.017609,267.252594,265.922852,233.124481,229.537155,233.605148,0.885621,0.861645,0.865954,0.987785,1.003223,0.985753,0,0.0000000457865,0.0000000457865,2.01666E-10,0,0,0,130.776871,1.760839,0.00000874702
bodyy4,121938,17546,17546,1,r,1,0,6.949618,3,9,72556,49382,59.502,70578,51360,57.88,2668,119270,2.188,72.756516,77.429214,93.409119,92.147392,73.557663,72.633118,75.53894,0.939652,0.778902,0.789567,0.989109,1.001699,0.963166,0,0.0000000450035,4.41668E-10,4.04085E-10,4.15532E-10,4.15532E-10,4.15532E-10,45.03952,1.615393,0.00000718078
c-37,74676,8204,8204,1,r,1,0,9.102389,2,652,55493,19183,74.312,50696,23980,67.888,15258,59418,20.432,78.232002,85.28067,94.96624,93.704964,79.57888,80.915298,90.521149,0.917347,0.823788,0.834876,0.983075,0.966838,0.86424,0,0.0000000908122,3.82548E-11,2.40434E-11,2.15923E-11,2.15923E-11,2.15923E-11,42.89299,1.823888,0.0000050194
ncvxqp9,54040,16554,16554,1,r,1,0,3.264468,1,9,2022,52018,3.742,54038,2,99.996,54040,0,100,30.011295,35.992962,40.631615,37.378654,35.724129,35.804096,36.782818,0.83381,0.738619,0.802899,0.840085,0.838208,0.815905,0,0.0000000269591,1.51288E-17,2.1207E-14,0.0000000269591,0.0000000269591,0.0000000269591,21.62672,1.387695,0.00000527467
ted_A,424587,10605,10605,0,r,1,0,40.036492,1,147,409451,15136,96.435,278107,146480,65.501,144088,280499,33.936,258.723907,290.180481,299.032257,278.934174,277.020691,271.951447,277.641937,0.891597,0.865204,0.927545,0.933952,0.951361,0.931862,0,0.0000000442433,0.0000000123086,1.42689E-10,0.00000000481231,0.00000000481231,0.00000000481231,140.698074,1.838859,0.0000085973
hydr1c_A_34,19485,5308,5308,0,r,1,0,3.670874,1,12,7288,12197,37.403,18201,1284,93.41,18057,1428,92.671,12.101888,14.91824,16.31712,15.835712,14.491296,14.302816,15.83808,0.811214,0.741668,0.764215,0.835114,0.846119,0.764101,0,0.0000000526255,1.05181E-13,5.52598E-11,2.87517E-10,2.87517E-10,2.87517E-10,9.580448,1.263186,0.00000617489
oscil_dcop_50,1544,430,430,0,r,1,0,3.590698,1,13,662,882,42.876,1386,158,89.767,1288,256,83.42,2.655168,3.079936,3.12336,3.026112,3.053952,3.047904,3.194304,0.862085,0.8501,0.877419,0.86942,0.871146,0.83122,0,0.000000029574,5.36419E-14,1.91138E-10,2.5054E-10,2.5054E-10,2.5054E-10,3.496608,0.759355,0.00000376314
lnsp3937,25407,3937,3937,0,r,1,0,6.453391,1,11,15444,9963,60.786,23763,1644,93.529,23187,2220,91.262,19.223392,23.691999,24.517248,25.719072,22.934143,22.968767,25.514624,0.811388,0.784076,0.747437,0.8382,0.836936,0.753426,0,0.0000000430858,9.65046E-19,2.71868E-11,1.36608E-11,1.36608E-11,1.36608E-11,12.356032,1.55579,0.00000653454
Zd_Jac6,1711983,22835,22835,0,r,1,0,74.971885,1,1050,1502678,209305,87.774,1696811,15172,99.114,1577550,134433,92.148,631.604797,711.24646,704.396973,736.149109,711.09314,703.789978,712.648132,0.888025,0.89666,0.857985,0.888217,0.897434,0.886279,0,0.0000000492223,2.81117E-14,1.45967E-13,1.50159E-11,1.50158E-11,1.50158E-11,373.799469,1.689689,0.00000252299
hydr1c_A_07,22915,5308,5308,0,r,1,0,4.317069,1,14,7236,15679,31.578,21207,1708,92.546,20725,2190,90.443,21.824192,25.152639,26.887936,25.745825,24.149311,24.109344,25.769279,0.86767,0.811672,0.847679,0.903719,0.905217,0.846907,0,0.0000000566604,1.02919E-13,8.31705E-11,0.00000000385432,0.00000000385432,0.00000000385432,16.151392,1.351227,0.00000722518
flowmeter0,67391,9669,9669,1,r,1,0,6.9698,4,11,62163,5228,92.242,62169,5222,92.251,61359,6032,91.049,35.964577,39.10413,43.879105,42.696224,38.531265,38.494209,43.01392,0.919713,0.819629,0.842336,0.933387,0.934285,0.836115,0,0.0000000430037,1.62783E-11,1.68363E-11,1.62627E-11,1.62627E-11,1.62627E-11,23.508257,1.52987,0.00000758862
nemeth24,1506550,9506,9506,1,r,1,0,158.484115,62,193,1506550,0,100,1166300,340250,77.415,0,1506550,0,385.065613,429.491943,435.342194,455.658936,381.517365,377.124786,377.78476,0.896561,0.884513,0.845074,1.0093,1.021056,1.019272,0,0.0000000443272,0.0000000443272,1.61275E-10,0,0,0,241.952316,1.591494,0.0000105279
t2d_q9_A_25,87025,9801,9801,0,r,1,0,8.879196,4,9,10951,76074,12.584,17613,69412,20.239,17775,69250,20.425,89.142174,89.711006,95.487679,97.0168,91.67392,90.120865,94.058975,0.993659,0.933546,0.918832,0.972383,0.98914,0.947726,0,0.0000000463627,2.4803E-10,4.5641E-10,0.00000000119147,0.00000000119147,0.00000000119147,46.307522,1.925004,0.00000851424
t2d_q4_A_18,87025,9801,9801,0,r,1,0,8.879196,4,9,31261,55764,35.922,1853,85172,2.129,895,86130,1.028,89.124771,89.709602,100.667778,93.333633,90.122818,88.73616,93.05677,0.993481,0.885336,0.954905,0.988926,1.004379,0.957746,0,0.000000044028,0.00000000200192,2.56121E-10,5.27534E-10,5.27534E-10,5.27534E-10,46.847584,1.902441,0.00000854781
TSC_OPF_1047,2016902,8140,8140,1,r,1,0,247.776658,1,1526,1975159,41743,97.93,1969861,47041,97.668,1932704,84198,95.825,465.680389,420.502899,443.446228,442.631958,416.184235,413.7146,416.365601,1.107437,1.050139,1.052071,1.118928,1.125608,1.118441,0,0.0000000515846,1.03088E-11,4.53337E-12,2.57137E-11,2.57137E-11,2.57137E-11,296.39975,1.571123,0.00000849905
meg4,46842,5860,5860,1,r,1,0,7.993515,1,1194,40352,6490,86.145,40460,6382,86.375,44026,2816,93.988,34.22477,40.724129,45.206818,44.437088,38.91827,39.352737,41.397217,0.840405,0.757071,0.770185,0.879401,0.869692,0.826741,0,0.0000000390047,5.38999E-15,3.14132E-13,0.0000000380413,0.0000000380413,0.0000000380413,24.302176,1.408301,0.00000369857
gams10am,407,114,171,0,r,1,0,3.570175,1,20,80,327,19.656,50,357,12.285,23,384,5.651,2.6608,2.624672,3.8176,2.703904,2.766688,2.63008,3.078176,1.013765,0.696982,0.984059,0.961727,1.01168,0.864408,0,0.0000000292213,0.00000000524176,0.00000000146332,0.00000000195434,0.00000000195434,0.00000000195434,3.330752,0.798859,0.00000734355
astro-ph,242502,16706,16706,1,r,1,660,14.515863,0,360,226288,16214,93.314,25684,216818,10.591,11931,230571,4.92,173.690048,197.683395,211.03833,181.26384,171.686203,168.75856,182.369095,0.878627,0.823026,0.958217,1.011672,1.029222,0.952409,0,0.0000000395521,0.0000000168483,4.33279E-10,0.0000000046564,0.0000000046564,0.0000000046564,97.654144,1.778624,0.00000958556
oscil_dcop_37,1544,430,430,0,r,1,0,3.590698,1,13,662,882,42.876,1386,158,89.767,1288,256,83.42,2.637728,3.06624,3.106272,3.020224,3.051232,3.044576,3.593792,0.860248,0.849162,0.873355,0.86448,0.86637,0.733968,0,0.0000000436682,6.09493E-14,2.7165E-10,3.91424E-10,3.91424E-10,3.91424E-10,3.535072,0.74616,0.0000046978
scrs8-2r_A_06,7367,1820,3499,0,r,1,0,4.047802,1,15,2059,5308,27.949,774,6593,10.506,12,7355,0.163,8.721408,9.741312,10.467808,9.755392,8.81856,8.742912,8.926976,0.895301,0.833165,0.894009,0.988983,0.99754,0.976972,0,0.000000035255,0.00000000303519,5.39846E-10,1.9807E-10,1.9807E-10,1.9807E-10,6.962208,1.252678,0.00000701163
lowThrust_13,224897,18476,18476,1,r,1,0,12.172386,2,7184,166368,58529,73.975,135229,89668,60.129,30699,194198,13.65,174.329849,195.309982,210.579773,211.037125,179.568039,175.166138,188.751587,0.89258,0.827857,0.826062,0.970829,0.995226,0.923594,0,0.0000000439665,0.00000000439293,2.49981E-10,0.0000000114263,0.0000000114263,0.0000000114263,96.411873,1.808178,0.0000210442
delf_A_36,15397,3170,6654,0,r,1,0,4.857098,2,21,6347,9050,41.222,13257,2140,86.101,9556,5841,62.064,13.700416,15.484832,17.225409,17.529856,14.479968,14.415584,16.623936,0.884764,0.795361,0.781548,0.946163,0.950389,0.824138,0,0.0000000417228,2.48701E-11,8.86336E-11,0.00000000605592,0.00000000605592,0.00000000605592,10.094048,1.357277,0.00000968989
freeFlyingRobot_15,43378,6038,6038,1,r,1,0,7.184167,1,1209,19213,24165,44.292,41829,1549,96.429,42007,1371,96.839,34.332672,41.795231,41.805984,43.544479,40.91853,41.399681,42.406078,0.82145,0.821238,0.788451,0.83905,0.829298,0.809617,0,0.0000000380595,7.0128E-15,1.25535E-11,0.0000000318346,0.0000000318346,0.0000000318346,24.31584,1.411947,0.000005177
oscil_dcop_14,1544,430,430,0,r,1,0,3.590698,1,13,662,882,42.876,1386,158,89.767,1288,256,83.42,2.778496,3.050272,3.153088,3.018464,3.058176,3.092832,3.179776,0.910901,0.881198,0.9205,0.908547,0.898366,0.873802,0,0.0000000316035,5.46946E-14,1.89241E-10,2.40524E-10,2.40524E-10,2.40524E-10,3.533056,0.786429,0.00000933789
TSOPF_FS_b162_c1_b,10797,10798,1,0,r,1,1,0.999907,0,1,10429,368,96.592,10438,359,96.675,10797,0,100,8.239232,8.805184,10.382016,9.22544,8.93248,9.102496,9.346368,0.935725,0.793606,0.893099,0.92239,0.905162,0.881544,0,0.0000000411189,1.42229E-11,1.59952E-11,0.0000000411189,0.0000000411189,0.0000000411189,7.913728,1.041132,0.00000373152
p010,118000,10090,19090,0,r,1,0,11.694747,1,1001,81000,37000,68.644,0,118000,0,19,117981,0.016,102.546883,107.211746,106.648354,106.59613,102.49411,101.880768,105.625343,0.956489,0.961542,0.962013,1.000515,1.006538,0.970855,0,0.0000000310238,0.0000000078214,0,4.84423E-10,4.84423E-10,4.84423E-10,56.180126,1.825323,0.00000918766
hangGlider_1,3477,360,360,1,r,1,0,9.658333,2,319,1760,1717,50.618,2052,1425,59.016,305,3172,8.772,5.813088,6.526496,7.017856,6.568416,6.399168,6.095488,6.154176,0.890691,0.828328,0.885006,0.908413,0.953671,0.944576,0,0.0000000369056,6.3558E-11,1.05738E-10,1.92898E-10,1.92898E-10,1.92898E-10,5.037856,1.153881,0.00000410186
freeFlyingRobot_14,43298,5958,5958,1,r,1,0,7.267204,1,1193,19072,24226,44.048,41820,1478,96.586,42155,1143,97.36,33.826336,41.071522,41.342049,42.818657,40.346722,40.788479,41.802593,0.823596,0.818207,0.789991,0.838391,0.829311,0.809192,0,0.0000000190637,8.03426E-15,3.22106E-12,3.81403E-10,3.81403E-10,3.81403E-10,24.423904,1.384968,0.00000634435
fs_183_1,1069,183,183,0,r,1,0,5.84153,2,72,890,179,83.255,1060,9,99.158,1069,0,100,3.1224,3.557248,5.128448,3.631392,4.518112,3.596992,3.57744,0.877757,0.608839,0.859836,0.691085,0.868059,0.872803,0,0.0000000534371,2.6908E-15,1.51221E-12,0.0000000534371,0.0000000534371,0.0000000534371,2.690688,1.160447,0.00000347948
lp_sc205,665,205,317,0,r,1,0,3.243902,1,5,6,659,0.902,2,663,0.301,2,663,0.301,2.475008,2.678272,3.015296,2.56544,2.708928,2.581952,2.6512,0.924106,0.820818,0.96475,0.913648,0.95858,0.933543,0,0.000000028687,0.00000000107488,1.65664E-10,0.00000000126797,0.00000000126797,0.00000000126797,3.148256,0.786152,0.00000636764
e40r0100,553562,17281,17281,0,r,1,0,32.032984,8,62,516664,36898,93.334,278704,274858,50.347,83339,470223,15.055,385.002625,431.068939,468.152985,420.287384,400.473297,394.234497,399.834961,0.893135,0.822386,0.916046,0.961369,0.976583,0.962904,0,0.0000000455906,0.0000000104002,3.38924E-10,1.37037E-10,1.37037E-10,1.37037E-10,211.188644,1.823027,0.00000866181
vibrobox,342828,12328,12328,1,r,1,0,27.80889,9,121,67124,275704,19.579,270680,72148,78.955,138388,204440,40.367,268.910492,292.333344,304.304871,312.516998,281.004608,277.611572,282.853485,0.919876,0.883688,0.860467,0.956961,0.968657,0.950706,0,0.0000000412407,1.90414E-14,1.08941E-10,6.02471E-11,6.02471E-11,6.02471E-11,139.913406,1.921978,0.00000744602
str_600,3279,363,363,0,r,1,0,9.033058,1,33,2594,685,79.109,1717,1562,52.364,482,2797,14.7,5.355584,5.970048,6.976384,5.732512,5.505152,5.453056,5.97824,0.897076,0.767673,0.934247,0.972831,0.982125,0.895846,0,0.000000053815,0.000000012723,5.91316E-10,0.0000000058151,0.0000000058151,0.0000000058151,3.567136,1.501368,0.00000676639
Zd_Jac6_db,663643,22835,22835,0,r,1,0,29.062536,1,224,470908,192735,70.958,636319,27324,95.883,105652,557991,15.92,525.740906,576.21814,566.190063,601.504761,553.003418,544.397034,558.544556,0.912399,0.928559,0.874043,0.950701,0.965731,0.941269,0,0.000000040537,2.78051E-14,1.05946E-11,0.0000000138898,0.0000000138898,0.0000000138898,278.576874,1.887238,0.00000622051
bcsstk22,696,138,138,1,r,1,0,5.043478,2,8,78,618,11.207,290,406,41.667,214,482,30.747,2.538272,2.633408,3.262592,2.652576,2.604192,2.592256,2.582304,0.963873,0.777992,0.956908,0.974687,0.979175,0.982949,0,0.0000000497651,9.02269E-15,2.76168E-10,2.21388E-10,2.21388E-10,2.21388E-10,3.155584,0.804375,0.00000507709
Ecoli_10NN,4560,336,336,1,r,1,0,13.571429,10,26,4560,0,100,12,4548,0.263,0,4560,0,5.183872,5.69344,6.702912,5.42064,5.270048,5.172896,5.252864,0.910499,0.773376,0.956321,0.983648,1.002122,0.986866,0,0.0000000446851,0.0000000446851,1.16502E-10,0,0,0,4.569728,1.134394,0.0000082517
t2d_q4_A_42,87025,9801,9801,0,r,1,0,8.879196,4,9,313,86712,0.36,28241,58784,32.452,29031,57994,33.359,89.15731,89.638756,93.311005,98.737572,92.613441,90.424194,94.293373,0.994629,0.955485,0.902972,0.962682,0.98599,0.945531,0,0.0000000476154,1.09986E-12,3.15317E-10,8.31988E-10,8.31988E-10,8.31988E-10,46.230946,1.92852,0.00000786125
nemeth04,394808,9506,9506,1,r,1,0,41.532506,17,52,394808,0,100,343280,51528,86.949,0,394808,0,230.313095,260.03006,266.793457,274.986511,233.185242,229.423111,233.631012,0.885717,0.863264,0.837543,0.987683,1.003879,0.985798,0,0.0000000455687,0.0000000455687,1.74925E-10,0,0,0,130.773987,1.761154,0.00000861834
t2d_q9_A_42,87025,9801,9801,0,r,1,0,8.879196,4,9,313,86712,0.36,28241,58784,32.452,29031,57994,33.359,89.120255,89.583549,93.3825,98.704124,92.631775,90.377151,94.340607,0.994828,0.954357,0.902903,0.962092,0.986093,0.944665,0,0.0000000459898,1.22309E-12,3.14257E-10,8.0495E-10,8.0495E-10,8.0495E-10,45.517506,1.957934,0.00000780116
gre_185,1005,185,185,0,r,1,0,5.432432,3,7,1005,0,100,30,975,2.985,0,1005,0,2.5864,2.678304,3.442752,2.730816,3.270272,2.601856,2.600128,0.965686,0.751259,0.947116,0.790882,0.99406,0.99472,0,0.0000000375617,0.0000000375617,7.26184E-15,0,0,0,3.106368,0.832612,0.00000709295
crystm02,322905,13965,13965,1,r,1,0,23.122449,8,27,322905,0,100,19392,303513,6.005,0,322905,0,285.202271,301.038147,310.279602,308.067352,283.199493,282.288361,287.699677,0.947396,0.919178,0.925779,1.007072,1.010322,0.991319,0,0.000000045934,0.000000045934,4.52498E-10,0,0,0,140.580032,2.028754,0.00000878112
hep-th,31502,8361,8361,1,r,1,751,3.767731,0,50,19152,12350,60.796,894,30608,2.838,2662,28840,8.45,19.062559,24.839808,25.772064,20.095903,17.967615,17.809025,23.105215,0.76742,0.73966,0.948579,1.06094,1.070388,0.825033,0,0.0000000396324,0.00000000895014,1.78699E-10,0.00000000918882,0.00000000918882,0.00000000918882,14.38496,1.325173,0.00000800195
TSOPF_RS_b300_c2,2943887,28338,28338,0,r,1,0,103.884784,1,209,2857569,86318,97.068,2856600,87287,97.035,2884063,59824,97.968,955.431274,976.321411,1008.98584,1006.467896,961.379395,956.175476,968.08905,0.978603,0.946922,0.949291,0.993813,0.999222,0.986925,0,0.0000000313184,5.72101E-11,8.45134E-13,2.7722E-10,2.7722E-10,2.7722E-10,553.150513,1.727254,0.00000783175
scsd8-2b,112770,5130,35910,0,r,1,0,21.982456,10,24,82000,30770,72.714,0,112770,0,0,112770,0,106.465668,111.940735,129.435516,108.984322,105.54509,105.586815,107.316032,0.95109,0.822538,0.97689,1.008722,1.008324,0.992076,0,0.0000000361531,0.000000030776,0,0,0,0,53.19677,2.001356,0.00000879754
bcsstk05,2423,153,153,1,r,1,0,15.836601,4,24,2,2421,0.083,698,1725,28.807,0,2423,0,3.512352,3.795264,5.886912,3.764256,3.609824,3.644704,4.108896,0.925457,0.596637,0.93308,0.972998,0.963686,0.854817,0,0.0000000507282,3.41598E-16,6.63051E-10,0,0,0,3.741376,0.938786,0.00000980199
delf_A_33,15400,3173,6651,0,r,1,0,4.853451,2,21,6321,9079,41.045,13261,2139,86.11,9549,5851,62.006,13.73808,15.481152,18.082081,17.537439,14.547424,14.454368,16.682625,0.887407,0.759762,0.783357,0.944365,0.950445,0.823496,0,0.0000000438305,3.1761E-11,9.99168E-11,0.00000000611668,0.00000000611668,0.00000000611668,9.342432,1.470504,0.00000893507
lhr14,307858,14270,14270,0,r,1,0,21.573791,1,63,281828,26030,91.545,128461,179397,41.727,14137,293721,4.592,313.367065,352.330963,381.704132,356.039307,319.390045,317.340759,323.135101,0.889411,0.820968,0.880147,0.981142,0.987478,0.969771,0,0.000000033934,0.0000000289945,6.3098E-10,0.00000000346112,0.00000000346112,0.00000000346112,165.166748,1.897277,0.00000843238
lp_standata,3230,359,1274,0,r,1,0,8.997214,2,745,0,3230,0,0,3230,0,0,3230,0,6.86016,8.093472,6.96224,6.978688,7.440864,6.919008,7.576224,0.847616,0.985338,0.983016,0.921957,0.991495,0.905485,0,0.0000000388623,0,0,0,0,0,5.926848,1.157472,0.0000117635
hydr1c_A_73,19510,5308,5308,0,r,1,0,3.675584,1,12,7295,12215,37.391,18226,1284,93.419,18082,1428,92.681,12.0904,14.933664,18.630432,15.814336,14.492768,14.329024,15.821408,0.809607,0.64896,0.764521,0.834237,0.84377,0.76418,0,0.0000000470045,1.16384E-13,6.49684E-11,3.07556E-10,3.07556E-10,3.07556E-10,9.538656,1.267516,0.00000691688
t2d_q9_A_27,87025,9801,9801,0,r,1,0,8.879196,4,9,10951,76074,12.584,17535,69490,20.149,17667,69358,20.301,89.149986,89.647362,96.182434,96.896896,91.631683,90.008575,93.897217,0.994452,0.926884,0.92005,0.972917,0.990461,0.949442,0,0.0000000446538,2.36491E-10,4.395E-10,0.00000000118619,0.00000000118619,0.00000000118619,45.606144,1.95478,0.00000774877
delf_A_34,15403,3175,6650,0,r,1,0,4.851339,2,21,6329,9074,41.089,13269,2134,86.146,9578,5825,62.183,13.948352,15.584256,18.912895,17.584127,14.48656,14.437664,16.603519,0.895028,0.737505,0.793235,0.962848,0.966109,0.840084,0,0.0000000455621,2.77357E-11,8.71312E-11,0.00000000206714,0.00000000206714,0.00000000206714,9.366272,1.489211,0.00000854989
t2d_q4_A_45,87025,9801,9801,0,r,1,0,8.879196,4,9,311,86714,0.357,26530,60495,30.485,27084,59941,31.122,89.122978,89.628548,93.389053,98.366493,92.596062,90.249245,94.284515,0.994359,0.954319,0.90603,0.962492,0.98752,0.945256,0,0.0000000460033,1.50004E-12,3.71552E-10,9.1355E-10,9.1355E-10,9.1355E-10,46.523071,1.915673,0.00000782825
hydr1c_A_56,19495,5308,5308,0,r,1,0,3.672758,1,12,7299,12196,37.44,18211,1284,93.414,18067,1428,92.675,12.065856,15.080704,16.943104,15.8544,14.479872,14.328704,15.845824,0.800086,0.71214,0.761041,0.833285,0.842076,0.761453,0,0.0000000493973,1.07835E-13,5.75871E-11,2.86419E-10,2.86419E-10,2.86419E-10,9.541824,1.264523,0.0000078144
beaflw,53403,497,507,0,r,1,5,107.450704,0,494,26236,27167,49.128,39938,13465,74.786,74,53329,0.139,16.107456,20.376064,19.811617,20.781984,16.393791,16.265568,16.53664,0.790509,0.813031,0.775068,0.982534,0.990279,0.974046,0,0.0000000606469,9.46965E-12,5.39545E-11,0.00000000130627,0.00000000130627,0.00000000130627,10.127008,1.590544,0.00000436208
hangGlider_4,149532,15561,15561,1,r,1,0,9.609408,2,13831,103248,46284,69.047,116360,33172,77.816,46322,103210,30.978,187.34198,221.016891,237.120667,233.319611,243.212067,209.409058,226.579834,0.847636,0.79007,0.802941,0.770282,0.894622,0.826825,0,0.0000000548266,2.43839E-11,4.50734E-11,0.0000000541477,0.0000000541477,0.0000000541477,114.468643,1.636623,0.00000537008
dynamicSoaringProblem_5,36789,3271,3271,1,r,1,0,11.247019,2,1226,21595,15194,58.7,29837,6952,81.103,9314,27475,25.317,29.991199,33.423298,37.115009,36.489246,31.270817,31.375711,32.58717,0.897314,0.808061,0.821919,0.95908,0.955873,0.920338,0,0.0000000800763,1.54045E-12,6.77824E-12,7.28745E-12,7.28745E-12,7.28745E-12,18.985184,1.579716,0.00000657064
t2d_q9_A_06,87025,9801,9801,0,r,1,0,8.879196,4,9,65271,21754,75.003,0,87025,0,0,87025,0,89.128929,89.617889,107.842079,92.522079,90.052544,88.722206,92.980385,0.994544,0.826476,0.963326,0.989744,1.004584,0.958578,0,0.0000000443909,0.0000000100705,0,0,0,0,46.003231,1.937449,0.00000805777
t2d_q9_A_35,87025,9801,9801,0,r,1,0,8.879196,4,9,2563,84462,2.945,23396,63629,26.884,23796,63229,27.344,89.173859,89.771713,94.381378,97.888062,92.324158,90.347458,94.233315,0.99334,0.944825,0.910978,0.965878,0.98701,0.946309,0,0.0000000468458,2.33188E-11,3.77371E-10,9.87984E-10,9.87984E-10,9.87984E-10,46.465984,1.919121,0.00000823163
fxm2-16,32972,3900,7335,0,r,1,0,8.454359,1,57,13106,19866,39.749,25554,7418,77.502,23167,9805,70.263,36.066143,40.786625,43.773281,43.05901,39.798721,39.813824,41.937889,0.884264,0.823931,0.837598,0.906214,0.90587,0.859989,0,0.0000000476962,3.09126E-10,7.13608E-10,0.00000000713414,0.00000000713414,0.00000000713414,20.952736,1.721309,0.00000851728
delf_A_03,14432,3135,6605,0,r,1,0,4.603509,1,21,5609,8823,38.865,12463,1969,86.357,9093,5339,63.006,13.558048,15.285472,18.225857,17.325537,14.446656,14.29984,16.427776,0.886989,0.743891,0.782547,0.93849,0.948126,0.825312,0,0.0000000435673,2.80994E-11,1.20953E-10,0.00000000418441,0.00000000418441,0.00000000418441,10.577824,1.281743,0.00000733725
spmsrtls,229947,29995,29995,1,r,1,0,7.666178,4,8,163940,66007,71.295,67418,162529,29.319,1215,228732,0.528,122.368477,129.140518,154.724289,155.273376,123.475487,121.501854,125.680962,0.947561,0.790881,0.788084,0.991035,1.007133,0.973644,0,0.0000000445284,0.00000000832997,7.05951E-10,0.00000000138275,0.00000000138275,0.00000000138275,74.153763,1.650199,0.00000734775
lund_b,2441,147,147,1,r,1,0,16.605442,5,21,430,2011,17.616,897,1544,36.747,5,2436,0.205,4.962368,5.264224,5.618112,5.579264,5.068832,5.033056,5.05008,0.942659,0.88328,0.889431,0.978996,0.985955,0.982632,0,0.0000000391792,3.9304E-12,3.29831E-10,2.41527E-11,2.41527E-11,2.41527E-11,3.978592,1.247267,0.0000101973
lp_vtp_base,1051,198,346,0,r,1,0,5.308081,1,38,22,1029,2.093,788,263,74.976,685,366,65.176,2.663936,2.924768,3.163904,3.551584,3.157216,3.038016,3.17984,0.91082,0.841977,0.75007,0.843761,0.876867,0.837758,0,0.0000000298264,2.07953E-12,3.19931E-10,6.09103E-10,6.09103E-10,6.09103E-10,3.230144,0.824711,0.00000777637
ABACUS_shell_ud_M,206474,23412,23412,0,r,1,0,8.819153,4,12,197163,9311,95.49,194623,11851,94.26,192142,14332,93.059,208.917282,222.219879,232.430908,231.752701,227.789276,220.839874,231.663361,0.940138,0.898836,0.901466,0.917152,0.946013,0.901814,0,0.0000000443154,5.18685E-10,6.86448E-12,4.03747E-12,4.03747E-12,4.03747E-12,110.169731,1.896322,0.00000645264
nemeth11,408264,9506,9506,1,r,1,0,42.948033,18,52,408264,0,100,254742,153522,62.396,0,408264,0,232.827484,264.038818,269.718475,239.398087,235.644577,232.104568,235.9599,0.881793,0.863224,0.972554,0.988045,1.003115,0.986725,0,0.0000000466044,0.0000000466044,2.89737E-10,0,0,0,133.303329,1.746599,0.00000907596
rw5151,20199,5151,5151,0,r,1,0,3.921374,1,4,20197,2,99.99,1003,19196,4.966,31,20168,0.153,9.690624,10.365184,11.547968,10.751648,9.45632,9.49344,10.099552,0.934921,0.839163,0.901315,1.024778,1.020771,0.95951,0,0.0000000435832,0.0000000435744,4.94747E-10,0.00000000417174,0.00000000417174,0.00000000417174,8.013024,1.209359,0.00000643157
rat_A_2,137413,3136,9408,0,r,1,0,43.817921,23,45,131141,6272,95.436,69549,67864,50.613,0,137413,0,80.440605,90.606049,100.162018,81.214943,81.484482,80.351807,81.714371,0.887806,0.803105,0.990466,0.987189,1.001105,0.984412,0,0.0000000274897,0.00000000904579,5.58489E-10,0,0,0,46.913696,1.714651,0.00000936809
scfxm1-2b_A_2,14508,2460,4263,0,r,1,0,5.897561,1,57,4994,9514,34.422,3089,11419,21.292,1097,13411,7.561,12.214624,14.40736,15.391936,14.069312,12.727712,12.710112,13.39552,0.847804,0.793573,0.868175,0.959687,0.961016,0.911844,0,0.0000000347132,0.00000000123263,2.73835E-10,5.20896E-10,5.20896E-10,5.20896E-10,8.358496,1.461342,0.00000797875
TSOPF_RS_b162_c4_b,10145,20374,49,0,r,1,10275,0.497939,0,2,10145,0,100,6000,4145,59.142,10053,92,99.093,11.776608,12.202496,14.334336,15.24624,8.842272,8.928832,13.087456,0.965098,0.821566,0.772427,1.331853,1.318942,0.899839,0,0.0000000505342,0.0000000505342,2.50142E-10,0.0000000103929,0.0000000103929,0.0000000103929,10.711136,1.099473,0.00000528337
lund_a,2449,147,147,1,r,1,0,16.659864,5,21,184,2265,7.513,1027,1422,41.935,0,2449,0,4.965664,5.19664,5.561088,5.562272,5.102688,5.048736,5.022656,0.955553,0.89293,0.89274,0.973147,0.983546,0.988653,0,0.0000000463088,1.99123E-14,1.25678E-10,0,0,0,4.32752,1.147462,0.00000864943
oscil_dcop_01,1544,430,430,0,r,1,0,3.590698,1,13,637,907,41.256,1386,158,89.767,1288,256,83.42,2.779584,3.049856,4.319552,3.005952,3.11424,3.932256,3.846144,0.911382,0.643489,0.924693,0.89254,0.706867,0.722694,0,0.0000000213498,1.52398E-13,2.3749E-10,2.78733E-10,2.78733E-10,2.78733E-10,2.564416,1.083905,0.00000618446
cz148,1527,148,148,0,r,1,0,10.317568,1,33,582,945,38.114,680,847,44.532,1,1526,0.065,3.423168,3.585984,3.826496,3.541952,3.578592,3.631136,3.58288,0.954597,0.894596,0.966464,0.956568,0.942726,0.955424,0,0.0000000369742,2.92703E-10,4.32728E-10,2.18685E-12,2.18685E-12,2.18685E-12,3.578848,0.9565,0.00000760346
swang1,20841,3169,3169,0,r,1,0,6.576523,3,10,20841,0,100,1303,19538,6.252,0,20841,0,13.0616,14.319936,15.6208,15.36864,13.00832,13.071168,13.414016,0.912127,0.836167,0.849887,1.004096,0.999268,0.973728,0,0.000000047238,0.000000047238,4.30183E-10,0,0,0,9.656576,1.352612,0.00000737113
bips98_606_C,20,4,7135,0,r,1,0,5,5,5,9,11,45,5,15,25,0,20,0,2.772544,2.165984,3.622976,2.441408,2.262112,2.181184,2.132416,1.280039,0.765267,1.135633,1.225644,1.271119,1.300189,0,0.0000000457426,0.00000000174695,0.00000000109296,0,0,0,2.196896,1.262028,0.00000291227
std1_Jac3,1455848,21982,21982,0,r,1,0,66.229097,1,1030,1323326,132522,90.897,1445752,10096,99.307,1385666,70182,95.179,587.865784,657.008301,657.427551,679.077209,660.294983,653.539062,662.434631,0.894762,0.894191,0.865683,0.890308,0.899511,0.887432,0,0.0000000343086,2.03117E-14,2.112E-13,8.42893E-11,8.42893E-11,8.42893E-11,340.394379,1.727014,0.00000579155
lhr17,381975,17576,17576,0,r,1,0,21.732761,1,63,349185,32790,91.416,157807,224168,41.313,15021,366954,3.932,385.065765,433.069061,467.748138,437.234802,392.078461,389.52005,396.506989,0.889156,0.823233,0.880684,0.982114,0.988565,0.971145,0,0.0000000352578,0.000000030341,6.70502E-10,0.00000000335942,0.00000000335942,0.00000000335942,202.944839,1.897391,0.00000846733
bips07_1693_C,20,4,13275,0,r,1,0,5,5,5,9,11,45,5,15,25,0,20,0,2.173984,2.136992,3.194592,2.523776,2.279936,2.145184,2.174656,1.01731,0.68052,0.861401,0.953529,1.013425,0.999691,0,0.0000000269387,6.54543E-10,1.41543E-10,0,0,0,2.095008,1.037697,0.00000488887
TSOPF_RS_b9_c6,54082,7224,7224,0,r,1,0,7.486434,2,11,32425,21657,59.955,32400,21682,59.909,180,53902,0.333,30.494656,36.339104,38.449986,38.389503,30.483681,30.557665,31.635809,0.839169,0.793099,0.794349,1.00036,0.997938,0.963928,0,0.0000000445262,2.40682E-10,2.13335E-11,4.60577E-10,4.60577E-10,4.60577E-10,20.346369,1.498776,0.00000667302
hydr1c_A_69,19503,5308,5308,0,r,1,0,3.674265,1,12,7319,12184,37.528,18220,1283,93.422,18075,1428,92.678,12.131488,14.929824,17.319616,15.802848,14.478656,14.31312,15.849216,0.812567,0.700448,0.767677,0.837888,0.847578,0.765431,0,0.0000000414073,1.23487E-13,5.81508E-11,2.33198E-10,2.33198E-10,2.33198E-10,9.997376,1.213467,0.0000078121
Chebyshev1,2319,261,261,0,r,1,0,8.885057,3,261,2250,69,97.025,2276,43,98.146,2266,53,97.715,4.464672,5.153824,5.486176,5.136608,5.211456,5.031264,5.031072,0.866283,0.813804,0.869187,0.856703,0.887386,0.88742,0,0.0000000604177,1.26994E-11,3.36096E-11,2.93472E-11,2.93472E-11,2.93472E-11,4.275264,1.044303,0.00000502096
t2d_q9_A_02,87025,9801,9801,0,r,1,0,8.879196,4,9,51027,35998,58.635,19826,67199,22.782,20364,66661,23.4,89.198753,89.600929,105.714691,97.45491,91.938782,90.069664,94.054558,0.995511,0.843769,0.915282,0.970197,0.990331,0.948372,0,0.0000000406972,8.61963E-10,3.57132E-10,9.93973E-10,9.93973E-10,9.93973E-10,45.992287,1.939429,0.00000809598
oscil_dcop_02,1544,430,430,0,r,1,0,3.590698,1,13,624,920,40.415,1386,158,89.767,1288,256,83.42,2.812256,3.061984,3.134688,3.028384,3.076032,3.044,3.211232,0.918442,0.897141,0.928633,0.914248,0.923869,0.875756,0,0.0000000497872,4.78483E-14,1.55943E-10,2.06007E-10,2.06007E-10,2.06007E-10,3.522144,0.79845,0.00000406602
delf_A_10,14888,3135,6610,0,r,1,0,4.748963,2,21,5877,9011,39.475,12678,2210,85.156,9088,5800,61.042,13.522016,15.2136,16.868864,17.271328,14.277152,14.190752,16.313663,0.888811,0.801596,0.782917,0.947109,0.952875,0.828877,0,0.0000000412678,2.90719E-11,9.91551E-11,0.00000000345031,0.00000000345031,0.00000000345031,10.006176,1.351367,0.00000889885
cz10228,102876,10228,10228,0,r,1,0,10.058271,1,27,298,102578,0.29,43161,59715,41.954,1,102875,0.001,101.194626,106.823677,104.590271,108.051651,103.57859,100.748863,104.333565,0.947305,0.967534,0.936539,0.976984,1.004424,0.969914,0,0.0000000369948,7.19179E-15,5.51522E-10,7.89238E-16,7.89238E-16,7.89238E-16,51.475742,1.96587,0.00000772921
oscil_dcop_55,1544,430,430,0,r,1,0,3.590698,1,13,662,882,42.876,1386,158,89.767,1288,256,83.42,2.653568,3.051328,4.071296,3.029696,3.052448,3.116576,3.148448,0.869644,0.651775,0.875853,0.869325,0.851437,0.842818,0,0.0000000288561,4.28031E-14,1.40512E-10,1.89573E-10,1.89573E-10,1.89573E-10,4.712576,0.563082,0.00000465872
freeFlyingRobot_12,41940,5578,5578,1,r,1,0,7.518824,1,1117,19438,22502,46.347,40449,1491,96.445,40412,1528,96.357,32.161442,39.031231,40.686016,40.6488,38.025215,38.560192,39.73037,0.823993,0.790479,0.791203,0.845793,0.834058,0.809493,0,0.0000000473845,3.46954E-14,1.16561E-11,0.0000000042406,0.0000000042406,0.0000000042406,22.898176,1.404542,0.00000656352
Pres_Poisson,715804,14822,14822,1,r,1,0,48.293348,18,50,710236,5568,99.222,289192,426612,40.401,0,715804,0,375.130371,429.972778,444.49353,415.523071,380.333313,374.398529,381.08075,0.872451,0.84395,0.902791,0.98632,1.001955,0.984386,0,0.0000000456662,0.0000000213547,3.40759E-10,0,0,0,216.177734,1.735287,0.00000869212
inlet,328323,11730,11730,0,r,1,0,27.990026,1,41,322605,5718,98.258,237636,90687,72.379,42852,285471,13.052,245.06163,265.70755,281.449341,286.546722,251.021606,247.376007,252.331421,0.922298,0.870713,0.855224,0.976257,0.990644,0.97119,0,0.0000000432257,0.0000000229994,2.16418E-10,0.00000000269756,0.00000000269756,0.00000000269756,128.254471,1.910745,0.00000730021
hydr1c_A_42,23523,5308,5308,0,r,1,0,4.431613,1,14,17961,5562,76.355,21774,1749,92.565,21519,2004,91.481,22.920448,27.063808,27.198145,27.719648,26.393345,26.300928,27.77696,0.846904,0.842721,0.826866,0.868418,0.871469,0.82516,0,0.0000000431703,3.79598E-12,8.3151E-11,5.16958E-10,5.16958E-10,5.16958E-10,15.728544,1.457252,0.0000078035
rail_5177,35185,5177,5177,1,r,1,0,6.796407,3,11,35185,0,100,940,34245,2.672,0,35185,0,24.308031,29.865055,31.337631,26.037472,24.360512,24.353825,25.177504,0.813929,0.775682,0.933579,0.997846,0.99812,0.965466,0,0.0000000417688,0.0000000417688,3.5474E-10,0,0,0,16.188768,1.501537,0.00000780149
nemeth08,394816,9506,9506,1,r,1,0,41.533347,17,52,394816,0,100,278786,116030,70.612,0,394816,0,229.921799,259.790436,266.423187,245.842117,232.993439,229.327805,233.282532,0.885028,0.862995,0.935242,0.986817,1.00259,0.985594,0,0.0000000462467,0.0000000462467,2.04567E-10,0,0,0,130.263168,1.765056,0.00000875244
lp_scsd6,4316,147,1350,0,r,1,0,29.360544,20,40,3312,1004,76.738,0,4316,0,0,4316,0,5.056896,5.509792,6.377824,5.165824,5.201824,5.153568,5.129056,0.917802,0.792887,0.978914,0.972139,0.981242,0.985931,0,0.0000000371931,0.0000000326533,0,0,0,0,3.592512,1.407621,0.00000869103
psmigr_2,540022,3140,3140,0,r,1,0,171.981529,3,2293,540022,0,100,211725,328297,39.207,0,540022,0,135.396896,147.651779,150.00061,144.232132,135.50499,134.108643,135.557983,0.917001,0.902642,0.938743,0.999202,1.009606,0.998812,0,0.0000000395729,0.0000000395729,3.83199E-10,0,0,0,94.067841,1.439354,0.000010608
ABACUS_shell_ud_K,216082,23412,23412,0,r,1,0,9.22954,4,15,50455,165627,23.35,197326,18756,91.32,194536,21546,90.029,209.240891,222.197693,252.041443,232.192703,228.625946,221.198242,232.129639,0.941688,0.830184,0.901152,0.915211,0.945943,0.901397,0,0.0000000453051,1.42499E-14,1.84885E-11,6.15276E-12,6.15276E-12,6.15276E-12,110.227005,1.898272,0.0000078059
case9_A_12,147972,14454,14454,1,r,1,0,10.237443,1,7210,103528,44444,69.965,147960,12,99.992,147898,74,99.95,133.893799,143.37149,155.803101,148.150085,146.626205,142.834656,148.946716,0.933894,0.859378,0.903771,0.913164,0.937404,0.898938,0,0.0000000688367,1.2665E-16,2.62004E-16,2.29084E-16,2.29084E-16,2.29084E-16,71.098557,1.883214,0.00000407003
lp_grow15,5620,300,645,0,r,1,0,18.733333,5,22,4995,625,88.879,3435,2185,61.121,0,5620,0,7.867552,8.38,9.359104,9.236576,7.913504,7.877728,8.020608,0.938849,0.840631,0.851782,0.994193,0.998708,0.980917,0,0.0000000293563,0.0000000187819,4.77514E-10,0,0,0,5.681088,1.384867,0.00000916877
bloweybq,69991,10001,10001,1,r,1,0,6.9984,4,10001,39994,29997,57.142,19992,49999,28.564,10001,59990,14.289,98.014877,121.755455,123.923012,128.047836,119.682404,135.067993,146.371964,0.805014,0.790934,0.765455,0.818958,0.725671,0.669629,0,0.0000000345519,0.00000000146733,5.92947E-15,0.0000000328614,0.0000000328614,0.0000000328614,71.201759,1.376579,0.00000210979
mbeause,41063,496,496,0,r,1,48,82.788306,0,489,18106,22957,44.093,23111,17952,56.282,198,40865,0.482,14.743808,18.054785,19.138241,18.357121,14.552288,14.518688,15.235904,0.816615,0.770385,0.803166,1.013161,1.015506,0.967702,0,0.0000000290775,4.01242E-11,9.97342E-11,0.0000000218683,0.0000000218683,0.0000000218683,8.873088,1.661632,0.00000758868
cavity25,138187,4562,4562,0,r,1,0,30.290881,1,62,122591,15596,88.714,64419,73768,46.617,21903,116284,15.85,103.677277,116.111458,120.088577,113.953827,106.534492,105.596161,108.152573,0.892912,0.86334,0.909818,0.97318,0.981828,0.958621,0,0.0000000450263,0.00000000809906,4.71332E-10,9.84195E-10,9.84195E-10,9.84195E-10,56.942657,1.820731,0.00000914226
t2d_q4_A_28,87025,9801,9801,0,r,1,0,8.879196,4,9,10943,76082,12.575,17659,69366,20.292,17811,69214,20.467,89.109825,89.683907,95.474815,96.968163,91.704124,90.051422,94.032318,0.993599,0.933333,0.91896,0.97171,0.989544,0.947651,0,0.0000000471347,2.51782E-10,4.61292E-10,0.00000000120693,0.00000000120693,0.00000000120693,46.230846,1.927497,0.0000080932
hydr1c_A_40,19491,5308,5308,0,r,1,0,3.672005,1,12,7298,12193,37.443,18209,1282,93.423,18063,1428,92.674,12.064704,14.920864,16.936993,15.841568,14.499232,14.306816,15.829344,0.808579,0.712329,0.761585,0.832093,0.843284,0.762173,0,0.0000000488481,1.06749E-13,6.46254E-11,3.52223E-10,3.52223E-10,3.52223E-10,9.51744,1.267642,0.00000806134
beause,44551,497,507,0,r,1,5,89.639839,0,500,18499,26052,41.523,32410,12141,72.748,71,44480,0.159,15.564544,19.516159,18.784672,19.601919,15.692992,15.68816,16.298208,0.797521,0.828577,0.794032,0.991815,0.99212,0.954985,0,0.0000000484922,8.09421E-12,7.33224E-11,0.00000000235239,0.00000000235239,0.00000000235239,10.16272,1.531533,0.0000103307
t2d_q9_A_08,87025,9801,9801,0,r,1,0,8.879196,4,9,65269,21756,75,0,87025,0,0,87025,0,89.110947,89.563202,107.677696,92.539551,90.172447,88.649086,92.885376,0.99495,0.827571,0.96295,0.988228,1.00521,0.959365,0,0.0000000435121,0.0000000102547,0,0,0,0,46.081154,1.933783,0.00000810169
lp_sc105,340,105,163,0,r,1,0,3.238095,1,5,6,334,1.765,2,338,0.588,1,339,0.294,2.21776,2.411328,2.655008,2.705472,2.63488,2.484832,2.518784,0.919726,0.835312,0.819731,0.841693,0.892519,0.880488,0,0.0000000212679,0.00000000363039,4.71291E-10,8.7988E-10,8.7988E-10,8.7988E-10,3.188064,0.695645,0.00000670583
raefsky4,1328611,19779,19779,1,r,1,0,67.17281,18,177,46220,1282391,3.479,1325466,3145,99.763,1298209,30402,97.712,546.504395,629.43866,596.641479,642.940369,631.021973,625.595642,633.110657,0.868241,0.915968,0.850008,0.866062,0.873574,0.863205,0,0.0000000446267,2.68119E-14,3.83245E-12,5.09651E-12,5.09656E-12,5.09648E-12,306.602081,1.782455,0.00000957621
hydr1c_A_18,19479,5308,5308,0,r,1,0,3.669744,1,12,7284,12195,37.394,18195,1284,93.408,18051,1428,92.669,12.075008,14.910848,16.328287,15.805856,14.460224,14.321792,15.876576,0.809814,0.739515,0.763958,0.83505,0.843121,0.760555,0,0.0000000517553,1.21966E-13,6.54522E-11,3.11153E-10,3.11153E-10,3.11153E-10,9.910592,1.218394,0.00000822676
model10,150372,4400,16819,0,r,1,0,34.175455,1,537,48858,101514,32.491,89873,60499,59.767,79425,70947,52.819,104.646812,117.147453,120.765984,117.89357,114.218399,113.259933,114.959679,0.893291,0.866526,0.887638,0.916199,0.923953,0.910291,0,0.0000000453568,2.85176E-11,7.46343E-11,7.84341E-11,7.84341E-11,7.84341E-11,55.768257,1.876458,0.00000470342
case9_b1_11,14134,14454,1,0,r,1,320,0.977861,0,1,14125,9,99.936,14128,6,99.958,14134,0,100,10.331488,11.002464,12.718656,11.646336,11.081184,11.233728,11.671968,0.939016,0.81231,0.887102,0.932345,0.919685,0.885154,0,0.000000028654,4.07105E-15,4.952E-13,0.000000028654,0.000000028654,0.000000028654,9.570304,1.079536,0.00000533535
poli_large,33074,15575,15575,0,r,1,0,2.123531,1,491,8460,24614,25.579,976,32098,2.951,13556,19518,40.987,33.220608,42.831615,43.444767,36.252609,35.97456,34.699104,40.436798,0.775609,0.764663,0.916365,0.923447,0.957391,0.821544,0,0.0000000292216,0.0000000140746,2.8532E-10,0.0000000189934,0.0000000189934,0.0000000189934,24.463585,1.357962,0.00000815075
large_A_32,20667,4294,8626,0,r,1,0,4.812995,2,21,8411,12256,40.698,18132,2535,87.734,13528,7139,65.457,17.782305,20.034496,23.345951,22.705185,18.886688,18.742752,21.611488,0.887584,0.761687,0.783183,0.941526,0.948756,0.822817,0,0.000000043362,2.8641E-11,1.28015E-10,0.0000000196386,0.0000000196386,0.0000000196386,12.716832,1.398328,0.00000717728
str_400,3157,363,363,0,r,1,0,8.69697,1,33,2510,647,79.506,1697,1460,53.754,498,2659,15.774,5.326272,5.978208,6.11568,5.64768,5.529824,5.41712,5.904576,0.890948,0.870921,0.94309,0.96319,0.983229,0.902058,0,0.0000000336682,0.0000000110539,5.72384E-10,0.00000000507783,0.00000000507783,0.00000000507783,4.64384,1.146954,0.00000824753
oscil_trans_01,1614,430,430,0,r,1,0,3.753488,1,13,656,958,40.644,1440,174,89.219,1348,266,83.519,2.731904,3.034656,3.18736,3.058464,3.094144,3.224512,4.358464,0.900235,0.857106,0.893227,0.882927,0.84723,0.626804,0,0.0000000524066,4.09512E-14,2.08632E-10,0.00000000773232,0.00000000773232,0.00000000773232,3.551936,0.769131,0.00000573442
lowThrust_11,223801,18368,18368,1,r,1,0,12.184288,2,7142,165316,58485,73.867,134477,89324,60.088,30612,193189,13.678,173.306946,193.865082,211.163971,209.928131,180.401245,175.985214,187.422684,0.893956,0.820722,0.825554,0.960675,0.984781,0.924685,0,0.0000000436175,0.0000000044984,2.48779E-10,0.00000000382774,0.00000000382774,0.00000000382774,96.056259,1.804223,0.00000807791
bloweya,150009,30004,30004,1,r,1,0,4.999633,2,10001,40008,110001,26.67,40004,110005,26.668,20002,130007,13.334,219.254333,260.794586,246.131073,244.69754,268.405182,222.684418,286.463959,0.840717,0.890803,0.896022,0.816878,0.984597,0.765382,0,0.000000042407,4.2347E-11,1.80768E-14,8.09186E-17,8.09186E-17,8.09186E-17,145.657669,1.505271,0.0000160917
hydr1c_A_27,19485,5308,5308,0,r,1,0,3.670874,1,12,7291,12194,37.419,18200,1285,93.405,18057,1428,92.671,12.146304,15.003648,17.248512,15.890528,14.634496,14.379488,15.88368,0.809557,0.704194,0.764374,0.829978,0.844697,0.764703,0,0.0000000404178,1.05034E-13,5.89128E-11,3.22327E-10,3.22327E-10,3.22327E-10,10.135808,1.198356,0.00000727389
mark3jac060,170695,27449,27449,0,r,1,0,6.218624,2,44,108558,62137,63.598,161678,9017,94.717,148137,22558,86.785,124.229057,140.143906,157.52713,149.753159,141.821884,139.294174,148.5849,0.886439,0.78862,0.829559,0.875951,0.891847,0.836081,0,0.0000000385096,3.82291E-14,1.43117E-11,4.5828E-10,4.5828E-10,4.5828E-10,76.023651,1.634084,0.00000395049
nd6k,6897316,18000,18000,1,r,1,0,383.184222,130,514,6745422,151894,97.798,6476852,420464,93.904,0,6897316,0,1368.876709,1284.064453,1315.171997,1285.964722,1385.353516,1357.325562,1376.731445,1.06605,1.040835,1.064475,0.988106,1.00851,0.994295,0,0.0000000451812,9.59611E-10,4.55524E-11,0,0,0,872.458618,1.568988,0.0000109611
t2d_q9_A_38,87025,9801,9801,0,r,1,0,8.879196,4,9,214,86811,0.246,42599,44426,48.95,44166,42859,50.751,89.150467,89.63485,93.65667,100.554527,91.801376,90.063683,94.492676,0.994596,0.951886,0.886588,0.971123,0.98986,0.943464,0,0.0000000465635,3.68066E-14,1.99859E-10,5.40988E-10,5.40988E-10,5.40988E-10,46.713535,1.90845,0.00000740222
bayer02,63679,13935,13935,0,r,1,0,4.569717,1,22,61556,2123,96.666,61555,2124,96.665,63668,11,99.983,56.125729,63.961151,66.585312,65.481277,64.165085,63.961792,65.68483,0.877497,0.842915,0.857126,0.874708,0.877488,0.85447,0,0.0000000141914,6.66024E-13,6.66011E-13,0.0000000141914,0.0000000141914,0.0000000141914,35.880543,1.564239,0.00000274319
nemeth14,496144,9506,9506,1,r,1,0,52.19272,24,60,496144,0,100,307202,188942,61.918,0,496144,0,250.261215,290.424408,297.511383,258.526367,253.692902,250.250366,253.913086,0.861709,0.841182,0.96803,0.986473,1.000043,0.985618,0,0.0000000447715,0.0000000447715,2.8532E-10,0,0,0,143.269669,1.746784,0.00000926527
jan99jac020sc,38692,6774,6774,0,r,1,0,5.711839,2,68,20216,18476,52.249,5464,33228,14.122,1489,37203,3.848,28.91408,33.975071,37.296577,33.933247,29.277952,29.151104,31.203136,0.851038,0.775248,0.852087,0.987572,0.991869,0.92664,0,0.0000000270747,0.00000000246689,5.62401E-11,0.0000000182831,0.0000000182831,0.0000000182831,19.319168,1.496652,0.00000579359
raefsky2,294276,3242,3242,0,r,1,0,90.769895,24,108,291180,3096,98.948,110145,184131,37.429,0,294276,0,101.59584,115.566719,127.192131,114.344444,103.557884,101.06723,103.073891,0.87911,0.798759,0.888507,0.981054,1.00523,0.98566,0,0.0000000345164,0.0000000268847,4.9362E-10,0,0,0,59.78384,1.699386,0.0000102227
hydr1c_A_67,19502,5308,5308,0,r,1,0,3.674077,1,12,7306,12196,37.463,18220,1282,93.426,18074,1428,92.678,12.065408,14.9536,16.267904,15.797632,14.452832,14.322912,15.820416,0.806856,0.741669,0.763748,0.834813,0.842385,0.762648,0,0.0000000361797,1.06256E-13,6.34789E-11,2.9421E-10,2.9421E-10,2.9421E-10,9.711872,1.242336,0.00000697196
t2dah,176117,11445,11445,1,r,1,0,15.388117,8,21,170590,5527,96.862,149559,26558,84.92,138152,37965,78.443,121.292419,138.147995,143.799362,142.818649,138.554947,134.262009,138.37706,0.877989,0.843484,0.849276,0.87541,0.903401,0.876536,0,0.0000000504388,0.00000000358777,7.63205E-11,5.89342E-11,5.89342E-11,5.89342E-11,66.504578,1.823821,0.00000814052
bcsstk06,7860,420,420,1,r,1,0,18.714286,2,28,2486,5374,31.628,5466,2394,69.542,473,7387,6.018,10.057856,10.798848,12.11344,12.050144,10.2648,10.256736,10.475328,0.931382,0.830306,0.834667,0.979839,0.98061,0.960147,0,0.0000000492521,1.962E-14,1.96442E-10,1.19648E-10,1.19648E-10,1.19648E-10,6.917152,1.454046,0.00000709091
hydr1c_A_54,23543,5308,5308,0,r,1,0,4.435381,1,14,17880,5663,75.946,21796,1747,92.58,21539,2004,91.488,22.931681,26.9832,27.265217,27.748257,26.388577,26.281696,27.79808,0.84985,0.84106,0.826419,0.869,0.872534,0.824938,0,0.0000000357042,3.18422E-12,7.17751E-11,0.00000000190184,0.00000000190184,0.00000000190184,16.155872,1.419402,0.00000803907
viscoplastic1_C_6,61166,4326,4326,0,r,1,0,14.139159,7,37,25926,35240,42.386,33234,27932,54.334,22326,38840,36.501,39.277248,43.470978,50.01667,49.154911,40.442497,40.618111,41.683392,0.903528,0.785283,0.79905,0.971188,0.966989,0.942276,0,0.0000000359593,3.27533E-13,1.84791E-10,3.11907E-13,3.11907E-13,3.11907E-13,22.596191,1.738224,0.00000798191
dynamicSoaringProblem_8,38136,3543,3543,1,r,1,0,10.76376,2,1328,22965,15171,60.219,35833,2303,93.961,29738,8398,77.979,32.027935,35.47744,40.301151,38.371712,34.492641,34.53952,36.635742,0.902769,0.794715,0.834676,0.928544,0.927284,0.874226,0,0.0000000918939,2.89836E-12,2.0113E-11,0.00000000345872,0.00000000345872,0.00000000345872,18.901632,1.694453,0.0000089112
hydr1c_A_12,19503,5308,5308,0,r,1,0,3.674265,1,12,7307,12196,37.466,18218,1285,93.411,18075,1428,92.678,12.089856,14.951456,16.309568,15.805632,14.460416,14.338336,15.8552,0.808607,0.741274,0.764908,0.836066,0.843184,0.762517,0,0.000000043448,1.07266E-13,5.68722E-11,2.518E-10,2.518E-10,2.518E-10,9.538464,1.267485,0.00000599611
str_0,2454,363,363,0,r,1,0,6.760331,1,34,1885,569,76.813,1319,1135,53.749,503,1951,20.497,3.534144,3.984576,4.079552,4.10656,3.935648,3.580576,3.858368,0.886956,0.866307,0.860609,0.897983,0.987032,0.915969,0,0.0000000327092,0.0000000150047,7.19703E-10,0.0000000112288,0.0000000112288,0.0000000112288,3.623264,0.975403,0.00000589849
Si10H16,875923,17077,17077,1,r,1,0,51.292557,7,393,761166,114757,86.899,577564,298359,65.938,0,875923,0,398.35202,452.394806,476.126038,473.994293,401.217163,396.662292,404.249176,0.880541,0.836652,0.840415,0.992859,1.00426,0.985412,0,0.000000041778,0.00000000258929,1.61774E-10,0,0,0,225.656448,1.765303,0.00000907917
impcol_a,572,207,207,0,r,1,0,2.763285,1,8,153,419,26.748,476,96,83.217,431,141,75.35,2.375136,2.588096,3.121728,3.211712,2.608288,2.55936,2.962944,0.917716,0.76084,0.739523,0.910611,0.928019,0.801613,0,0.0000000308937,6.82106E-11,2.25248E-10,0.000000015737,0.000000015737,0.000000015737,3.361472,0.706576,0.0000117954
TSOPF_FS_b39_c7,730080,28216,28216,1,r,1,0,25.874681,1,14024,574762,155318,78.726,574554,155526,78.697,149537,580543,20.482,632.318542,692.544312,660.731445,660.751892,634.970947,630.281616,641.504639,0.913037,0.956998,0.956968,0.995823,1.003232,0.98568,0,0.0000000483585,3.83688E-12,2.8554E-13,1.98596E-10,1.98596E-10,1.98596E-10,336.740692,1.877761,0.0000070127
hydr1c_A_52,19503,5308,5308,0,r,1,0,3.674265,1,12,7317,12186,37.517,18221,1282,93.427,18075,1428,92.678,12.059008,14.952704,17.318848,15.793824,14.50272,14.311456,15.848224,0.806477,0.696294,0.763527,0.8315,0.842612,0.760906,0,0.0000000487876,1.19983E-13,6.08394E-11,3.14422E-10,3.14422E-10,3.14422E-10,9.501216,1.269207,0.0000078529
t2d_q9_A_13,87025,9801,9801,0,r,1,0,8.879196,4,9,31650,55375,36.369,14329,72696,16.465,14022,73003,16.113,89.169853,89.671165,100.581474,96.166176,91.434563,89.743843,93.903748,0.994409,0.886544,0.927248,0.975231,0.993604,0.949588,0,0.0000000417558,6.92295E-10,3.41381E-10,9.24551E-10,9.24551E-10,9.24551E-10,46.243809,1.928255,0.00000873899
delf_A_29,15602,3179,6654,0,r,1,0,4.907833,2,21,6506,9096,41.7,13470,2132,86.335,9702,5900,62.184,13.707616,15.434912,18.418079,17.507648,14.471264,14.368512,16.59248,0.888092,0.744248,0.78295,0.94723,0.954004,0.826134,0,0.0000000443965,3.06022E-11,1.01313E-10,0.00000000375759,0.00000000375759,0.00000000375759,9.325696,1.469876,0.00000699727
sinc18,973826,16428,16428,0,r,1,0,59.278427,1,111,450014,523812,46.211,963586,10240,98.948,900529,73297,92.473,449.430054,505.173431,520.308533,516.19635,509.631256,505.694153,507.07843,0.889655,0.863776,0.870657,0.881873,0.888739,0.886313,0,0.00000004741,3.06531E-14,7.80047E-12,4.14425E-12,4.14419E-12,4.14417E-12,289.93103,1.550127,0.00000649928
LFAT5000_M,79966,19994,19994,1,r,1,0,3.9995,2,5,79966,0,100,64974,14992,81.252,54978,24988,68.752,53.719646,51.820927,58.418846,64.950912,61.14307,59.574818,76.26442,1.03664,0.91956,0.827081,0.878589,0.901717,0.704387,0,0.0000000490285,0.0000000490285,7.48877E-11,7.48877E-11,7.48877E-11,7.48877E-11,28.307327,1.897729,0.00000644511
mcca,2659,180,180,0,r,1,0,14.772222,4,60,11,2648,0.414,2615,44,98.345,2477,182,93.155,4.076672,4.323104,4.0736,4.390912,4.335136,4.383648,4.378784,0.942997,1.000754,0.928434,0.940379,0.929973,0.931005,0,0.0000000259672,2.88027E-27,5.70863E-12,3.7451E-12,3.7451E-12,3.7451E-12,4.001504,1.018785,0.00000464405
graphics,117954,29493,11822,0,r,1,0,3.99939,3,4,172,117782,0.146,72256,45698,61.258,26602,91352,22.553,59.020287,59.261986,59.86528,71.945534,60.433121,58.215233,65.05056,0.995922,0.985885,0.820347,0.976622,1.013829,0.907299,0,0.000000048599,5.11895E-16,1.45574E-10,1.44949E-10,1.44949E-10,1.44949E-10,37.870049,1.558495,0.00000521565
mult_dcop_01,193276,25187,25187,0,r,1,0,7.673641,1,22767,192748,528,99.727,192573,703,99.636,193276,0,100,396.384674,480.952728,479.387115,478.409271,506.374176,478.980316,508.519348,0.824166,0.826857,0.828547,0.78279,0.827559,0.779488,0,0.0000000262896,4.60831E-11,2.78728E-11,0.0000000262896,0.0000000262896,0.0000000262896,271.675781,1.459036,0.0000114959
sts4098,72356,4098,4098,1,r,1,0,17.656418,4,784,12056,60300,16.662,61260,11096,84.665,50221,22135,69.408,80.869186,88.443108,91.164604,94.467712,87.132545,86.535233,88.71904,0.914364,0.887068,0.856051,0.928117,0.934523,0.91152,0,0.0000000480361,2.03545E-14,1.77987E-11,1.35673E-11,1.35673E-11,1.35673E-11,43.131454,1.874947,0.00000511657
impcol_e,1308,225,225,0,r,1,0,5.813333,1,12,825,483,63.073,1256,52,96.024,1308,0,100,3.035456,3.087296,3.273408,3.139072,3.135904,3.137728,3.233248,0.983209,0.927308,0.966992,0.967968,0.967406,0.938826,0,0.0000000421853,1.43608E-11,3.84748E-11,0.0000000421853,0.0000000421853,0.0000000421853,3.500768,0.867083,0.00000631325
inlet_B,39,11730,2,0,r,1,11691,0.003325,0,1,17,22,43.59,0,39,0,39,0,100,6.465024,6.640896,7.069984,7.077888,3.509824,3.677088,6.948256,0.973517,0.914433,0.913411,1.84198,1.758191,0.930453,0,0.0000000332737,0.00000000588163,0,0.0000000332737,0.0000000332737,0.0000000332737,6.921632,0.934032,0.00000323199
tuma2,49365,12992,12992,1,r,1,0,3.799646,1,5,18907,30458,38.3,12393,36972,25.105,706,48659,1.43,25.582752,30.851328,27.288095,28.492384,24.908447,25.035393,28.202047,0.829227,0.937506,0.89788,1.027071,1.021863,0.907124,0,0.00000002853,0.00000000676762,7.30782E-10,0.00000000350455,0.00000000350455,0.00000000350455,18.484703,1.383996,0.00000684554
Zd_Jac2_db,676439,22835,22835,0,r,1,0,29.622903,1,224,568098,108341,83.984,662495,13944,97.939,460028,216411,68.007,523.108398,574.871704,576.634888,596.572937,573.789124,565.260437,573.429016,0.909957,0.907174,0.876856,0.911674,0.925429,0.912246,0,0.000000051712,3.24592E-14,4.07221E-12,0.00000000721395,0.00000000721395,0.00000000721395,278.288544,1.879734,0.00000780764
t2dal_bci_Aside,31,4257,4257,1,r,1,4226,0.007282,0,1,31,0,100,0,31,0,31,0,100,3.565056,3.665312,3.984896,3.887584,2.175072,2.296128,3.837504,0.972647,0.894642,0.917036,1.639052,1.552638,0.929004,0,0.0000000476149,0.0000000476149,0,0.0000000476149,0.0000000476149,0.0000000476149,4.58992,0.776714,0.00000392909
appu,1853104,14000,14000,0,r,1,0,132.364571,12,294,1841670,11434,99.383,283078,1570026,15.276,0,1853104,0,628.459717,666.847107,706.244202,642.466309,629.040649,627.715759,628.589355,0.942434,0.889862,0.978199,0.999076,1.001185,0.999794,0,0.0000000450062,0.0000000318463,4.79014E-10,0,0,0,522.815613,1.202068,0.0000113268
tumorAntiAngiogenesis_6,4795,465,465,1,r,1,0,10.311828,2,461,2529,2266,52.742,4755,40,99.166,4795,0,100,7.005856,7.925024,8.767488,8.3464,7.84672,7.85856,7.99744,0.884017,0.799072,0.839387,0.892839,0.891494,0.876012,0,0.0000000353339,1.23114E-15,3.08951E-13,0.0000000353339,0.0000000353339,0.0000000353339,5.726368,1.223438,0.00000326127
west0381,2157,381,381,0,r,1,0,5.661417,1,25,1286,871,59.62,1155,1002,53.547,631,1526,29.254,3.71504,4.084736,4.888416,4.050752,3.958656,3.803008,3.998272,0.909493,0.759968,0.917123,0.93846,0.976869,0.929161,0,0.0000000306497,1.50835E-10,8.73878E-11,0.000000025098,0.000000025098,0.000000025098,2.726144,1.362745,0.00000537234
large_A_22,19952,4311,8633,0,r,1,0,4.628161,2,21,7286,12666,36.518,17187,2765,86.142,12910,7042,64.705,17.746977,20.060064,23.146879,22.724096,18.861792,18.866367,21.531679,0.884692,0.766711,0.780976,0.940896,0.940667,0.824226,0,0.0000000460134,2.22659E-11,1.33106E-10,0.0000000192515,0.0000000192515,0.0000000192515,12.68768,1.398757,0.00000786709
case9_b1_12,14146,14454,1,0,r,1,308,0.978691,0,1,14137,9,99.936,14140,6,99.958,14146,0,100,10.383488,11.063808,12.889824,11.732288,11.21712,11.283552,11.825056,0.938509,0.805557,0.885035,0.925682,0.920232,0.878092,0,0.0000000280337,2.33678E-19,7.01751E-14,0.0000000280337,0.0000000280337,0.0000000280337,9.06736,1.14515,0.00000165999
chipcool0,281150,20082,20082,0,r,1,0,14.0001,5,24,281150,0,100,250755,30395,89.189,247185,33965,87.919,196.552322,216.163452,224.378983,225.307205,220.369217,213.715225,225.555206,0.909276,0.875984,0.872375,0.891923,0.919693,0.871416,0,0.0000000429918,0.0000000429918,2.1602E-11,1.81236E-11,1.81236E-11,1.81236E-11,108.438019,1.812578,0.00000827868
hydr1c_A_22,23542,5308,5308,0,r,1,0,4.435192,1,14,18071,5471,76.761,21793,1749,92.571,21538,2004,91.488,22.906689,26.99712,27.245953,27.771839,26.394112,26.301023,27.769888,0.848486,0.840737,0.824817,0.867871,0.870943,0.824875,0,0.000000049335,4.21159E-12,7.73103E-11,0.00000000198687,0.00000000198687,0.00000000198687,16.575457,1.381964,0.00000778824
c-27,31375,4563,4563,1,r,1,0,6.875959,2,369,21597,9778,68.835,17726,13649,56.497,6014,25361,19.168,22.167135,26.265663,27.902687,27.497185,23.875008,23.167456,24.907969,0.843959,0.794444,0.80616,0.928466,0.956822,0.889962,0,0.0000000118611,6.37881E-11,2.98642E-11,3.82313E-11,3.82313E-11,3.82313E-11,15.690304,1.412792,0.0000076113
t2d_q4_A_15,87025,9801,9801,0,r,1,0,8.879196,4,9,31261,55764,35.922,2503,84522,2.876,1272,85753,1.462,89.131104,89.669502,101.496483,93.467262,90.199806,88.82093,92.979172,0.993996,0.878169,0.953608,0.988152,1.003492,0.958614,0,0.0000000438719,0.00000000185123,2.66628E-10,5.13692E-10,5.13692E-10,5.13692E-10,46.687008,1.90912,0.00000802637
ex18,71805,5773,5773,0,r,1,0,12.438074,1,18,36136,35669,50.325,44989,26816,62.654,24067,47738,33.517,54.833279,63.883167,60.894878,59.697311,56.83424,56.979874,64.941635,0.858337,0.900458,0.918522,0.964793,0.962327,0.844347,0,0.0000000424337,1.60283E-14,2.62828E-10,1.05422E-11,1.05422E-11,1.05422E-11,30.338753,1.807368,0.00000719412
delf_A_11,14952,3147,6622,0,r,1,0,4.751192,2,21,5906,9046,39.5,12751,2201,85.28,9143,5809,61.149,13.631872,15.236192,16.941183,17.322304,14.371552,14.31488,16.312927,0.894703,0.804659,0.786955,0.948532,0.952287,0.835648,0,0.0000000505465,2.79734E-11,9.63704E-11,0.0000000030891,0.0000000030891,0.0000000030891,10.059808,1.355083,0.00000781915
saylr1,1128,238,238,0,r,1,0,4.739496,3,5,98,1030,8.688,1024,104,90.78,962,166,85.284,2.78912,3.013056,3.089536,3.08384,3.09888,3.075552,3.0688,0.925678,0.902763,0.904431,0.900041,0.906868,0.908863,0,0.0000000228314,1.29231E-16,6.70268E-11,6.34575E-11,6.34575E-11,6.34575E-11,4.289568,0.65021,0.00000547923
tumorAntiAngiogenesis_7,4597,475,475,1,r,1,0,9.677895,2,471,2530,2067,55.036,4557,40,99.13,4597,0,100,7.263296,8.20896,9.321088,8.596608,8.177312,8.097088,8.186976,0.884801,0.779233,0.844903,0.888225,0.897026,0.887177,0,0.0000000320073,8.45358E-16,2.56869E-12,0.0000000320073,0.0000000320073,0.0000000320073,4.941984,1.469713,0.00000371264
bcsstm25,15439,15439,15439,1,r,1,0,1,1,1,30,15409,0.194,14377,1062,93.121,15439,0,100,10.907488,11.60848,13.610464,13.432288,11.86576,12.076,12.291936,0.939614,0.801405,0.812035,0.919241,0.903237,0.887369,0,0.0000000456784,7.2033E-18,4.28264E-11,0.0000000456784,0.0000000456784,0.0000000456784,9.31168,1.171377,0.00000328992
lhr10c,232633,10672,10672,0,r,1,0,21.798445,1,63,214358,18275,92.144,117687,114946,50.589,22333,210300,9.6,235.791367,264.807739,289.074341,270.884186,241.423462,239.902786,244.208099,0.890425,0.815677,0.870451,0.976671,0.982862,0.965535,0,0.0000000395488,0.0000000267798,5.01671E-10,0.00000000729497,0.00000000729497,0.00000000729497,124.678658,1.891193,0.00000772703
case9_b2_07,14453,14454,1,0,r,1,1,0.999931,0,1,14426,27,99.813,14439,14,99.903,14453,0,100,10.301568,11.068704,12.727616,11.695936,11.235072,11.414688,11.690976,0.930693,0.809387,0.880782,0.916912,0.902484,0.881156,0,0.000000066982,9.72528E-14,5.35199E-13,0.000000066982,0.000000066982,0.000000066982,9.622944,1.070521,0.00000144545
lp_osa_30,604488,4350,104374,0,r,1,0,138.962759,18,72555,396,604092,0.066,6,604482,0.001,0,604488,0,394.554535,416.252808,434.861633,432.916687,463.66626,468.894806,465.312683,0.947872,0.907311,0.911387,0.850945,0.841456,0.847934,0,0.0000000551037,2.11146E-10,5.68258E-12,0,0,0,257.767151,1.530663,0.000111915
lowThrust_6,207349,16928,16928,1,r,1,0,12.248878,2,6582,152131,55218,73.37,123697,83652,59.656,28139,179210,13.571,160.355225,179.428314,194.035324,193.728775,165.802628,161.428802,174.186081,0.893701,0.826423,0.827731,0.967145,0.99335,0.920597,0,0.0000000434177,0.00000000427024,2.48719E-10,0.00000000337922,0.00000000337922,0.00000000337922,88.972221,1.802307,0.0000079947
gemat11,33185,4929,4929,0,r,1,0,6.732603,1,27,22164,11021,66.789,6384,26801,19.238,4,33181,0.012,20.617985,23.692736,26.918016,25.547424,21.131777,21.069281,21.306751,0.870224,0.765955,0.807047,0.975686,0.97858,0.967674,0,0.0000000739635,0.00000000276435,1.79001E-10,1.45629E-11,1.45629E-11,1.45629E-11,14.367936,1.435,0.0000054629
airfoil_2d,259688,14214,14214,0,r,1,0,18.269875,1,23,26702,232986,10.282,170089,89599,65.497,39670,220018,15.276,289.574677,306.273468,326.0466,350.1763,292.762238,289.906677,296.24234,0.945478,0.888139,0.82694,0.989112,0.998855,0.977493,0,0.0000000471765,3.22172E-13,2.95026E-10,3.17354E-10,3.17354E-10,3.17354E-10,142.452637,2.032779,0.00000875264
utm300,3155,300,300,0,r,1,0,10.516667,1,33,3151,4,99.873,1493,1662,47.322,96,3059,3.043,4.731808,5.16416,5.251232,5.461984,4.834656,4.813696,5.009248,0.916278,0.901085,0.866317,0.978727,0.982989,0.944615,0,0.0000000466284,0.0000000466062,5.06054E-10,0.0000000121557,0.0000000121557,0.0000000121557,4.247232,1.114092,0.00000737859
oscil_dcop_25,1544,430,430,0,r,1,0,3.590698,1,13,662,882,42.876,1386,158,89.767,1288,256,83.42,2.685376,3.050688,3.135328,3.049536,3.079872,3.058208,3.158304,0.880253,0.85649,0.880585,0.871912,0.878088,0.850259,0,0.0000000423234,3.87239E-14,1.49798E-10,2.19831E-10,2.19831E-10,2.19831E-10,4.167424,0.644373,0.00000687015
sts4098_b,1612,4098,1,0,r,1,2486,0.393363,0,1,1076,536,66.749,280,1332,17.37,1612,0,100,4.277184,4.58448,5.89376,4.997664,3.057216,3.092384,4.82864,0.93297,0.725714,0.855837,1.399045,1.383135,0.885795,0,0.0000000447867,0.00000000484593,5.59361E-10,0.0000000447867,0.0000000447867,0.0000000447867,4.584512,0.932964,0.00000377965
rdb200,1120,200,200,0,r,1,0,5.6,4,6,0,1120,0,0,1120,0,0,1120,0,2.662112,2.849152,3.671392,2.660704,2.691328,2.667488,2.629728,0.934352,0.725096,1.000529,0.989144,0.997985,1.012315,0,0.0000000492463,0,0,0,0,0,5.156864,0.516227,0.00000775731
large_A_18,19754,4277,8608,0,r,1,0,4.618658,1,21,7317,12437,37.041,17081,2673,86.469,12971,6783,65.663,17.706944,19.944096,22.880417,22.710625,18.818016,18.705153,21.487392,0.887829,0.773891,0.779677,0.940957,0.946635,0.824062,0,0.0000000406606,2.31681E-11,1.44256E-10,0.0000000199375,0.0000000199375,0.0000000199375,11.86928,1.49183,0.00000745471
utm5940,83842,5940,5940,0,r,1,0,14.114815,1,30,83760,82,99.902,44452,39390,53.019,602,83240,0.718,59.94125,63.37085,66.527519,68.160576,62.061535,60.218784,62.117184,0.94588,0.900999,0.879412,0.965836,0.995391,0.964971,0,0.0000000422056,0.0000000421003,4.52394E-10,0.00000000530117,0.00000000530117,0.00000000530117,30.51536,1.964298,0.00000789518
rim,1014951,22560,22560,0,r,1,0,44.988963,1,112,352565,662386,34.737,691130,323821,68.095,177718,837233,17.51,534.984558,617.030823,595.715698,615.118164,555.628052,547.695923,561.11322,0.867031,0.898053,0.869726,0.962847,0.976791,0.953434,0,0.0000000464387,6.63377E-12,2.30297E-10,3.08232E-11,3.08232E-11,3.08232E-11,301.008728,1.777306,0.00000920109
cvxqp3,122462,17500,17500,1,r,1,0,6.997829,3,17,7500,114962,6.124,54742,67720,44.701,30411,92051,24.833,88.332802,96.428963,100.58947,96.618179,91.714272,88.678688,92.546883,0.91604,0.878152,0.914246,0.96313,0.9961,0.954465,0,0.0000000363882,0,1.74502E-10,5.608E-11,5.608E-11,5.608E-11,53.759007,1.643126,0.00000797948
t2d_q4_A_41,87025,9801,9801,0,r,1,0,8.879196,4,9,315,86710,0.362,32924,54101,37.833,34092,52933,39.175,89.332932,90.105827,93.912544,100.101089,92.868416,90.679329,94.904289,0.991422,0.951235,0.892427,0.96193,0.985152,0.941295,0,0.000000038654,7.40776E-13,2.74326E-10,7.60542E-10,7.60542E-10,7.60542E-10,47.281281,1.889393,0.00000868988
bcsstk03,640,112,112,1,r,1,0,5.714286,4,6,4,636,0.625,332,308,51.875,154,486,24.063,2.334976,3.095232,2.506976,2.622016,2.67328,2.54592,2.59616,0.754378,0.931391,0.890527,0.87345,0.917144,0.899396,0,0.0000000274175,3.97382E-16,2.15311E-10,1.10612E-10,1.10612E-10,1.10612E-10,3.743936,0.623669,0.00000526904
scrs8-2r_A_08,14663,3612,6955,0,r,1,0,4.059524,1,15,4107,10556,28.009,1542,13121,10.516,12,14651,0.082,15.16304,17.133087,18.553823,17.159231,15.183488,15.164288,15.660896,0.885015,0.817246,0.883667,0.998653,0.999918,0.96821,0,0.0000000353899,0.00000000131274,2.55678E-10,9.42354E-11,9.42354E-11,9.42354E-11,11.134592,1.361796,0.00000667868
bcsstk21,26600,3600,3600,1,r,1,0,7.388889,4,9,0,26600,0,13300,13300,50,13300,13300,50,17.652832,21.593311,19.378304,24.611135,19.866528,19.916449,24.450752,0.817514,0.910959,0.71727,0.888572,0.886344,0.721975,0,0.0000000363109,0,4.38869E-11,4.38869E-11,4.38869E-11,4.38869E-11,11.417312,1.546146,0.00000744006
scsd8-2r_A_02,3650,170,1190,0,r,1,0,21.470588,10,24,2640,1010,72.329,0,3650,0,0,3650,0,5.372768,5.727648,6.333504,5.540128,5.512736,5.488896,5.56704,0.938041,0.848309,0.969791,0.97461,0.978843,0.965103,0,0.0000000392342,0.000000035517,0,0,0,0,4.558208,1.178702,0.0000078491
rdist1,94408,4134,4134,0,r,1,0,22.836962,1,81,91084,3324,96.479,61821,32587,65.483,8908,85500,9.436,94.516861,99.634941,104.268097,104.757217,95.037247,93.848,97.712418,0.948632,0.906479,0.902247,0.994524,1.007127,0.967296,0,0.0000000399291,0.00000000105091,4.43806E-11,1.95933E-10,1.95933E-10,1.95933E-10,48.379871,1.95364,0.0000087863
mhd3200b,18316,3200,3200,1,r,1,0,5.72375,1,10,18303,13,99.929,11346,6970,61.946,7798,10518,42.575,13.890848,15.886752,17.398432,17.996449,15.877952,15.895776,18.524096,0.874367,0.798397,0.771866,0.874851,0.87387,0.74988,0,0.0000000358841,0.0000000231662,8.09105E-11,0.0000000104353,0.0000000104353,0.0000000104353,11.043456,1.257835,0.00000547066
dermatology_5NN,2440,366,366,1,r,1,0,6.666667,5,15,2440,0,100,8,2432,0.328,0,2440,0,3.543072,3.862272,4.442304,3.62896,3.600704,3.583872,3.59536,0.917354,0.797575,0.976333,0.983994,0.988616,0.985457,0,0.0000000474617,0.0000000474617,1.19934E-10,0,0,0,4.160544,0.851589,0.00000814258
oscil_dcop_39,1544,430,430,0,r,1,0,3.590698,1,13,662,882,42.876,1386,158,89.767,1288,256,83.42,2.647744,3.048832,3.103648,3.020992,3.061568,3.047424,3.777312,0.868445,0.853107,0.876448,0.864833,0.868847,0.70096,0,0.0000000398188,7.57536E-14,1.93872E-10,2.94394E-10,2.94394E-10,2.94394E-10,3.487872,0.759129,0.00000317478
raefsky1,294276,3242,3242,0,r,1,0,90.769895,24,108,291180,3096,98.948,140496,153780,47.743,3702,290574,1.258,101.747551,116.125725,127.364578,114.399902,104.872093,101.189789,103.618851,0.876184,0.798869,0.889402,0.970206,1.005512,0.981941,0,0.0000000321259,0.0000000220248,3.41472E-10,0.00000000580503,0.00000000580503,0.00000000580503,59.956161,1.697032,0.0000100859
rail_20209_B,689,20209,7,0,r,1,19520,0.034094,0,1,689,0,100,0,689,0,689,0,100,10.954176,11.269984,13.9816,12.049952,2.49952,2.464864,12.015104,0.971978,0.783471,0.909064,4.382512,4.44413,0.9117,0,0.0000000557272,0.0000000557272,0,0.0000000557272,0.0000000557272,0.0000000557272,9.060032,1.209066,0.00000356738
co9,109651,10789,22924,0,r,1,0,10.163222,1,441,44630,65021,40.702,83998,25653,76.605,45383,64268,41.389,106.749504,113.346306,117.370399,122.141373,120.056061,117.055939,117.186882,0.9418,0.90951,0.873983,0.889164,0.911953,0.910934,0,0.0000000447304,1.12888E-10,2.53685E-10,0.0000000317334,0.0000000317334,0.0000000317334,58.391071,1.828182,0.00000958074
swang2,20841,3169,3169,0,r,1,0,6.576523,3,10,20841,0,100,3095,17746,14.851,0,20841,0,13.077312,14.309184,15.325952,16.321695,13.023488,13.102432,13.387392,0.91391,0.853279,0.801223,1.004133,0.998083,0.976838,0,0.0000000438837,0.0000000438837,5.62618E-10,0,0,0,9.615584,1.360012,0.00000731991
case9_A_04,147972,14454,14454,1,r,1,0,10.237443,1,7210,104252,43720,70.454,147930,42,99.972,147804,168,99.886,134.260132,143.946106,156.298599,148.584549,147.694183,143.806747,149.433212,0.932711,0.858998,0.903594,0.909041,0.933615,0.898462,0,0.0000000431831,6.45443E-14,7.74096E-13,1.06894E-11,1.06894E-11,1.06894E-11,72.187683,1.859876,0.00000655643
c-49,157042,21132,21132,1,r,1,0,7.431478,2,1532,110437,46605,70.323,73224,83818,46.627,16688,140354,10.626,119.458656,134.924255,143.804672,139.715103,129.456833,121.65126,136.44899,0.885376,0.830701,0.855016,0.922768,0.981976,0.875482,0,0.0000000816047,2.2493E-11,7.25729E-12,1.00339E-11,1.00339E-11,1.00339E-11,77.526787,1.540869,0.0000027197
robot,870,120,120,0,r,1,0,7.25,1,26,650,220,74.713,585,285,67.241,106,764,12.184,2.688704,2.977952,3.336896,2.743456,2.764864,2.694016,3.068128,0.90287,0.80575,0.980043,0.972454,0.998028,0.876334,0,0.0000000453821,0.00000000177026,1.64898E-10,0.00000000118783,0.00000000118783,0.00000000118783,3.800736,0.707417,0.00000776608
c-45,174452,13206,13206,1,r,1,0,13.210056,2,2242,139209,35243,79.798,138235,36217,79.24,44082,130370,25.269,133.475494,146.657761,163.878311,162.468384,139.601532,136.256836,144.272583,0.910115,0.814479,0.821547,0.956118,0.979588,0.925162,0,0.0000000263222,1.49687E-11,1.41403E-11,9.44035E-12,9.44035E-12,9.44035E-12,73.118179,1.825476,0.0000214844
cz20468,206076,20468,20468,0,r,1,0,10.068204,1,27,306,205770,0.148,86477,119599,41.964,1,206075,0,199.988541,222.344864,206.535355,214.20816,204.750107,198.659073,205.899033,0.899452,0.968302,0.933618,0.976744,1.006692,0.971294,0,0.0000000368718,1.71222E-15,5.45141E-10,3.81974E-17,3.81974E-17,3.81974E-17,108.12365,1.849628,0.00000784687
lp_brandy,2202,220,303,0,r,1,27,10.009091,0,118,1247,955,56.63,1100,1102,49.955,409,1793,18.574,4.19808,4.738272,5.697984,4.972672,4.133408,4.099776,4.635392,0.885994,0.736766,0.84423,1.015646,1.023978,0.905658,0,0.0000000291763,8.45501E-10,2.83513E-10,0.0000000196613,0.0000000196613,0.0000000196613,4.037888,1.039672,0.0000163022
scrs8-2r_A_10,58439,14364,27691,0,r,1,0,4.068435,1,15,16395,42044,28.055,6150,52289,10.524,12,58427,0.021,60.281536,61.142975,73.376381,65.820801,60.699295,60.075905,62.136639,0.985911,0.821539,0.915843,0.993118,1.003423,0.970145,0,0.0000000358553,0.00000000227909,3.2359E-10,5.08727E-11,5.08727E-11,5.08727E-11,36.572575,1.648272,0.00000720063
rajat14,1503,180,180,0,r,1,0,8.35,1,163,518,985,34.464,1376,127,91.55,1040,463,69.195,3.64912,4.093216,5.495072,4.600736,4.524704,4.28672,4.023936,0.891504,0.664071,0.79316,0.806488,0.851262,0.906853,0,0.0000000232879,9.29057E-12,1.54727E-10,1.56609E-10,1.56609E-10,1.56609E-10,2.80336,1.301695,0.0000068638
lp_etamacro,2537,400,816,0,r,1,0,6.3425,2,23,365,2172,14.387,1643,894,64.762,1305,1232,51.439,3.633344,3.985952,3.909312,4.036672,4.029536,3.785792,4.082496,0.911537,0.929408,0.900084,0.901678,0.959731,0.889981,0,0.0000000306359,2.87707E-11,1.25442E-10,9.79048E-10,9.79048E-10,9.79048E-10,3.680192,0.98727,0.00000681503
M80PI_n_E,4063,4182,4182,1,r,1,119,0.971545,0,1,4063,0,100,2409,1654,59.291,4063,0,100,4.359904,4.585568,5.598048,5.50288,4.70624,4.777536,4.883904,0.950788,0.778826,0.792295,0.926409,0.912584,0.892709,0,0.0000000261597,0.0000000261597,1.48782E-10,0.0000000261597,0.0000000261597,0.0000000261597,3.743296,1.164723,0.00000435346
flowmeter5_B,24,9669,1,0,r,1,9645,0.002482,0,1,0,24,0,0,24,0,24,0,100,5.5504,5.587808,6.11952,6.105024,2.126848,2.160544,5.960288,0.993305,0.906999,0.909153,2.609683,2.568983,0.93123,0,0.0000000629889,0,0,0.0000000629889,0.0000000629889,0.0000000629889,5.59104,0.992731,0.00000403034
large_A_03,20075,4249,8580,0,r,1,0,4.724641,2,21,8051,12024,40.105,17574,2501,87.542,13495,6580,67.223,17.522911,19.774752,22.649824,22.252607,18.866144,18.791328,21.264641,0.886125,0.773644,0.787454,0.928802,0.9325,0.82404,0,0.000000040557,2.15876E-11,1.04538E-10,0.0000000175713,0.0000000175713,0.0000000175713,12.56592,1.394479,0.00000830009
gre_216b,876,216,216,0,r,1,0,4.055556,2,5,876,0,100,659,217,75.228,749,127,85.502,2.687104,2.743072,3.584032,3.062784,2.779104,2.785632,3.204736,0.979597,0.749743,0.87734,0.966896,0.96463,0.838479,0,0.0000000321978,0.0000000321978,8.78105E-10,0.0000000272252,0.0000000272252,0.0000000272252,3.306784,0.812603,0.00000677762
c-24,35699,4119,4119,1,r,1,0,8.666909,2,232,23339,12360,65.377,19562,16137,54.797,4274,31425,11.972,37.603649,42.428448,46.51408,45.808098,38.553631,38.676674,40.585121,0.886284,0.808436,0.820895,0.975359,0.972257,0.926538,0,0.0000000385187,1.10487E-10,6.84579E-11,4.78718E-11,4.78718E-11,4.78718E-11,22.94384,1.638943,0.00000510586
stormg2-27,94274,14441,37485,0,r,1,54,6.528218,0,48,0,94274,0,0,94274,0,81,94193,0.086,71.277725,79.404381,75.4552,74.447556,74.718498,71.913857,73.141312,0.897655,0.944636,0.957422,0.95395,0.991154,0.974521,0,0.0000000249527,0,0,9.16649E-11,9.16649E-11,9.16649E-11,39.604481,1.799739,0.00000723368
cq9,96653,9278,21534,0,r,1,0,10.417439,1,391,47503,49150,49.148,34532,62121,35.728,2345,94308,2.426,92.335709,94.844383,102.235008,98.519585,93.980606,92.950172,96.035683,0.97355,0.903171,0.937232,0.982497,0.993389,0.961473,0,0.0000000368967,4.46908E-10,5.48032E-11,5.18913E-11,5.18913E-11,5.18913E-11,49.330078,1.871793,0.00000834185
S80PI_n1,9927,4028,4028,0,r,1,1,2.464499,0,8,1883,8044,18.968,1856,8071,18.696,30,9897,0.302,7.979392,8.564736,11.346368,10.237536,7.996512,8.082272,8.400128,0.931656,0.703255,0.779425,0.997859,0.987271,0.949913,0,0.0000000265981,0.00000000256982,4.24384E-11,0.00000000131927,0.00000000131927,0.00000000131927,6.075136,1.313451,0.00000543885
nemeth21,1173746,9506,9506,1,r,1,0,123.474227,53,141,1173746,0,100,874786,298960,74.529,0,1173746,0,344.741882,419.17572,425.195465,363.275818,350.419037,345.885254,346.677063,0.822428,0.810784,0.948981,0.983799,0.996694,0.994418,0,0.0000000432317,0.0000000432317,1.68952E-10,0,0,0,208.832443,1.650806,0.00000998801
g7jac060,203316,17730,17730,0,r,1,0,11.467343,2,153,147490,55826,72.542,173856,29460,85.51,165263,38053,81.284,173.61734,193.760391,211.595749,203.684387,194.887802,190.128326,197.547836,0.896041,0.820514,0.852384,0.890858,0.913159,0.878862,0,0.000000045937,2.90024E-14,1.90086E-11,0.000000012364,0.000000012364,0.000000012364,95.717728,1.813847,0.00000618983
hydr1c_A_62,19503,5308,5308,0,r,1,0,3.674265,1,12,7318,12185,37.522,18222,1281,93.432,18075,1428,92.678,12.093216,15.050496,17.156416,15.919296,14.490208,14.38384,15.854016,0.803509,0.70488,0.759658,0.834579,0.84075,0.762786,0,0.0000000445989,1.02844E-13,6.37058E-11,2.82178E-10,2.82178E-10,2.82178E-10,12.153856,0.995011,0.00000665837
gas11,2166,459,862,0,r,1,0,4.718954,1,11,219,1947,10.111,1250,916,57.71,1108,1058,51.154,3.550592,3.859808,4.78608,3.973952,3.810048,3.760768,3.978688,0.919888,0.741858,0.893466,0.931902,0.944114,0.892403,0,0.0000000449852,1.27523E-11,4.30706E-10,4.19591E-10,4.19591E-10,4.19591E-10,2.735616,1.297913,0.00000779923
poisson2D,2417,367,367,0,r,1,0,6.585831,3,9,2417,0,100,1,2416,0.041,0,2417,0,3.38592,3.631904,4.463488,3.832352,3.506816,3.472224,3.48352,0.932271,0.758582,0.88351,0.965525,0.975144,0.971982,0,0.0000000315448,0.0000000315448,7.2739E-11,0,0,0,3.821216,0.886084,0.00000741673
lhr11,233741,10964,10964,0,r,1,0,21.318953,1,63,214264,19477,91.667,97863,135878,41.868,12376,221365,5.295,242.069244,271.793671,298.248566,274.597504,246.71431,245.034302,249.558975,0.890636,0.811636,0.881542,0.981172,0.987899,0.969988,0,0.0000000343947,0.0000000300272,6.33718E-10,0.00000000370841,0.00000000370841,0.00000000370841,126.921021,1.907243,0.00000818835
large_A_33,20650,4292,8627,0,r,1,0,4.811277,2,21,8415,12235,40.751,18120,2530,87.748,13525,7125,65.496,17.745537,20.037121,22.220863,22.667393,18.937281,19.044191,21.549568,0.885633,0.798598,0.782866,0.937069,0.931808,0.823475,0,0.0000000428627,2.99487E-11,1.24264E-10,0.0000000205898,0.0000000205898,0.0000000205898,15.794752,1.123508,0.00000817326
hydr1c_A_31,19506,5308,5308,0,r,1,0,3.67483,1,12,7312,12194,37.486,18221,1285,93.412,18078,1428,92.679,12.068032,15.240448,16.313791,15.847872,14.483712,14.323968,15.859872,0.791842,0.739744,0.761492,0.833214,0.842506,0.760916,0,0.0000000440266,1.28156E-13,7.21415E-11,3.53927E-10,3.53927E-10,3.53927E-10,9.523584,1.267173,0.000008164
ex11,1096948,16614,16614,0,r,1,0,66.025521,14,90,197732,899216,18.026,560975,535973,51.14,33690,1063258,3.071,456.700745,527.008484,506.13031,510.745514,466.842468,456.94986,467.980286,0.866591,0.902338,0.894185,0.978276,0.999455,0.975897,0,0.0000000394433,2.38506E-14,2.67985E-10,3.80059E-11,3.80059E-11,3.80059E-11,257.419067,1.774153,0.00000925438
TSOPF_RS_b678_c1,4396289,18696,18696,0,r,1,0,235.145967,2,512,4337155,59134,98.655,4335097,61192,98.608,4351830,44459,98.989,1058.336548,1031.961426,1047.688721,1042.797119,1020.365723,1016.879578,1026.963745,1.025558,1.010163,1.014902,1.037213,1.040769,1.030549,0,0.0000000358689,3.35123E-12,9.74816E-14,9.53196E-12,9.53196E-12,9.53196E-12,616.69165,1.716152,0.00000589236
msc23052,1154814,23052,23052,1,r,1,0,50.096044,12,178,31455,1123359,2.724,647518,507296,56.071,67169,1087645,5.816,593.084534,682.504211,620.987854,646.320068,606.05304,596.940552,606.344666,0.868983,0.955066,0.917633,0.978602,0.99354,0.978131,0,0.0000000456864,2.47768E-14,2.51759E-10,4.55482E-11,4.55482E-11,4.55482E-11,332.191956,1.785367,0.00000955639
cage7,3084,340,340,0,r,1,0,9.070588,3,16,3084,0,100,0,3084,0,0,3084,0,4.997184,5.18016,5.45632,4.997952,5.0064,4.983584,5.061024,0.964677,0.915852,0.999846,0.998159,1.002729,0.987386,0,0.0000000423895,0.0000000423895,0,0,0,0,4.213312,1.186046,0.00000757423
c-35,62891,6537,6537,1,r,1,0,9.620774,2,964,20957,41934,33.323,36341,26550,57.784,14956,47935,23.781,60.163872,68.869698,73.329506,72.603485,63.82019,63.544319,66.019905,0.87359,0.820459,0.828664,0.942709,0.946802,0.911299,0,0.000000043896,1.05401E-10,1.87636E-10,0.00000000626077,0.00000000626077,0.00000000626077,35.94099,1.673963,0.00000723796
hydr1c_A_28,19477,5308,5308,0,r,1,0,3.669367,1,12,7283,12194,37.393,18192,1285,93.402,18049,1428,92.668,12.172992,15.002496,20.944576,15.851872,14.483808,14.372544,15.862304,0.811398,0.5812,0.767921,0.840455,0.846962,0.767416,0,0.0000000491584,1.31397E-13,7.10585E-11,3.77928E-10,3.77928E-10,3.77928E-10,10.896544,1.117142,0.00000696089
c-38,77689,8127,8127,1,r,1,0,9.55937,2,889,40105,37584,51.622,16954,60735,21.823,2749,74940,3.538,77.585022,81.591331,93.192001,93.624321,80.253662,78.941505,84.195518,0.950898,0.832529,0.828684,0.966747,0.982817,0.921486,0,0.0000000456862,0.00000000214992,3.9342E-10,6.36075E-10,6.36075E-10,6.36075E-10,41.919807,1.850796,0.0000069441
case9_A_02,147972,14454,14454,1,r,1,0,10.237443,1,7210,103841,44131,70.176,147922,50,99.966,147750,222,99.85,134.225189,143.854492,155.246429,148.671417,148.769318,145.934906,149.568283,0.933062,0.864594,0.902831,0.902237,0.919761,0.897417,0,0.0000000467677,1.14436E-14,1.03559E-13,5.1386E-13,5.1386E-13,5.1386E-13,73.591011,1.823935,0.00000170112
rajat03,32653,7602,7602,0,r,1,0,4.295317,1,52,17500,15153,53.594,17500,15153,53.594,7551,25102,23.125,28.133024,31.086496,36.477215,36.445599,29.063105,29.167072,30.376032,0.904992,0.771249,0.771918,0.967998,0.964547,0.926159,0,0.0000000415947,6.24248E-14,6.24248E-14,9.88664E-11,9.88664E-11,9.88664E-11,19.636896,1.432661,0.0000058991
rw496,1859,496,496,0,r,1,0,3.747984,1,4,1857,2,99.892,59,1800,3.174,7,1852,0.377,2.672416,2.701888,2.856864,2.94384,2.937056,3.10416,3.049088,0.989092,0.935437,0.907799,0.909896,0.860914,0.876464,0,0.000000044267,0.0000000442661,5.14969E-10,0.00000000431699,0.00000000431699,0.00000000431699,3.288224,0.812723,0.00000653189
nemeth19,818302,9506,9506,1,r,1,0,86.082685,41,98,818302,0,100,574214,244088,70.171,0,818302,0,285.668854,319.313416,325.97113,337.412415,289.772491,283.858002,288.104523,0.894635,0.876362,0.846646,0.985838,1.006379,0.991546,0,0.000000043368,0.000000043368,1.92454E-10,0,0,0,167.165115,1.708902,0.00000970093
3D_28984_Tetra,599170,28984,28984,0,r,1,0,20.67244,12,3817,575766,23404,96.094,598042,1128,99.812,599170,0,100,603.402954,640.110535,698.073547,662.540588,651.210693,635.546814,647.944519,0.942654,0.864383,0.910741,0.926586,0.949423,0.931257,0,0.0000000493839,8.80647E-16,2.43933E-15,0.0000000493839,0.0000000493839,0.0000000493839,299.81781,2.012565,0.00000389398
fd15,44206,11532,11532,0,r,1,0,3.833333,1,6,9868,34338,22.323,43900,306,99.308,43784,422,99.045,21.368353,23.861183,25.03216,24.764736,24.337631,24.013056,24.871519,0.895528,0.853636,0.862854,0.877996,0.889864,0.859149,0,0.0000000869556,5.81135E-15,1.78976E-11,1.78973E-11,1.78973E-11,1.78973E-11,15.14368,1.411041,0.00000400003
windscreen_M,1481988,22692,22692,1,r,1,0,65.308831,24,81,1481988,0,100,987858,494130,66.658,0,1481988,0,628.23053,720.787109,735.74231,711.34552,637.504578,626.497437,637.179626,0.87159,0.853873,0.883158,0.985453,1.002766,0.985955,0,0.0000000433644,0.0000000433644,2.59678E-14,0,0,0,358.095276,1.754367,0.00000845497
ted_B_unscaled,144579,10605,10605,1,r,1,0,13.633098,1,49,140337,4242,97.066,140337,4242,97.066,144579,0,100,106.659805,117.527458,118.517792,118.584259,121.213921,117.755714,120.646561,0.907531,0.899948,0.899443,0.87993,0.905772,0.884068,0,0.0000000268521,4.61887E-15,4.61887E-15,0.0000000268521,0.0000000268521,0.0000000268521,61.422302,1.7365,0.00000359888
kmnist_norm_10NN,156932,10000,10000,1,r,1,0,15.6932,10,140,156932,0,100,0,156932,0,0,156932,0,107.105888,119.480003,123.404701,109.336128,110.252739,106.860352,109.210846,0.896434,0.867924,0.979602,0.971458,1.002298,0.980726,0,0.0000000442614,0.0000000442614,0,0,0,0,66.864929,1.601825,0.00000887456
nnc261,1500,261,261,0,r,1,0,5.747126,1,16,758,742,50.533,1074,426,71.6,309,1191,20.6,3.076,3.116128,3.996224,3.520448,3.126656,3.108832,3.204352,0.987122,0.769727,0.873752,0.983799,0.989439,0.959944,0,0.0000000425234,2.13538E-10,2.45436E-10,1.57644E-10,1.57644E-10,1.57644E-10,3.508288,0.876781,0.00000735429
ck400,2860,400,400,0,r,1,0,7.15,2,10,2850,10,99.65,1601,1259,55.979,0,2860,0,3.653952,4.055488,4.957984,3.839072,3.648672,3.608032,3.653696,0.900989,0.736983,0.95178,1.001447,1.012727,1.00007,0,0.0000000447691,0.0000000400803,2.71914E-10,0,0,0,3.57536,1.021982,0.0000072285
lpi_gosh,99953,3792,13455,0,r,1,2,26.358914,0,401,41447,58506,41.466,15501,84452,15.508,6320,93633,6.323,87.063454,93.372673,104.820801,92.417091,89.089821,88.22467,89.701149,0.93243,0.830593,0.942071,0.977255,0.986838,0.970595,0,0.0000000450064,0.00000000578019,3.35345E-10,6.9642E-10,6.9642E-10,6.9642E-10,43.775745,1.988851,0.00000863583
t2d_q4_A_19,87025,9801,9801,0,r,1,0,8.879196,4,9,31249,55776,35.908,1977,85048,2.272,961,86064,1.104,89.159935,89.531425,100.787903,93.321693,90.093086,88.784737,93.014595,0.995851,0.884629,0.955404,0.989642,1.004226,0.958559,0,0.0000000431966,0.00000000191865,2.68608E-10,4.85537E-10,4.85537E-10,4.85537E-10,46.163551,1.931392,0.00000829338
bips07_3078_C,20,4,21128,0,r,1,0,5,5,5,12,8,60,7,13,35,0,20,0,2.976064,2.158592,3.674656,2.40992,2.133024,2.142464,2.1288,1.378706,0.809889,1.234922,1.395232,1.389085,1.398001,0,0.00000000517747,0.00000000118791,2.29069E-10,0,0,0,3.218112,0.924786,0.00000177005
hydr1c_A_74,19494,5308,5308,0,r,1,0,3.67257,1,12,7278,12216,37.335,18210,1284,93.413,18066,1428,92.675,12.053024,14.964064,16.28064,15.817856,14.496896,14.326528,15.851104,0.805465,0.740329,0.761989,0.831421,0.841308,0.76039,0,0.0000000418498,9.28193E-14,5.45276E-11,2.42051E-10,2.42051E-10,2.42051E-10,9.536224,1.26392,0.00000601932
case9_b2_09,14453,14454,1,0,r,1,1,0.999931,0,1,14425,28,99.806,14432,21,99.855,14453,0,100,10.388928,10.991008,12.907488,11.74336,11.26544,11.362752,11.700832,0.945221,0.804876,0.884664,0.922195,0.914297,0.887879,0,0.00000000787608,1.75398E-13,6.21039E-13,0.00000000787608,0.00000000787608,0.00000000787608,8.87104,1.171106,0.00000446647
psse0,102432,26722,11028,0,r,1,0,3.833246,1,4,7314,95118,7.14,71596,30836,69.896,54036,48396,52.753,52.88496,53.593346,56.238239,61.973888,55.087807,52.902687,58.885567,0.986782,0.940374,0.853343,0.960012,0.999665,0.898097,0,0.0000000513628,2.85689E-12,3.20602E-10,2.55004E-10,2.55004E-10,2.55004E-10,32.789185,1.612878,0.00000518468
t2dal_bci_Atop,111,4257,4257,1,r,1,4146,0.026075,0,1,111,0,100,49,62,44.144,111,0,100,3.931328,4.073664,5.809504,4.314912,2.159328,3.10416,4.27312,0.965059,0.676706,0.911103,1.820626,1.266471,0.920014,0,0.0000000344168,0.0000000344168,8.15863E-10,0.0000000344168,0.0000000344168,0.0000000344168,4.755424,0.826704,0.00000355761
t2d_q4_A_08,87025,9801,9801,0,r,1,0,8.879196,4,9,65269,21756,75,0,87025,0,0,87025,0,89.091843,89.658592,107.642975,92.501503,90.051361,88.648514,92.973763,0.993679,0.827661,0.963139,0.989345,1.005001,0.958247,0,0.0000000452349,0.0000000101241,0,0,0,0,46.40992,1.919672,0.00000814205
cavity20,138187,4562,4562,0,r,1,0,30.290881,8,62,127813,10374,92.493,62734,75453,45.398,20185,118002,14.607,103.250595,114.695168,123.301758,116.720612,104.915108,103.795235,106.959999,0.900217,0.837381,0.884596,0.984135,0.994753,0.96532,0,0.0000000458899,0.0000000100939,4.56165E-10,2.8522E-10,2.8522E-10,2.8522E-10,55.595104,1.857189,0.00000875168
shermanACa,25220,3432,3432,0,r,1,0,7.348485,1,2498,24207,1013,95.983,20292,4928,80.46,12462,12758,49.413,28.991776,37.645664,39.524864,37.454655,39.671871,34.76989,34.958752,0.770123,0.733507,0.77405,0.730789,0.833818,0.829314,0,0.00000011808,0.00000000253142,1.19616E-10,5.2529E-10,5.2529E-10,5.2529E-10,20.708416,1.4,0.00000944735
oscil_dcop_31,1544,430,430,0,r,1,0,3.590698,1,13,662,882,42.876,1386,158,89.767,1288,256,83.42,2.763488,3.057408,3.7192,3.059296,3.09936,3.08864,3.34768,0.903866,0.743033,0.903309,0.891632,0.894727,0.825493,0,0.0000000281695,3.71811E-14,1.13346E-10,2.33444E-10,2.33444E-10,2.33444E-10,3.59856,0.767943,0.0000037031
hydr1c_A_58,19503,5308,5308,0,r,1,0,3.674265,1,12,7305,12198,37.456,18221,1282,93.427,18075,1428,92.678,12.08112,14.92352,17.273855,15.805664,14.446944,14.323616,15.816512,0.809536,0.699388,0.764354,0.83624,0.843441,0.76383,0,0.0000000556544,1.34394E-13,7.14883E-11,3.15982E-10,3.15982E-10,3.15982E-10,9.511264,1.270191,0.00000770607
large_A_28,20362,4275,8621,0,r,1,0,4.763041,2,21,8067,12295,39.618,17787,2575,87.354,13289,7073,65.264,17.644705,19.938368,22.955328,22.644257,18.730816,18.64496,21.167776,0.884962,0.768654,0.779213,0.942015,0.946352,0.833564,0,0.0000000502714,2.83949E-11,1.37117E-10,0.0000000197354,0.0000000197354,0.0000000197354,11.83216,1.49125,0.00000824576
dynamicSoaringProblem_7,37680,3511,3511,1,r,1,0,10.731985,2,1316,22682,14998,60.196,28345,9335,75.226,7801,29879,20.703,31.759712,35.146881,39.913185,38.879681,33.188576,33.18531,34.181313,0.903628,0.79572,0.816872,0.956947,0.957041,0.929154,0,0.0000000356452,1.50084E-11,4.35549E-11,3.09948E-11,3.09948E-11,3.09948E-11,18.428352,1.723416,0.00000834787
c-36,65941,7479,7479,1,r,1,0,8.81682,2,674,42596,23345,64.597,17581,48360,26.662,3449,62492,5.23,65.57283,72.924194,82.297661,80.13446,66.518913,67.027809,71.994179,0.899192,0.796776,0.818285,0.985777,0.978293,0.910807,0,0.0000000380241,2.49249E-10,4.65517E-11,7.0283E-11,7.0283E-11,7.0283E-11,37.352798,1.7555,0.00000690701
nasa4704,104756,4704,4704,1,r,1,0,22.269558,6,42,17612,87144,16.812,70735,34021,67.524,49029,55727,46.803,98.18586,100.111198,114.27504,112.897507,101.279907,100.233185,101.985825,0.980768,0.859207,0.86969,0.969451,0.979574,0.96274,0,0.0000000323896,1.41741E-14,7.76318E-11,5.33336E-11,5.33336E-11,5.33336E-11,48.405025,2.028423,0.0000097001
oscil_dcop_29,1544,430,430,0,r,1,0,3.590698,1,13,662,882,42.876,1386,158,89.767,1288,256,83.42,2.633248,3.078496,4.192192,3.046272,3.080992,3.034784,3.155136,0.855368,0.628132,0.864417,0.854675,0.867689,0.834591,0,0.0000000346954,3.49265E-14,2.13512E-10,3.3326E-10,3.3326E-10,3.3326E-10,3.58304,0.73492,0.00000346707
ulevimin,164538,6590,46937,0,r,1,0,24.96783,1,24973,17508,147030,10.641,160308,4230,97.429,160148,4390,97.332,144.801926,162.988647,153.997086,163.454208,170.100388,167.52179,161.57869,0.888417,0.94029,0.885887,0.851273,0.864377,0.89617,0,0.0000000309884,1.30306E-14,5.67907E-12,2.67603E-12,2.67592E-12,2.6759E-12,79.418205,1.823284,0.0000168356
stokes64,140034,12546,12546,1,r,1,0,11.161645,5,13,131592,8442,93.971,65536,74498,46.8,32768,107266,23.4,113.892159,120.850815,137.329956,136.415771,118.156639,115.49411,120.907455,0.942419,0.829332,0.83489,0.963908,0.98613,0.941978,0,0.0000000452352,0.0000000157187,4.17253E-10,2.94192E-10,2.94192E-10,2.94192E-10,61.418655,1.854358,0.0000082204
bcsstm36,320606,23052,23052,1,r,1,10880,13.907947,0,103,320606,0,100,204076,116530,63.653,531,320075,0.166,234.873337,269.912079,277.558044,275.87085,155.575623,151.206329,238.513412,0.870185,0.846213,0.851389,1.509705,1.55333,0.984738,0,0.0000000448443,0.0000000448443,1.26549E-10,2.11234E-11,2.11234E-11,2.11234E-11,129.705917,1.810814,0.00000763801
bips07_2476_C,20,4,16861,0,r,1,0,5,5,5,12,8,60,7,13,35,0,20,0,2.13088,2.1376,2.456128,2.422752,2.238688,2.268544,3.208448,0.996856,0.867577,0.879529,0.951843,0.939316,0.664147,0,0.0000000932368,0.00000000205486,4.51474E-10,0,0,0,3.106304,0.685986,0.0000146039
t2d_q4_A_36,87025,9801,9801,0,r,1,0,8.879196,4,9,2563,84462,2.945,23394,63631,26.882,23796,63229,27.344,89.064957,89.55658,94.274658,97.864388,92.230881,90.380348,94.267807,0.99451,0.944739,0.910085,0.965674,0.985446,0.944808,0,0.0000000454317,2.31349E-11,3.74422E-10,9.96963E-10,9.96963E-10,9.96963E-10,45.895809,1.94059,0.00000910859
large_A_08,19595,4236,8575,0,r,1,0,4.625826,2,21,7341,12254,37.464,16931,2664,86.405,12811,6784,65.379,17.432928,19.684736,24.602688,22.330849,18.626177,18.548767,21.161345,0.885606,0.708578,0.780666,0.935937,0.939843,0.82381,0,0.0000000448785,2.16311E-11,1.2408E-10,0.0000000189798,0.0000000189798,0.0000000189798,11.731008,1.486055,0.00000717317
hydr1c_A_25,23539,5308,5308,0,r,1,0,4.434627,1,14,18035,5504,76.618,21790,1749,92.57,21535,2004,91.486,22.905344,27.007809,27.238688,27.734304,26.340927,26.283712,27.797953,0.848101,0.840912,0.825885,0.869572,0.871465,0.823994,0,0.0000000426271,4.16409E-12,9.15122E-11,0.00000000305848,0.00000000305848,0.00000000305848,15.690368,1.459835,0.00000707391
YaleA_10NN,2268,165,165,1,r,1,0,13.745455,10,29,2264,4,99.824,0,2268,0,0,2268,0,3.539584,3.811936,4.840992,4.032128,3.601376,3.670208,3.575552,0.928553,0.731169,0.877845,0.982842,0.96441,0.989941,0,0.0000000346349,0.0000000297806,0,0,0,0,2.821248,1.254616,0.00000650825
coater2,207308,9540,9540,0,r,1,64,21.730398,0,63,151284,56024,72.975,139970,67338,67.518,22776,184532,10.987,198.326523,215.557632,239.861862,235.71817,201.710587,198.881638,204.957413,0.920063,0.826836,0.841371,0.983223,0.997209,0.967647,0,0.0000000499933,2.89671E-10,1.92181E-10,5.99311E-11,5.99311E-11,5.99311E-11,102.267006,1.939301,0.00000747214
delf_A_08,14898,3137,6611,0,r,1,0,4.749123,1,21,5884,9014,39.495,12694,2204,85.206,9095,5803,61.048,13.544768,15.194048,18.114592,17.245888,14.2568,14.17632,16.36832,0.891452,0.747727,0.785391,0.950057,0.95545,0.827499,0,0.0000000504505,2.66644E-11,1.03733E-10,0.00000000509038,0.00000000509038,0.00000000509038,9.214048,1.470013,0.00000919867
olafu,1015156,16146,16146,1,r,1,0,62.873529,24,89,2100,1013056,0.207,792326,222830,78.05,149169,865987,14.694,440.916962,512.110352,458.537659,518.309998,459.999969,451.041443,456.894287,0.86098,0.961572,0.850682,0.958515,0.977553,0.965031,0,0.0000000290574,2.73418E-14,4.95881E-12,2.49534E-12,2.49532E-12,2.49529E-12,246.648102,1.787636,0.00000953364
hydr1c_A_03,22996,5308,5308,0,r,1,0,4.332329,1,14,7342,15654,31.927,21290,1706,92.581,20806,2190,90.477,21.767521,24.896959,26.816671,25.670944,24.081663,23.968767,25.728672,0.874304,0.811716,0.847944,0.903904,0.908162,0.846041,0,0.0000000440743,9.9664E-14,7.42365E-11,0.00000000383118,0.00000000383118,0.00000000383118,15.153824,1.436438,0.00000772282
shyy41,20042,4720,4720,0,r,1,0,4.246186,1,6,7484,12558,37.342,6252,13790,31.194,4680,15362,23.351,18.22336,19.943457,22.280224,21.23024,18.807903,18.77376,19.296192,0.913751,0.817916,0.858368,0.96892,0.970682,0.944402,0,0.0000000432966,6.04342E-10,5.7069E-11,3.52585E-11,3.52585E-11,3.52585E-11,13.065536,1.394766,0.00000652473
bips98_1142_C,20,4,9735,0,r,1,0,5,5,5,9,11,45,5,15,25,0,20,0,2.131456,2.146528,2.44032,2.38496,2.158784,2.158144,2.250432,0.992978,0.873433,0.893707,0.987341,0.987634,0.947132,0,0.0000000654499,0.00000000169465,1.71114E-10,0,0,0,3.091392,0.689481,0.00000726853
cavity04,7327,317,317,0,r,1,0,23.113565,1,62,5301,2026,72.349,3823,3504,52.177,1413,5914,19.285,8.623136,9.509152,9.677536,9.54016,9.0888,8.977312,9.083328,0.906825,0.891047,0.903877,0.948765,0.960548,0.949337,0,0.0000000497376,0.00000000294535,5.70506E-10,8.88143E-10,8.88143E-10,8.88143E-10,5.968192,1.444849,0.00000887297
large_A_35,20650,4294,8626,0,r,1,0,4.809036,2,21,8420,12230,40.775,18126,2524,87.777,13545,7105,65.593,17.753088,20.017441,23.181856,22.638048,18.782047,18.719296,21.475391,0.886881,0.765818,0.784215,0.945216,0.948384,0.826671,0,0.0000000440527,3.30006E-11,1.40842E-10,0.0000000220881,0.0000000220881,0.0000000220881,12.671968,1.400973,0.00000848919
sinc12,294986,7500,7500,0,r,1,0,39.331467,1,75,162952,132034,55.241,291595,3391,98.85,277511,17475,94.076,182.849503,190.908295,207.699265,195.650208,194.054108,189.003876,191.424637,0.957787,0.880357,0.934574,0.94226,0.967438,0.955204,0,0.0000000827419,5.93189E-14,1.21304E-11,7.20567E-12,7.20562E-12,7.20561E-12,97.270332,1.879808,0.0000135122
scsd8-2c_A_3,112770,5130,35910,0,r,1,0,21.982456,10,24,82000,30770,72.714,0,112770,0,0,112770,0,106.477859,111.819618,129.408356,108.980225,105.512032,105.346275,107.231102,0.952229,0.822805,0.977038,1.009154,1.010742,0.992976,0,0.0000000381744,0.0000000348463,0,0,0,0,54.471424,1.954747,0.00000870985
TSOPF_RS_b2052_c1,6761100,25626,25626,0,r,1,0,263.837509,2,635,6683092,78008,98.846,6678352,82748,98.776,6699047,62053,99.082,1610.337769,1466.183472,1486.155396,1476.9021,1447.92749,1445.062378,1458.141235,1.098319,1.083559,1.090348,1.112167,1.114372,1.104377,0,0.0000000302935,4.08772E-12,5.23232E-14,7.24317E-12,7.24317E-12,7.24317E-12,936.409241,1.719694,0.00000587525
gyro_m,340431,17361,17361,1,r,1,0,19.608951,4,120,340431,0,100,184158,156273,54.096,103299,237132,30.344,355.787262,381.87561,393.945618,408.076141,365.728149,361.862579,369.15741,0.931684,0.903138,0.871865,0.972819,0.983211,0.963782,0,0.0000000442799,0.0000000442799,4.01153E-10,2.46997E-10,2.46997E-10,2.46997E-10,178.148987,1.997133,0.00000884977
hydr1c_A_64,19478,5308,5308,0,r,1,0,3.669555,1,12,7293,12185,37.442,18197,1281,93.423,18050,1428,92.669,12.037344,14.97136,16.292576,15.879936,14.465824,14.387488,15.887552,0.804025,0.738824,0.758022,0.832123,0.836654,0.757659,0,0.0000000344461,9.39972E-14,5.21051E-11,2.63764E-10,2.63764E-10,2.63764E-10,9.602912,1.25351,0.00000438648
case9_A_03,147972,14454,14454,1,r,1,0,10.237443,1,7210,104027,43945,70.302,147957,15,99.99,147923,49,99.967,133.778183,143.227936,154.546631,148.070938,146.904678,143.400345,148.926468,0.934023,0.865617,0.903474,0.910646,0.9329,0.898283,0,0.0000000652034,3.54925E-16,5.53165E-14,2.31425E-13,2.31425E-13,2.31425E-13,71.085693,1.881928,0.0000000562671
scrs8-2r_A_02,983,252,475,0,r,1,0,3.900794,1,15,267,716,27.162,102,881,10.376,12,971,1.221,2.756768,2.93312,3.001824,2.778208,2.803936,2.780992,2.772576,0.939876,0.918364,0.992283,0.983178,0.991289,0.994298,0,0.0000000412498,0.00000000238368,2.165E-10,4.01026E-10,4.01026E-10,4.01026E-10,3.398016,0.811288,0.00000640053
t2d_q4_A_17,87025,9801,9801,0,r,1,0,8.879196,4,9,31261,55764,35.922,1853,85172,2.129,895,86130,1.028,89.115875,89.527298,101.461342,93.277283,90.049507,88.708801,92.970177,0.995404,0.878323,0.955387,0.989632,1.004589,0.958543,0,0.0000000443946,0.00000000198246,2.94911E-10,5.36659E-10,5.36659E-10,5.36659E-10,45.874722,1.942592,0.00000848004
oscil_dcop_09,1544,430,430,0,r,1,0,3.590698,1,13,640,904,41.451,1386,158,89.767,1288,256,83.42,2.746624,2.97184,3.265536,2.94832,2.951008,2.991328,3.272224,0.924217,0.841094,0.93159,0.930741,0.918196,0.839375,0,0.0000000485988,4.34484E-14,1.41875E-10,2.43855E-10,2.43855E-10,2.43855E-10,3.429216,0.800948,0.00000459104
nemeth20,971870,9506,9506,1,r,1,0,102.237534,46,120,971870,0,100,703586,268284,72.395,0,971870,0,303.972961,353.741119,360.136841,354.043976,308.240509,304.294617,306.558777,0.859309,0.844049,0.858574,0.986155,0.998943,0.991565,0,0.0000000451015,0.0000000451015,1.81023E-10,0,0,0,180.227966,1.686603,0.00000995829
ABACUS_shell_md_K,216082,23412,23412,0,r,1,0,9.22954,4,15,50455,165627,23.35,197326,18756,91.32,194536,21546,90.029,209.173279,222.074692,251.958176,232.074234,228.406693,221.067719,232.04509,0.941905,0.83019,0.901321,0.915793,0.946195,0.901434,0,0.0000000461334,1.41644E-14,2.20756E-11,5.32676E-12,5.32676E-12,5.32676E-12,109.709503,1.90661,0.00000823681
case9_b2_08,14453,14454,1,0,r,1,1,0.999931,0,1,14420,33,99.772,14428,25,99.827,14453,0,100,10.376768,10.949152,12.526432,11.760832,11.407936,11.427488,11.653632,0.947723,0.82839,0.882316,0.90961,0.908053,0.890432,0,0.0000000382869,1.79461E-13,7.13326E-13,0.0000000382869,0.0000000382869,0.0000000382869,9.621664,1.07848,0.00000385908
bundle1,770901,10581,10581,1,r,1,0,72.857102,17,1711,90,770811,0.012,450288,320613,58.411,140649,630252,18.245,298.5849,314.922577,305.023163,328.195007,295.230652,292.113159,295.923737,0.948122,0.978893,0.909779,1.011361,1.022155,1.008993,0,0.000000041475,7.64595E-14,5.84391E-11,4.89607E-10,4.89607E-10,4.89607E-10,168.486649,1.772158,0.0000189733
cz308,3182,308,308,0,r,1,0,10.331169,1,27,714,2468,22.439,1389,1793,43.652,1,3181,0.031,5.119808,5.665056,5.889696,5.358976,4.972512,4.958432,5.07008,0.903752,0.869282,0.955371,1.029622,1.032546,1.009808,0,0.0000000386481,6.22415E-11,6.05379E-10,2.35242E-12,2.35242E-12,2.35242E-12,4.44208,1.15257,0.0000080256
lp_stocfor3,76473,16675,23541,0,r,1,0,4.586087,1,15,18060,58413,23.616,58827,17646,76.925,52946,23527,69.235,76.630241,79.892639,83.087166,85.806717,84.462082,83.086685,89.227646,0.959165,0.922287,0.893056,0.907274,0.922293,0.858817,0,0.0000000423699,9.8202E-11,2.01626E-10,1.90726E-10,1.90726E-10,1.90726E-10,43.804993,1.749349,0.00000764676
shermanACb,145149,18510,18510,0,r,1,0,7.841653,1,10405,130134,15015,89.655,120809,24340,83.231,88809,56340,61.185,172.359009,215.913086,218.021027,217.039429,227.435074,212.315781,223.594437,0.79828,0.790561,0.794137,0.757838,0.811805,0.770856,0,0.0000000289085,3.88416E-10,2.72899E-11,5.51212E-10,5.51212E-10,5.51212E-10,117.472191,1.467232,0.00000289039
cavity26,138187,4562,4562,0,r,1,0,30.290881,8,62,121368,16819,87.829,60030,78157,43.441,20185,118002,14.607,103.323875,114.61261,119.927101,114.657219,104.809151,103.772224,106.979645,0.901505,0.861556,0.901155,0.985829,0.995679,0.965827,0,0.0000000443203,0.00000000790936,4.70257E-10,2.30729E-10,2.30729E-10,2.30729E-10,55.523392,1.860907,0.00000904464
t2d_q4_A_01,87025,9801,9801,0,r,1,0,8.879196,4,9,77224,9801,88.738,0,87025,0,0,87025,0,89.147133,89.549889,106.231812,92.512291,90.010658,88.636192,92.886147,0.995502,0.839175,0.963625,0.990406,1.005764,0.959746,0,0.0000000460056,0.0000000151976,0,0,0,0,45.916096,1.941522,0.00000816881
large_A_06,19314,4237,8576,0,r,1,0,4.558414,1,21,7174,12140,37.144,16672,2642,86.321,12678,6636,65.642,17.485697,19.66,21.872801,22.414177,18.566784,18.553024,20.932032,0.889405,0.799427,0.780118,0.941773,0.942472,0.835356,0,0.000000041759,2.74426E-11,1.32464E-10,0.0000000186641,0.0000000186641,0.0000000186641,12.535936,1.394846,0.00000935099
c-34,64333,6611,6611,1,r,1,0,9.731206,2,862,38677,25656,60.12,6121,58212,9.515,966,63367,1.502,61.609024,69.707809,75.338272,72.245918,62.559967,62.008415,64.896317,0.883818,0.817765,0.852768,0.984799,0.993559,0.949345,0,0.0000000435221,0.00000000660157,3.44512E-10,0.00000000100145,0.00000000100145,0.00000000100145,35.130718,1.753708,0.00000617893
hydr1c_A_05,22904,5308,5308,0,r,1,0,4.314996,1,14,7241,15663,31.615,21198,1706,92.552,20714,2190,90.438,21.775841,24.937857,26.784384,25.673792,24.092928,24.018496,25.692415,0.873204,0.813005,0.848174,0.903827,0.906628,0.847559,0,0.0000000456552,9.19356E-14,7.76714E-11,3.82122E-10,3.82122E-10,3.82122E-10,15.172064,1.435259,0.00000823202
car4,63724,16384,33052,0,r,1,0,3.889404,2,111,30956,32768,48.578,30672,33052,48.133,0,63724,0,39.023743,34.281792,38.847073,38.336864,38.653248,38.219776,38.942753,1.138323,1.004548,1.017917,1.009585,1.021035,1.00208,0,0.0000000266755,6.32233E-10,5.84719E-10,0,0,0,22.561888,1.729631,0.00000585108
lp_capri,1896,271,482,0,r,1,0,6.99631,1,48,584,1312,30.802,355,1541,18.724,106,1790,5.591,3.25104,3.62992,4.862144,3.691136,3.294592,3.278016,3.582688,0.895623,0.668643,0.88077,0.986781,0.991771,0.90743,0,0.0000000386247,7.30384E-10,2.19924E-10,2.02268E-10,2.02268E-10,2.02268E-10,2.739616,1.186677,0.0000086294
jan99jac060,127182,20614,20614,0,r,1,0,6.169691,2,68,86449,40733,67.973,125925,1257,99.012,125689,1493,98.826,96.260963,111.267235,119.302177,115.49971,112.526688,110.594017,114.339905,0.865133,0.806867,0.83343,0.85545,0.870399,0.841884,0,0.000000047313,2.55805E-13,1.72123E-12,0.0000000261822,0.0000000261822,0.0000000261822,59.534016,1.616907,0.00000685715
bcsstm21,3600,3600,3600,1,r,1,0,1,1,1,3600,0,100,1200,2400,33.333,3600,0,100,4.104928,4.361728,5.303648,5.291744,4.391552,4.34688,4.461568,0.941124,0.773982,0.775723,0.934733,0.944339,0.920064,0,0.000000041171,0.000000041171,0.00000000156267,0.000000041171,0.000000041171,0.000000041171,4.480064,0.916266,0.00000353256
p0291,2283,252,543,0,r,1,0,9.059524,2,54,380,1903,16.645,0,2283,0,0,2283,0,4.325056,4.784416,4.888032,4.345408,4.353088,4.344256,4.348352,0.903988,0.884826,0.995316,0.99356,0.99558,0.994643,0,0.0000000340169,9.05219E-10,0,0,0,0,3.849088,1.123657,0.00000828492
oscil_dcop_36,1544,430,430,0,r,1,0,3.590698,1,13,662,882,42.876,1386,158,89.767,1288,256,83.42,2.747968,2.964,3.797952,3.011584,2.976608,2.974208,3.2712,0.927115,0.723539,0.912466,0.923188,0.923933,0.840049,0,0.0000000327555,3.79127E-14,1.28216E-10,1.85472E-10,1.85472E-10,1.85472E-10,3.370464,0.815308,0.00000681116
t2d_q9_A_05,87025,9801,9801,0,r,1,0,8.879196,4,9,65281,21744,75.014,0,87025,0,0,87025,0,89.127426,89.531807,106.571907,92.491165,89.998497,88.593636,92.845825,0.995483,0.836313,0.963632,0.990321,1.006025,0.959951,0,0.0000000450104,0.00000000908672,0,0,0,0,45.835617,1.944502,0.00000839403
c-23,31079,3969,3969,1,r,1,0,7.830436,2,655,12096,18983,38.92,9672,21407,31.121,2654,28425,8.54,19.345663,22.862368,23.565344,23.514751,20.006111,19.467745,21.523392,0.846179,0.820937,0.822703,0.966988,0.993729,0.89882,0,0.0000000384591,3.15193E-10,1.60833E-10,1.67863E-10,1.67863E-10,1.67863E-10,13.3872,1.445087,0.00000868865
viscoplastic1_C_5,61166,4326,4326,0,r,1,0,14.139159,7,37,28610,32556,46.774,33268,27898,54.39,22326,38840,36.501,39.281567,43.368546,49.230591,49.199425,40.403393,40.574528,41.728737,0.905762,0.79791,0.798415,0.972234,0.968134,0.941355,0,0.0000000432545,1.43064E-11,2.23028E-10,2.98747E-12,2.98747E-12,2.98747E-12,22.394815,1.754047,0.0000081121
delf_A_19,14939,3185,6648,0,r,1,0,4.690424,1,21,5686,9253,38.061,12716,2223,85.119,9177,5762,61.43,13.763616,15.492384,17.988993,17.531521,14.507616,14.4672,16.562977,0.888412,0.765113,0.785078,0.948717,0.951367,0.830987,0,0.0000000425149,2.05095E-11,9.26939E-11,0.0000000085428,0.0000000085428,0.0000000085428,10.1584,1.3549,0.00000812333
std1_Jac2,1248731,21982,21982,0,r,1,0,56.806978,1,898,1157814,90917,92.719,1242479,6252,99.499,1236781,11950,99.043,563.184387,632.159912,638.648071,649.865784,639.682495,633.045959,642.298462,0.890889,0.881838,0.866616,0.880412,0.889642,0.876827,0,0.0000000404442,4.95426E-14,1.76594E-13,7.2511E-11,7.2511E-11,7.2511E-11,319.925629,1.76036,0.00000337777
gyro,1021159,17361,17361,1,r,1,0,58.819135,12,360,49936,971223,4.89,316420,704739,30.986,0,1021159,0,455.312836,527.936646,504.893311,505.438263,460.711975,453.433441,461.385651,0.862438,0.9018,0.900828,0.988281,1.004145,0.986838,0,0.0000000501288,2.28278E-14,3.46683E-10,0,0,0,255.38298,1.782863,0.00000917097
delf_A_05,14696,3142,6614,0,r,1,0,4.677276,1,21,5805,8891,39.501,12648,2048,86.064,9131,5565,62.133,13.544832,15.2888,17.908928,17.238239,14.410592,14.349056,16.458431,0.885932,0.756317,0.785743,0.939922,0.943953,0.822972,0,0.0000000493635,2.65719E-11,1.05234E-10,0.00000000532909,0.00000000532909,0.00000000532909,10.12176,1.338189,0.00000864488
bayer09,21216,3083,3083,0,r,1,0,6.881609,1,34,19493,1723,91.879,21148,68,99.679,20400,816,96.154,14.458688,16.92944,18.317921,17.515039,17.328863,17.136896,17.483936,0.854056,0.789319,0.825501,0.83437,0.843717,0.82697,0,0.0000000705359,1.39287E-14,4.05139E-12,0.00000000208581,0.00000000208581,0.00000000208581,9.957248,1.452077,0.00000464785
cdde6,4681,961,961,0,r,1,0,4.870968,3,5,1860,2821,39.735,0,4681,0,0,4681,0,5.478848,5.845888,6.516832,5.492384,5.428768,5.378208,5.40064,0.937214,0.840723,0.997536,1.009225,1.018713,1.014481,0,0.0000000369194,0.00000000453325,0,0,0,0,4.762368,1.150446,0.00000781628
adder_dcop_25,11246,1813,1813,0,r,1,0,6.202978,1,1310,11228,18,99.84,7553,3693,67.162,2707,8539,24.071,19.392321,22.972897,23.451103,22.922943,22.364639,19.556095,23.568544,0.844139,0.826926,0.845979,0.867097,0.991625,0.822805,0,0.0000000230597,0.00000000822683,9.20174E-12,0.0000000189098,0.0000000189098,0.0000000189098,15.502016,1.250955,0.00000988746
lp_fit2p,50284,3000,13525,0,r,1,0,16.761333,11,22,140,50144,0.278,38517,11767,76.599,741,49543,1.474,58.633568,63.582241,61.391998,72.774559,58.989086,58.830017,60.332226,0.922169,0.955069,0.805688,0.993973,0.996661,0.971845,0,0.0000000401758,8.93385E-12,4.86279E-10,0.00000000100751,0.00000000100751,0.00000000100751,31.233696,1.877254,0.00000824187
filter2D_E,1668,1668,1668,1,r,1,0,1,1,1,1668,0,100,16,1652,0.959,1668,0,100,2.846976,3.008512,4.026976,3.107008,3.114016,3.22288,3.181056,0.946307,0.706976,0.916308,0.914246,0.883364,0.894978,0,0.0000000453951,0.0000000453951,2.67508E-10,0.0000000453951,0.0000000453951,0.0000000453951,3.569888,0.797497,0.00000364074
extr1b,11404,2836,2836,0,r,1,0,4.021157,1,10,4185,7219,36.698,10719,685,93.993,10045,1359,88.083,12.39872,13.948512,14.990848,14.830112,13.694688,13.581376,14.73808,0.888892,0.827086,0.83605,0.905367,0.912921,0.841271,0,0.0000000454359,1.87963E-13,1.0979E-11,0.00000000110117,0.00000000110117,0.00000000110117,9.286752,1.335098,0.00000541856
spaceShuttleEntry_3,28757,1834,1834,1,r,1,0,15.679935,2,1700,18512,10245,64.374,13284,15473,46.194,1134,27623,3.943,21.595167,26.452127,26.310272,26.162271,22.878817,21.633951,23.568224,0.816387,0.820788,0.825432,0.943894,0.998207,0.916283,0,0.0000000411579,0.00000000227029,3.56307E-10,9.81879E-11,9.81879E-11,9.81879E-11,13.858144,1.558302,0.0000105495
west1505,5445,1505,1505,0,r,1,0,3.61794,1,12,1927,3518,35.39,5074,371,93.186,5016,429,92.121,4.840544,5.56944,6.906816,6.059232,6.016992,5.84576,5.91344,0.869126,0.700836,0.798871,0.804479,0.828044,0.818567,0,0.0000000333756,4.87308E-13,4.645E-11,0.00000000377131,0.00000000377131,0.00000000377131,4.78576,1.011447,0.00000567713
adder_dcop_27,11246,1813,1813,0,r,1,0,6.202978,1,1310,11228,18,99.84,7680,3566,68.291,2962,8284,26.338,19.380417,22.920799,24.171583,23.175072,22.31872,19.581152,23.563423,0.845538,0.801785,0.836261,0.868348,0.989749,0.822479,0,0.0000000284541,0.00000000864568,1.34906E-11,0.0000000233327,0.0000000233327,0.0000000233327,14.628832,1.32481,0.00000451059
utm1700b,21509,1700,1700,0,r,1,0,12.652353,1,29,21501,8,99.963,11827,9682,54.986,483,21026,2.246,17.105951,19.426529,20.88912,21.094463,17.361183,17.405121,18.037184,0.880546,0.818893,0.810921,0.985299,0.982811,0.948372,0,0.0000000427832,0.0000000427222,4.63143E-10,0.00000000759886,0.00000000759886,0.00000000759886,10.702784,1.598271,0.00000776704
dw2048,10114,2048,2048,0,r,1,0,4.938477,3,8,10114,0,100,3063,7051,30.285,1168,8946,11.548,9.163264,9.909024,10.365856,11.07136,9.361664,9.35952,9.692224,0.924739,0.883985,0.827655,0.978807,0.979031,0.945424,0,0.0000000425533,0.0000000425533,6.06248E-10,0.0000000174914,0.0000000174914,0.0000000174914,7.28288,1.258192,0.00000704185
cdde5,4681,961,961,0,r,1,0,4.870968,3,5,1860,2821,39.735,0,4681,0,0,4681,0,5.36272,5.834336,6.466432,5.549728,5.37744,5.46032,5.417152,0.919165,0.829317,0.966303,0.997263,0.982126,0.989952,0,0.0000000374501,0.000000011956,0,0,0,0,4.962368,1.080678,0.00000720431
saylr3,3750,1000,1000,1,r,1,0,3.75,1,7,2753,997,73.413,1325,2425,35.333,733,3017,19.547,3.959264,4.612512,5.393888,4.681056,4.07248,3.97184,4.857952,0.858375,0.734028,0.845806,0.9722,0.996834,0.815007,0,0.0000000413594,0.00000000566073,1.71959E-10,0.0000000119056,0.0000000119056,0.0000000119056,4.023936,0.983928,0.00000609541
adder_dcop_10,11232,1813,1813,0,r,1,0,6.195256,1,1310,11212,20,99.822,6997,4235,62.295,2657,8575,23.656,19.387487,22.914751,23.893345,23.080481,22.346464,19.552641,23.527679,0.84607,0.811418,0.839995,0.867586,0.991553,0.824029,0,0.0000000412152,0.00000000531578,4.92447E-11,0.0000000248688,0.0000000248688,0.0000000248688,15.517216,1.249418,0.00000807172
bcsstm13,21943,2003,2003,1,r,1,0,10.955067,1,70,21166,777,96.459,19430,2513,88.548,7705,14238,35.114,20.752865,24.143167,26.253248,25.564159,22.614368,22.610687,24.294304,0.859575,0.790488,0.811795,0.917685,0.917834,0.854228,0,0.0000000424787,5.88844E-10,1.214E-10,0.000000027844,0.000000027844,0.000000027844,12.701216,1.633927,0.00000499572
small,3207,677,1400,0,r,1,0,4.737075,1,19,1453,1754,45.307,2737,470,85.345,2193,1014,68.382,4.623648,5.101728,6.432192,5.419872,4.983744,4.889376,5.34448,0.906291,0.718829,0.853092,0.927746,0.945652,0.865126,0,0.0000000429851,4.93162E-11,1.40534E-10,0.0000000420264,0.0000000420264,0.0000000420264,3.3664,1.37347,0.00000657686
Goodwin_013,56069,1965,1965,0,r,1,0,28.533842,1,62,55860,209,99.627,16219,39850,28.927,209,55860,0.373,42.925598,48.753567,50.346111,48.329311,43.519104,43.322849,44.278561,0.880461,0.85261,0.88819,0.986362,0.99083,0.969444,0,0.0000000396666,0.0000000342987,4.31399E-10,0.0000000199259,0.0000000199259,0.0000000199259,23.987648,1.789488,0.00000719373
extr1b_A_30,9053,2836,2836,0,r,1,0,3.192172,1,10,3513,5540,38.805,8564,489,94.598,8397,656,92.754,7.241568,8.42224,10.769856,8.556896,8.274624,8.001088,9.009728,0.859815,0.672392,0.846284,0.875154,0.905073,0.80375,0,0.0000000391574,2.04894E-12,5.82878E-11,0.00000000598378,0.00000000598378,0.00000000598378,6.409536,1.129812,0.000006674
deter0,11173,1923,5468,0,r,1,0,5.810192,2,30,3894,7279,34.852,0,11173,0,0,11173,0,10.86464,13.11408,13.057376,11.324704,10.98768,10.914944,11.228128,0.828471,0.832069,0.959375,0.988802,0.995391,0.967627,0,0.0000000358971,0.0000000240938,0,0,0,0,8.255392,1.316066,0.00000776607
TS,45262,2142,2142,0,r,1,0,21.130719,1,23,2646,42616,5.846,2058,43204,4.547,182,45080,0.402,42.514526,46.091263,51.66835,51.621025,43.034782,42.87907,44.002335,0.922399,0.822835,0.823589,0.987911,0.991498,0.966188,0,0.0000000550942,3.32025E-10,2.62878E-10,8.31082E-11,8.31082E-11,8.31082E-11,23.038143,1.845397,0.00000976217
bcsstm12,19659,1473,1473,1,r,1,0,13.346232,2,22,19391,268,98.637,9440,10219,48.019,838,18821,4.263,16.43248,19.366783,20.837408,17.527296,16.5408,16.495745,17.157473,0.848488,0.788605,0.937537,0.993451,0.996165,0.957745,0,0.0000000423953,0.00000000510294,2.82555E-10,2.05841E-10,2.05841E-10,2.05841E-10,10.203264,1.610512,0.00000765761
extr1b_A_10,9053,2836,2836,0,r,1,0,3.192172,1,10,3507,5546,38.739,8564,489,94.598,8397,656,92.754,7.174112,8.402304,9.755872,8.545632,8.274304,8.006368,9.005408,0.853827,0.735363,0.839506,0.867035,0.896051,0.796645,0,0.0000000456114,2.10189E-12,6.19277E-11,0.0000000107528,0.0000000107528,0.0000000107528,6.229792,1.151581,0.00000893415
lp_cycle,21234,1903,3371,0,r,1,13,11.158171,0,64,6348,14886,29.895,14751,6483,69.469,13666,7568,64.359,19.319328,22.068993,23.087648,23.261921,21.096704,21.074144,22.514208,0.875406,0.836782,0.830513,0.915751,0.916731,0.858095,0,0.0000000390539,9.54994E-11,4.07435E-10,0.00000000205494,0.00000000205494,0.00000000205494,11.792704,1.638244,0.00000805965
c-19,21817,2327,2327,1,r,1,0,9.375591,2,362,7748,14069,35.514,12793,9024,58.638,5442,16375,24.944,22.293568,25.269793,27.34016,26.977823,23.403328,23.382113,24.222528,0.882222,0.815415,0.826366,0.952581,0.953445,0.920365,0,0.0000000308213,7.27071E-11,1.44042E-10,0.00000000330778,0.00000000330778,0.00000000330778,13.6048,1.638655,0.00000707856
Binaryalphadigs_10NN,19392,1404,1404,1,r,1,0,13.811966,10,31,19304,88,99.546,0,19392,0,0,19392,0,14.841696,16.643776,17.615265,15.324544,14.929472,14.734656,15.06464,0.891726,0.842547,0.968492,0.994121,1.007264,0.985201,0,0.0000000330417,0.0000000229704,0,0,0,0,9.534144,1.556689,0.00000848562
lhr02,37206,2954,2954,0,r,1,0,12.595125,1,43,32251,4955,86.682,25173,12033,67.658,17228,19978,46.304,29.652384,34.374722,36.341152,36.000256,30.238049,30.136576,33.304031,0.862622,0.815945,0.823671,0.980632,0.983933,0.890354,0,0.0000000349913,0.0000000260974,3.03958E-10,0.0000000109421,0.0000000109421,0.0000000109421,17.074753,1.736622,0.00000751827
adder_dcop_47,11246,1813,1813,0,r,1,0,6.202978,1,1310,11228,18,99.84,7859,3387,69.883,3314,7932,29.468,19.381311,22.953279,23.429377,23.175903,22.37904,19.650433,23.586945,0.844381,0.827223,0.83627,0.866047,0.986305,0.821697,0,0.000000023162,0.00000000263733,6.10655E-12,0.0000000192272,0.0000000192272,0.0000000192272,15.518944,1.248881,0.00000798313
spaceShuttleEntry_4,39669,2450,2450,1,r,1,0,16.191429,2,2272,25353,14316,63.911,18239,21430,45.978,1558,38111,3.928,48.697441,53.134464,60.065632,60.113567,49.307362,49.142559,50.377186,0.916494,0.810737,0.810091,0.98763,0.990942,0.966657,0,0.0000000429671,0.00000000236973,3.31741E-10,2.27118E-10,2.27118E-10,2.27118E-10,26.192032,1.859246,0.00000983232
S40PI_n1_E,2028,2028,2028,1,r,1,0,1,1,1,2028,0,100,1205,823,59.418,2028,0,100,3.227456,3.281088,3.7984,3.801216,3.307968,3.28064,3.31808,0.983654,0.849688,0.849059,0.975661,0.983789,0.972688,0,0.0000000260941,0.0000000260941,1.81314E-10,0.0000000260941,0.0000000260941,0.0000000260941,3.718016,0.868059,0.00000220905
ex4,32299,1601,1601,1,r,1,0,20.174266,7,37,32299,0,100,5520,26779,17.09,0,32299,0,33.08707,36.134274,37.383968,39.457279,33.347328,33.231457,33.887135,0.91567,0.88506,0.838554,0.992196,0.995655,0.97639,0,0.0000000436421,0.0000000436421,5.27385E-10,0,0,0,18.108192,1.827188,0.00000841748
sherman1,3750,1000,1000,1,r,1,0,3.75,1,7,2753,997,73.413,1325,2425,35.333,733,3017,19.547,3.995968,4.623104,4.89024,4.687296,4.117792,3.964384,4.863872,0.864347,0.817131,0.85251,0.970415,1.007967,0.821561,0,0.0000000427586,0.00000000535916,1.68033E-10,0.0000000101587,0.0000000101587,0.0000000101587,4.066048,0.982765,0.00000648944
QRpivot_b,391,660,1,0,r,1,269,0.592424,0,1,279,112,71.355,231,160,59.079,391,0,100,2.269728,2.294656,3.730816,2.679424,2.306656,2.279328,2.3424,0.989136,0.608373,0.847095,0.983991,0.995788,0.968975,0,0.0000000409558,6.96977E-10,4.10709E-10,0.0000000409558,0.0000000409558,0.0000000409558,2.253728,1.007099,0.00000418905
Maragal_4,26719,1964,1034,0,r,1,0,13.604379,1,586,22802,3917,85.34,9875,16844,36.959,14,26705,0.052,22.185568,26.51696,28.1112,25.256256,22.693504,22.214369,23.202112,0.836656,0.789207,0.878419,0.977618,0.998703,0.956187,0,0.000000037616,0.000000018956,6.66818E-10,0.00000000117841,0.00000000117841,0.00000000117841,13.887008,1.597577,0.00000737537
bcsstk11,34241,1473,1473,1,r,1,0,23.245757,2,33,5308,28933,15.502,12124,22117,35.408,0,34241,0,30.026527,32.508129,37.074081,36.702881,30.202848,30.110271,30.808865,0.923662,0.809906,0.818097,0.994162,0.997219,0.974607,0,0.0000000445508,1.28509E-14,1.10154E-10,0,0,0,16.058624,1.869807,0.00000831132
extr1b_A_12,9053,2836,2836,0,r,1,0,3.192172,1,10,3507,5546,38.739,8564,489,94.598,8397,656,92.754,7.25088,8.405728,9.794688,8.572704,8.282304,7.965504,9.0648,0.862612,0.740287,0.84581,0.875467,0.910285,0.799894,0,0.0000000467442,2.23132E-12,6.71568E-11,0.00000000366995,0.00000000366995,0.00000000366995,6.24416,1.161226,0.00000580221
dataset18mfeatmorphological_10NN,22832,2000,2000,1,r,1,0,11.416,10,18,22602,230,98.993,5740,17092,25.14,0,22832,0,18.666689,20.114847,22.581888,23.085823,18.532736,18.454559,19.055616,0.928006,0.826622,0.808578,1.007228,1.011495,0.97959,0,0.0000000391786,0.0000000387879,8.64686E-10,0,0,0,10.889792,1.714146,0.00000793546
adder_dcop_57,11246,1813,1813,0,r,1,0,6.202978,1,1310,11228,18,99.84,7869,3377,69.972,3318,7928,29.504,19.383776,22.961887,24.217152,23.174976,22.402945,19.662785,23.615969,0.844172,0.800415,0.83641,0.865233,0.98581,0.820791,0,0.0000000351764,0.00000001424,6.06043E-12,0.0000000325577,0.0000000325577,0.0000000325577,15.519104,1.249027,0.00000380138
scagr7-2c_A_3,9005,2447,3479,0,r,1,0,3.680016,1,10,2183,6822,24.242,0,9005,0,1,9004,0.011,6.815008,8.256736,10.236192,6.924896,6.85072,6.840384,6.89984,0.825388,0.665776,0.984132,0.994787,0.99629,0.987705,0,0.0000000492236,0.00000000675657,0,1.2795E-10,1.2795E-10,1.2795E-10,5.880224,1.158971,0.00000751308
orani678,90158,2529,2529,0,r,1,0,35.649664,1,1110,85891,4267,95.267,72618,17540,80.545,234,89924,0.26,61.488865,66.205055,68.152351,64.612541,62.305729,61.658176,62.986271,0.928764,0.902227,0.951655,0.986889,0.997254,0.976226,0,0.0000000316773,0.0000000121313,2.74706E-10,0.00000000605404,0.00000000605404,0.00000000605404,30.425695,2.020952,0.00000699228
ex6,49533,1651,1651,0,r,1,0,30.001817,3,62,40754,8779,82.276,27202,22331,54.917,3800,45733,7.672,36.71904,41.121025,44.082752,42.257599,37.236446,37.037502,37.942112,0.892951,0.832957,0.868933,0.986105,0.991402,0.967765,0,0.0000000415145,0.00000000144387,2.75541E-10,9.66079E-11,9.66079E-11,9.66079E-11,19.638111,1.869785,0.00000891633
fs_541_4,4285,541,541,0,r,1,0,7.920518,1,11,2058,2227,48.028,3494,791,81.54,2497,1788,58.273,4.326176,4.875648,4.79008,5.029376,4.736,4.803168,4.88304,0.887303,0.903153,0.860181,0.913466,0.900692,0.88596,0,0.0000000345167,1.86461E-13,4.60729E-11,0.0000000140926,0.0000000140926,0.0000000140926,4.186176,1.033443,0.00000580159
ex10,54840,2410,2410,1,r,1,0,22.755187,6,50,23580,31260,42.998,25600,29240,46.681,12402,42438,22.615,49.607712,54.35408,58.261726,57.924191,50.801121,50.734463,52.012321,0.912677,0.851463,0.856425,0.976508,0.977791,0.953768,0,0.0000000474043,2.06644E-14,1.7188E-10,4.76538E-15,5.66364E-15,8.78387E-16,26.605568,1.864561,0.00000669984
model9,55956,2879,10939,0,r,1,92,19.435915,0,216,20810,35146,37.19,19401,36555,34.672,8309,47647,14.849,59.419807,66.000351,70.367393,66.963165,58.820671,58.576962,61.757378,0.900295,0.844422,0.887351,1.010186,1.014389,0.962149,0,0.0000000403951,4.28142E-10,2.68344E-10,1.54158E-10,1.54158E-10,1.54158E-10,31.32864,1.896661,0.000007172
b_dyn,4264,1089,1089,0,r,1,0,3.915519,1,11,4081,183,95.708,4053,211,95.052,4096,168,96.06,4.330848,4.950816,6.176672,5.284608,5.309536,5.109344,5.076256,0.874775,0.701162,0.819521,0.815674,0.847633,0.853158,0,0.0000000699557,2.20328E-11,1.69429E-11,1.62764E-10,1.62764E-10,1.62764E-10,4.358176,0.993729,0.000000229381
scrs8-2b_A_1,527,140,259,0,r,1,0,3.764286,1,15,139,388,26.376,54,473,10.247,12,515,2.277,2.716256,2.677568,2.855712,2.738784,2.799232,2.711776,2.777568,1.014449,0.951166,0.991774,0.970358,1.001652,0.977926,0,0.0000000322049,0.00000000289243,1.84122E-10,3.3252E-10,3.3252E-10,3.3252E-10,3.470144,0.78275,0.00000751411
ex7,54543,1633,1633,0,r,1,0,33.40049,8,75,30722,23821,56.326,32501,22042,59.588,16352,38191,29.98,35.980385,40.626751,42.704098,41.584866,37.285919,37.159809,38.096447,0.885633,0.842551,0.865228,0.964986,0.968261,0.944455,0,0.0000000357739,2.19196E-14,7.95703E-11,1.11513E-14,1.11513E-14,5.08479E-16,20.074656,1.792329,0.00000818329
lpi_bgindy,66266,2671,10880,0,r,1,0,24.809435,1,1173,30755,35511,46.411,2090,64176,3.154,769,65497,1.16,60.358879,65.436737,65.097374,62.920383,60.91264,60.717567,61.857025,0.922401,0.927209,0.95929,0.990909,0.994093,0.975781,0,0.0000000342744,0.00000000683538,2.90818E-10,5.31313E-10,5.31313E-10,5.31313E-10,34.755966,1.736648,0.0000154385
fs_541_3,4285,541,541,0,r,1,0,7.920518,1,11,1815,2470,42.357,3701,584,86.371,3304,981,77.106,4.318208,4.85248,5.526816,5.18,4.863328,4.85856,4.911168,0.889897,0.781319,0.833631,0.887912,0.888784,0.879263,0,0.0000000480502,3.43472E-14,7.34671E-11,0.0000000234725,0.0000000234725,0.0000000234725,3.27488,1.318585,0.00000441525
g7jac010sc,19635,2880,2880,0,r,1,0,6.817708,2,36,9988,9647,50.868,8053,11582,41.013,2111,17524,10.751,13.501536,15.673856,17.487553,17.073055,13.945408,13.902848,16.15296,0.861405,0.772066,0.79081,0.968171,0.971135,0.835855,0,0.0000000504152,1.87419E-10,1.34274E-10,7.45557E-10,7.45557E-10,7.45557E-10,9.704544,1.391259,0.00000644776
adder_dcop_33,11246,1813,1813,0,r,1,0,6.202978,1,1310,11228,18,99.84,7842,3404,69.731,3275,7971,29.121,19.379105,22.965088,24.484159,22.95376,22.490335,19.691969,23.614689,0.843851,0.791496,0.844267,0.861664,0.984112,0.820638,0,0.0000000233202,0.00000000239106,9.52749E-12,0.0000000217242,0.0000000217242,0.0000000217242,14.628576,1.324743,0.00000437423
dynamicSoaringProblem_2,15588,1591,1591,1,r,1,0,9.797612,2,596,9788,5800,62.792,15569,19,99.878,15586,2,99.987,15.547776,17.10944,19.763968,17.775105,17.127199,17.118528,17.528799,0.908725,0.786673,0.874694,0.907783,0.908243,0.886985,0,0.0000000355467,1.89933E-13,2.49672E-12,0.0000000355467,0.0000000355467,0.0000000355467,9.045408,1.718858,0.000000527148
fs_541_1,4285,541,541,0,r,1,0,7.920518,1,11,3714,571,86.674,3466,819,80.887,2291,1994,53.466,4.335136,4.848032,5.257856,5.071008,4.618944,4.696928,5.039328,0.894205,0.824506,0.854886,0.938556,0.922973,0.860261,0,0.0000000475465,0.00000000334321,2.20422E-10,0.0000000317791,0.0000000317791,0.0000000317791,4.216768,1.028071,0.00000646823
small_A_01,3044,709,1435,0,r,1,0,4.293371,1,20,1201,1843,39.455,2544,500,83.574,1974,1070,64.849,4.702368,5.065792,6.397824,5.49936,5.014976,4.868,5.411008,0.928259,0.734995,0.855075,0.937665,0.965975,0.869037,0,0.0000000413056,4.36559E-11,1.4969E-10,0.000000040599,0.000000040599,0.000000040599,4.371168,1.075769,0.00000670819
hangGlider_2,14754,1647,1647,1,r,1,0,8.958106,2,1463,9219,5535,62.485,7740,7014,52.46,14,14740,0.095,18.135872,21.459105,22.70064,23.103935,19.06032,18.032225,19.357376,0.845136,0.798915,0.784969,0.951499,1.005748,0.936897,0,0.0000000552066,1.32566E-10,7.65375E-11,3.28185E-12,3.28185E-12,3.28185E-12,12.230272,1.482867,0.0000077425
extr1b_A_04,10965,2836,2836,0,r,1,0,3.866361,1,9,3794,7171,34.601,10280,685,93.753,9776,1189,89.156,7.424,8.913952,9.523776,9.484896,8.911936,8.764864,9.99664,0.832852,0.779523,0.782718,0.83304,0.847018,0.742649,0,0.0000000486372,2.24948E-13,1.22647E-11,0.00000000100827,0.00000000100827,0.00000000100827,6.266272,1.184755,0.00000535117
piston_E,96400,2025,2025,0,r,1,405,47.604938,0,60,96400,0,100,44262,52138,45.915,1720,94680,1.784,51.440353,58.007999,59.603424,55.755905,47.262272,46.614239,52.094112,0.88678,0.863044,0.922599,1.088402,1.103533,0.98745,0,0.0000000396407,0.0000000396407,1.6792E-10,5.77761E-11,5.77761E-11,5.77761E-11,26.678656,1.928146,0.00000981507
utm3060,42211,3060,3060,0,r,1,0,13.794444,1,29,42204,7,99.983,21717,20494,51.449,282,41929,0.668,29.375296,33.603294,35.462559,35.242912,29.516895,29.493601,30.661119,0.874179,0.828347,0.833509,0.995203,0.995989,0.958063,0,0.0000000416331,0.0000000416075,4.73319E-10,0.00000000451674,0.00000000451674,0.00000000451674,17.061855,1.721694,0.00000800266
laser,9000,3002,3002,1,r,1,0,2.998001,1,4,6000,3000,66.667,0,9000,0,2,8998,0.022,6.441408,6.87712,7.99424,6.745984,6.378304,6.37088,6.483712,0.936643,0.805756,0.954851,1.009894,1.01107,0.993475,0,0.0000000286387,0.0000000109527,0,2.52079E-11,2.52079E-11,2.52079E-11,5.729696,1.124215,0.00000522593
adder_dcop_12,11246,1813,1813,0,r,1,0,6.202978,1,1310,11228,18,99.84,7148,4098,63.56,2605,8641,23.164,19.401793,22.985023,24.475264,22.79648,22.337343,19.545088,23.547647,0.844106,0.79271,0.851087,0.868581,0.992668,0.823938,0,0.0000000202484,0.00000000840674,4.64566E-11,0.0000000199654,0.0000000199654,0.0000000199654,15.65808,1.239091,0.00000960949
scrs8-2b_A_3,7367,1820,3499,0,r,1,0,4.047802,1,15,2059,5308,27.949,774,6593,10.506,12,7355,0.163,8.774368,9.77552,10.962688,9.80736,8.807872,8.79952,8.928864,0.897586,0.800385,0.894672,0.996196,0.997142,0.982697,0,0.0000000335803,0.00000000219212,2.54329E-10,1.39642E-10,1.39642E-10,1.39642E-10,6.92384,1.267269,0.00000871622
illc1033,4732,1033,320,0,r,1,0,4.580833,3,5,4720,12,99.746,154,4578,3.254,0,4732,0,5.722048,6.090272,7.393376,6.06272,5.72384,5.543072,5.741216,0.939539,0.773942,0.943809,0.999687,1.032288,0.996661,0,0.0000000404811,0.00000004009,1.38669E-10,0,0,0,4.136672,1.383249,0.00000711504
rail_1357,8985,1357,1357,1,r,1,0,6.621223,3,11,8985,0,100,240,8745,2.671,0,8985,0,7.909152,9.346272,9.498784,8.52192,7.980608,7.912608,7.99968,0.846236,0.832649,0.928095,0.991046,0.999563,0.988684,0,0.0000000452671,0.0000000452671,4.2079E-10,0,0,0,6.259744,1.263494,0.00000740662
extr1b_A_24,11404,2836,2836,0,r,1,0,4.021157,1,10,10623,781,93.152,10401,1003,91.205,10257,1147,89.942,12.739168,14.51264,16.239361,15.295936,14.24144,14.207872,15.330912,0.877798,0.784462,0.832847,0.894514,0.896627,0.830947,0,0.0000000245437,5.01984E-11,1.16169E-11,0.00000000522059,0.00000000522059,0.00000000522059,9.41904,1.352491,0.00000709651
lowThrust_2,26261,2312,2312,1,r,1,0,11.358564,2,898,20742,5519,78.984,15546,10715,59.198,2704,23557,10.297,21.591393,23.568256,28.337313,26.95392,21.91136,21.985439,22.496193,0.916122,0.761942,0.801048,0.985397,0.982077,0.95978,0,0.0000000461069,0.00000000700547,3.02867E-10,0.00000000377976,0.00000000377976,0.00000000377976,12.455488,1.733484,0.0000139166
freeFlyingRobot_5,24582,2878,2878,1,r,1,0,8.541348,1,577,11086,13496,45.098,23725,857,96.514,23287,1295,94.732,26.684896,29.887873,33.678753,31.757343,28.94912,28.916416,30.514112,0.892834,0.792336,0.840275,0.921786,0.922829,0.87451,0,0.0000000204954,3.30176E-14,1.82565E-11,0.00000000950052,0.00000000950052,0.00000000950052,16.242369,1.642919,0.00000530348
model8,25277,2896,6464,0,r,1,0,8.728246,2,58,16224,9053,64.185,6768,18509,26.775,2940,22337,11.631,27.666719,31.272545,34.723518,31.143999,28.09696,28.080065,29.040447,0.884697,0.796772,0.888348,0.984687,0.98528,0.952696,0,0.0000000305458,0.0000000181384,6.74799E-10,0.00000000525827,0.00000000525827,0.00000000525827,16.242369,1.703367,0.00000787102
lnsp_511,2796,511,511,0,r,1,0,5.471624,1,11,1903,893,68.062,2586,210,92.489,2536,260,90.701,4.307104,4.946624,4.99936,5.218592,4.828704,4.806752,5.29184,0.870716,0.861531,0.825338,0.891979,0.896053,0.813914,0,0.0000000548221,4.8434E-18,5.97902E-11,7.54227E-11,7.54227E-11,7.54227E-11,4.80512,0.896357,0.0000078688
lp_modszk1,3168,687,1620,0,r,1,1,4.611354,0,21,646,2522,20.391,318,2850,10.038,1,3167,0.032,4.757632,5.174304,6.107968,5.30496,4.787008,4.793216,4.805152,0.919473,0.778922,0.896827,0.993863,0.992576,0.990111,0,0.0000000306096,0.00000000814454,6.01057E-10,7.89776E-11,7.89776E-11,7.89776E-11,3.358848,1.416447,0.00000708399
adder_dcop_11,11243,1813,1813,0,r,1,0,6.201324,1,1310,11225,18,99.84,7068,4175,62.866,2558,8685,22.752,19.424864,22.994144,23.441313,23.09392,22.385792,19.590528,23.549152,0.844774,0.828659,0.841125,0.867732,0.991544,0.824865,0,0.0000000215662,0.00000000422404,4.12638E-11,0.0000000202193,0.0000000202193,0.0000000202193,15.554432,1.248831,0.0000183137
adder_dcop_55,11246,1813,1813,0,r,1,0,6.202978,1,1310,11228,18,99.84,7861,3385,69.9,3299,7947,29.335,19.400225,22.942272,24.201569,23.168863,22.46176,19.66032,23.60512,0.84561,0.80161,0.83734,0.8637,0.986771,0.821865,0,0.0000000315719,0.00000000294325,8.17542E-12,0.0000000278102,0.0000000278102,0.0000000278102,14.64848,1.324385,0.00000597371
adder_dcop_09,11239,1813,1813,0,r,1,0,6.199117,1,1310,11209,30,99.733,8552,2687,76.092,4636,6603,41.249,19.388544,22.948448,24.2616,23.504225,22.637377,19.796864,23.786016,0.844874,0.799145,0.824896,0.856484,0.979375,0.815124,0,0.0000000476878,5.85984E-10,4.03865E-11,0.00000000530528,0.00000000530528,0.00000000530528,15.534688,1.248081,0.00000973867
lp_greenbea,31070,2392,5598,0,r,1,3,12.98913,0,275,14015,17055,45.108,5119,25951,16.476,738,30332,2.375,24.93104,28.876991,31.700224,27.854561,25.268896,25.101824,25.981983,0.863353,0.786463,0.895043,0.98663,0.993196,0.959551,0,0.0000000326781,0.00000000841997,4.44256E-10,0.00000000105948,0.00000000105948,0.00000000105948,14.564576,1.711759,0.0000154984
extr1b_A_15,9052,2836,2836,0,r,1,0,3.191819,1,10,3508,5544,38.754,8563,489,94.598,8396,656,92.753,7.245472,8.381536,10.864512,8.573056,8.296192,8.00304,9.019872,0.864456,0.666893,0.845145,0.873349,0.90534,0.803279,0,0.0000000396109,2.15415E-12,5.61908E-11,0.00000000244107,0.00000000244107,0.00000000244107,5.387552,1.344854,0.00000798868
small_A_15,3207,687,1410,0,r,1,0,4.668122,1,19,1415,1792,44.122,2736,471,85.313,2193,1014,68.382,4.713568,5.203328,6.855904,5.520384,5.017376,4.887648,5.36992,0.905876,0.68752,0.853848,0.939449,0.964384,0.877773,0,0.0000000383207,5.0276E-11,1.50679E-10,0.0000000358646,0.0000000358646,0.0000000358646,4.363264,1.080285,0.00000586622
init_adder1,11156,1813,1813,0,r,1,0,6.153337,1,1310,11138,18,99.839,10681,475,95.742,9167,1989,82.171,19.426016,22.996033,24.348288,23.596319,22.917791,20.139168,23.1064,0.844755,0.797839,0.823265,0.847639,0.964589,0.84072,0,0.0000000305085,1.66258E-10,6.05302E-11,0.0000000300689,0.0000000300689,0.0000000300689,15.564544,1.248094,0.0000141689
b2_ss,4228,1089,1089,0,r,1,0,3.882461,1,11,1574,2654,37.228,3867,361,91.462,3784,444,89.499,4.312768,4.972416,6.180736,5.318432,4.926336,4.844736,5.36944,0.867339,0.697776,0.81091,0.875451,0.890197,0.803206,0,0.0000000357566,6.80993E-13,1.29589E-10,0.00000000640388,0.00000000640388,0.00000000640388,4.680032,0.921525,0.00000676271
adder_dcop_16,11246,1813,1813,0,r,1,0,6.202978,1,1310,11228,18,99.84,7659,3587,68.104,3215,8031,28.588,19.388767,22.918976,24.503551,22.84832,22.461887,19.633568,23.628096,0.84597,0.791264,0.848586,0.863185,0.987532,0.820581,0,0.0000000330361,0.00000000329595,2.35741E-11,0.0000000283003,0.0000000283003,0.0000000283003,14.64864,1.323588,0.000013621
ex33,22189,1733,1733,1,r,1,0,12.803808,4,18,8412,13777,37.911,9362,12827,42.192,5251,16938,23.665,18.465343,21.477535,20.685408,20.115904,18.533537,18.55504,21.18992,0.859752,0.892675,0.917947,0.996321,0.995166,0.871421,0,0.0000000500051,1.51356E-14,2.56942E-11,5.90565E-17,5.90565E-17,5.90565E-17,11.125376,1.65975,0.00000774915
Sieber,14873,2290,2290,0,r,1,0,6.49476,4,2289,6752,8121,45.398,11290,3583,75.909,7159,7714,48.134,28.714144,34.187424,36.623104,35.675968,29.507488,30.420992,33.683842,0.839904,0.784045,0.80486,0.973114,0.943892,0.85246,0,0.0000000400583,7.83443E-14,2.30555E-10,2.43501E-10,2.43501E-10,2.43501E-10,22.817312,1.258437,0.00000615315
ex24,48737,2283,2283,0,r,1,0,21.347788,9,46,38312,10425,78.61,15762,32975,32.341,0,48737,0,46.462593,50.998142,56.484512,55.98608,46.787106,46.600319,47.717121,0.911064,0.822572,0.829895,0.993064,0.997045,0.973709,0,0.0000000421192,0.00000000376368,3.83931E-10,0,0,0,25.28256,1.837733,0.00000877712
semeion_10NN,22226,1593,1593,1,r,1,0,13.952291,10,35,22226,0,100,0,22226,0,0,22226,0,16.597055,18.903904,19.538176,17.149088,16.589888,16.530239,16.951967,0.87797,0.849468,0.96781,1.000432,1.004042,0.979064,0,0.0000000436656,0.0000000436656,0,0,0,0,10.445536,1.588914,0.00000854298
adder_dcop_21,11246,1813,1813,0,r,1,0,6.202978,1,1310,11228,18,99.84,7745,3501,68.869,3165,8081,28.143,19.381184,22.951263,23.445984,23.178848,22.461857,19.66272,23.574207,0.84445,0.826631,0.836158,0.862849,0.985682,0.822135,0,0.0000000288112,0.00000000597142,1.10956E-11,0.000000026895,0.000000026895,0.000000026895,15.49136,1.251096,0.00000352113
bayer08,27576,3008,3008,0,r,1,0,9.167553,1,73,26150,1426,94.829,27548,28,99.898,27576,0,100,28.457344,31.670752,34.932735,32.787106,31.662687,31.676704,32.452736,0.898537,0.814633,0.867943,0.898766,0.898368,0.876886,0,0.0000000725316,1.03214E-15,1.27286E-12,0.0000000725316,0.0000000725316,0.0000000725316,16.636255,1.710562,0.00000302999
scagr7-2c,9005,2447,3479,0,r,1,0,3.680016,1,10,2183,6822,24.242,0,9005,0,1,9004,0.011,6.817824,8.260992,11.137152,6.932224,6.850816,6.83808,6.90352,0.825303,0.612169,0.983497,0.995184,0.997038,0.987587,0,0.0000000434797,0.00000000575377,0,4.21842E-12,4.21842E-12,4.21842E-12,5.837792,1.167877,0.00000806501
cep1,8233,1521,4769,0,r,1,0,5.412886,2,6,2812,5421,34.155,220,8013,2.672,5,8228,0.061,7.375584,7.925056,9.57504,8.507456,7.37008,7.370592,7.475552,0.930667,0.770293,0.866955,1.000747,1.000677,0.986627,0,0.0000000329694,0.0000000229065,3.74639E-10,1.62891E-10,1.62891E-10,1.62891E-10,6.178816,1.193689,0.00000726018
adder_dcop_39,11246,1813,1813,0,r,1,0,6.202978,1,1310,11228,18,99.84,7848,3398,69.785,3284,7962,29.201,19.386593,22.923552,24.492928,23.166176,22.40848,19.656897,23.605312,0.845706,0.791518,0.836849,0.865145,0.986249,0.821281,0,0.0000000220421,0.00000000175383,8.95642E-12,0.0000000214629,0.0000000214629,0.0000000214629,14.65584,1.32279,0.00000411685
plddb_A_10,10832,3069,5049,0,r,1,0,3.529488,1,9,2475,8357,22.849,2475,8357,22.849,1107,9725,10.22,7.89376,9.824192,10.97328,10.9384,7.868544,7.818464,9.531968,0.803502,0.719362,0.721656,1.003205,1.009631,0.828135,0,0.0000000400459,9.84599E-11,9.84599E-11,3.23379E-10,3.23379E-10,3.23379E-10,6.772832,1.165504,0.00000670578
LeGresley_2508,16727,2508,2508,0,r,1,0,6.669458,1,28,1748,14979,10.45,12779,3948,76.397,6265,10462,37.454,12.50048,14.815872,14.870336,15.702432,13.070688,13.051968,15.494848,0.843722,0.840632,0.796086,0.956375,0.957747,0.806751,0,0.0000000453949,1.3182E-12,9.30861E-11,1.07089E-10,1.07089E-10,1.07089E-10,9.179072,1.361846,0.00000341514
nasa1824,39208,1824,1824,1,r,1,0,21.495614,6,42,6116,33092,15.599,26651,12557,67.973,16464,22744,41.991,36.98333,40.28368,44.26989,43.711937,38.565502,38.413406,39.234688,0.918072,0.835406,0.846069,0.958974,0.962771,0.942618,0,0.0000000368791,1.73018E-14,2.22331E-10,1.52915E-10,1.52915E-10,1.52915E-10,20.2568,1.825724,0.0000100301
extr1b_A_16,9052,2836,2836,0,r,1,0,3.191819,1,10,3508,5544,38.754,8563,489,94.598,8396,656,92.753,7.215008,8.40944,10.616448,8.578336,8.293312,7.996032,9.020544,0.857965,0.679607,0.841073,0.869979,0.902323,0.799842,0,0.0000000458956,2.27263E-12,5.93886E-11,0.0000000033091,0.0000000033091,0.0000000033091,6.22416,1.159194,0.00000700898
bp_1200,4726,822,822,0,r,1,0,5.749392,1,311,1850,2876,39.145,1447,3279,30.618,596,4130,12.611,6.200864,7.6736,8.058016,7.939584,6.87568,6.44624,6.944576,0.808078,0.769527,0.781006,0.901855,0.961935,0.892908,0,0.000000038078,4.74625E-10,2.05723E-10,3.39827E-10,3.39827E-10,3.39827E-10,5.349024,1.159251,0.00000732908
extr1b_A_26,11405,2836,2836,0,r,1,0,4.021509,1,10,10895,510,95.528,10449,956,91.618,10528,877,92.31,12.719584,14.532256,15.354816,15.170368,14.49184,14.458528,15.116512,0.875266,0.828378,0.838449,0.877707,0.879729,0.841436,0,0.0000000453447,6.88413E-11,5.21029E-12,0.00000000299679,0.00000000299679,0.00000000299679,9.352416,1.360032,0.00000220706
extr1b_A_35,9053,2836,2836,0,r,1,0,3.192172,1,10,3513,5540,38.805,8564,489,94.598,8397,656,92.754,7.162048,8.420096,10.690976,8.536064,8.267232,7.995584,9.037984,0.85059,0.669915,0.839034,0.866318,0.89575,0.792439,0,0.0000000397143,1.87764E-12,6.45953E-11,0.00000000503616,0.00000000503616,0.00000000503616,6.231264,1.149373,0.00000579717
adder_dcop_48,11246,1813,1813,0,r,1,0,6.202978,1,1310,11228,18,99.84,7868,3378,69.963,3314,7932,29.468,19.402657,22.953632,23.447744,23.196159,22.403584,19.67104,23.603392,0.845298,0.827485,0.83646,0.866051,0.986356,0.822028,0,0.0000000268815,0.00000000555886,1.30714E-11,0.000000026455,0.000000026455,0.000000026455,15.507392,1.251188,0.00000343679
scrs8-2b_A_2,1895,476,907,0,r,1,0,3.981092,1,15,523,1372,27.599,198,1697,10.449,12,1883,0.633,3.253632,3.82064,3.323072,3.247648,3.299488,3.271872,3.278272,0.851593,0.979104,1.001843,0.986102,0.994425,0.992484,0,0.0000000339227,0.00000000161858,2.84087E-10,2.45703E-10,2.45703E-10,2.45703E-10,3.709696,0.877062,0.00000707492
extr1b_A_01,10965,2836,2836,0,r,1,0,3.866361,1,9,3746,7219,34.163,10280,685,93.753,9776,1189,89.156,7.428768,8.9216,9.508064,9.504224,8.861632,8.8384,9.94848,0.832672,0.781312,0.781628,0.838307,0.840511,0.746724,0,0.000000040664,2.21401E-13,1.41358E-11,4.54125E-10,4.54125E-10,4.54125E-10,6.28272,1.182413,0.00000420754
g7jac010,19635,2880,2880,0,r,1,0,6.817708,2,36,13798,5837,70.272,17710,1925,90.196,16510,3125,84.085,13.49088,15.686624,18.057312,17.124767,15.412768,15.378784,16.872032,0.860024,0.747115,0.787799,0.875305,0.87724,0.7996,0,0.0000000471409,2.55584E-14,1.69588E-11,0.00000000717609,0.00000000717609,0.00000000717609,9.701024,1.390666,0.00000632621
lp_osa_14,317097,2337,54797,0,r,1,0,135.685494,18,38336,201,316896,0.063,0,317097,0,0,317097,0,200.528992,217.424728,215.639801,215.077606,226.591965,240.111938,226.482147,0.922292,0.929926,0.932356,0.884978,0.835148,0.885407,0,0.0000000323911,2.46131E-10,0,0,0,0,133.161438,1.505909,0.0000385104
extr1b_A_29,11404,2836,2836,0,r,1,0,4.021157,1,10,10894,510,95.528,10448,956,91.617,10527,877,92.31,12.754304,14.499712,15.373248,15.172576,14.507168,14.47456,15.107936,0.879625,0.829643,0.840616,0.879173,0.881153,0.844212,0,0.0000000273064,7.04153E-11,5.3321E-12,0.00000000226922,0.00000000226922,0.00000000226922,9.37744,1.360105,0.0000116623
adder_dcop_14,11246,1813,1813,0,r,1,0,6.202978,1,1310,11228,18,99.84,7465,3781,66.379,2965,8281,26.365,19.403233,22.969343,24.271616,23.121441,22.439615,19.616512,23.599104,0.844745,0.799421,0.839188,0.864687,0.989128,0.822202,0,0.0000000309013,0.0000000097235,3.50655E-11,0.0000000243493,0.0000000243493,0.0000000243493,15.504736,1.251439,0.00000379891
plddb_A_12,10837,3069,5049,0,r,1,0,3.531118,1,9,2475,8362,22.838,2475,8362,22.838,1107,9730,10.215,7.878816,9.775744,11.788192,10.940736,7.877632,7.87056,9.529248,0.805956,0.668365,0.720136,1.00015,1.001049,0.826804,0,0.000000040142,1.09125E-10,1.09125E-10,3.35533E-10,3.35533E-10,3.35533E-10,6.799776,1.158688,0.00000633245
dataset20mfeatpixel_10NN,27932,2000,2000,1,r,1,0,13.966,10,54,27920,12,99.957,0,27932,0,0,27932,0,20.449505,23.299488,24.869505,21.137695,20.426144,20.344193,20.828608,0.87768,0.822272,0.967443,1.001144,1.005177,0.981799,0,0.0000000435086,0.0000000426411,0,0,0,0,12.515584,1.633923,0.00000847352
photogrammetry,11816,1388,390,0,r,1,0,8.512968,4,9,11816,0,100,2116,9700,17.908,0,11816,0,13.557024,14.557824,15.664704,16.155712,13.43008,13.432864,13.758176,0.931253,0.86545,0.839147,1.009452,1.009243,0.985379,0,0.0000000457008,0.0000000457008,6.82582E-10,0,0,0,8.838976,1.533778,0.00000813632
model3,23974,1609,4578,0,r,1,0,14.899938,1,214,9163,14811,38.221,17841,6133,74.418,15530,8444,64.779,17.462175,20.271263,21.00544,20.581728,19.677313,19.606688,20.052383,0.861425,0.831317,0.848431,0.887427,0.890623,0.870828,0,0.0000000367952,4.71282E-11,1.60335E-10,1.30692E-10,1.30692E-10,1.30692E-10,10.700768,1.631862,0.0000110784
slptsk,72465,2861,3347,0,r,1,0,25.328556,3,61,6122,66343,8.448,3120,69345,4.306,0,72465,0,57.501953,63.080418,68.807678,67.300606,57.85117,57.611458,59.038975,0.911566,0.835691,0.854405,0.993964,0.998099,0.973966,0,0.0000000433441,0.00000000145556,4.28489E-10,0,0,0,30.980543,1.856067,0.00000812427
adder_dcop_42,11246,1813,1813,0,r,1,0,6.202978,1,1310,11228,18,99.84,7853,3393,69.829,3304,7942,29.379,19.404192,22.987841,23.455904,23.19104,22.401377,19.66464,23.596416,0.844107,0.827263,0.836711,0.866205,0.986755,0.822336,0,0.0000000214962,0.00000000374549,4.43872E-12,0.0000000211129,0.0000000211129,0.0000000211129,15.559168,1.247123,0.0000113288
ex28,77781,2603,2603,0,r,1,0,29.881291,9,62,68402,9379,87.942,33624,44157,43.229,26,77755,0.033,56.904415,63.502655,67.861763,65.18557,57.453121,57.310658,58.305248,0.896095,0.838534,0.87296,0.990449,0.992912,0.975974,0,0.0000000479215,0.00000000574133,4.50098E-10,8.43951E-12,8.4395E-12,8.4395E-12,30.407455,1.871397,0.00000821452
cavity14,76367,2597,2597,0,r,1,0,29.405853,8,62,66373,9994,86.913,30530,45837,39.978,11095,65272,14.529,55.915169,63.212383,67.364418,64.096092,56.889439,56.899487,59.999008,0.88456,0.83004,0.872365,0.982874,0.982701,0.931935,0,0.0000000430306,0.00000000725835,3.88102E-10,2.27113E-10,2.27113E-10,2.27113E-10,30.386976,1.840103,0.0000086184
cdde1,4681,961,961,0,r,1,0,4.870968,3,5,1860,2821,39.735,0,4681,0,0,4681,0,5.466432,5.852768,6.49056,5.51936,5.464032,5.365536,5.466592,0.933991,0.842213,0.99041,1.000439,1.018804,0.999971,0,0.0000000377699,0.000000011368,0,0,0,0,4.7656,1.147061,0.00000706016
extr1b_A_31,11405,2836,2836,0,r,1,0,4.021509,1,10,10746,659,94.222,10382,1023,91.03,10244,1161,89.82,12.757888,14.535904,16.355871,15.22304,14.67696,14.640384,15.305216,0.877681,0.780019,0.838064,0.869246,0.871418,0.833565,0,0.0000000199339,7.75267E-11,5.09252E-12,0.00000000166193,0.00000000166193,0.00000000166193,9.38512,1.359374,0.00000308196
fxm2-6,12812,1520,2845,0,r,1,0,8.428947,1,57,5176,7636,40.4,9945,2867,77.623,8770,4042,68.451,15.466816,17.3216,18.133696,18.327328,17.014175,17.016001,18.053024,0.892921,0.852932,0.843921,0.909055,0.908957,0.856744,0,0.0000000470321,2.9294E-10,6.87704E-10,0.00000000791321,0.00000000791321,0.00000000791321,9.95232,1.554091,0.0000106839
extr1b_A_27,9053,2836,2836,0,r,1,0,3.192172,1,10,3511,5542,38.783,8581,472,94.786,8416,637,92.964,7.251584,8.430592,9.799904,8.574656,8.238656,7.971744,9.037568,0.860151,0.739965,0.8457,0.88019,0.909661,0.802382,0,0.0000000361585,2.08315E-12,6.06199E-11,0.00000000164211,0.00000000164211,0.00000000164211,6.266112,1.15727,0.0000065063
scrs8-2c_A_1,527,140,259,0,r,1,0,3.764286,1,15,139,388,26.376,54,473,10.247,12,515,2.277,2.656448,2.792352,2.848128,2.737568,2.807168,2.745472,2.764448,0.95133,0.9327,0.970368,0.946309,0.967574,0.960933,0,0.0000000651831,0.00000000108354,2.7341E-10,4.31608E-10,4.31608E-10,4.31608E-10,3.336672,0.796137,0.00000718484
adder_dcop_51,11246,1813,1813,0,r,1,0,6.202978,1,1310,11228,18,99.84,7863,3383,69.918,3311,7935,29.442,19.398336,22.977119,23.934944,23.210785,22.441984,19.678017,23.600321,0.844246,0.810461,0.835747,0.864377,0.985787,0.821952,0,0.0000000180688,0.00000000174033,5.45827E-12,0.0000000157185,0.0000000157185,0.0000000157185,15.52896,1.249172,0.00000491781
ex23,43703,1409,1409,0,r,1,0,31.017033,8,67,16852,26851,38.56,20937,22766,47.907,7484,36219,17.125,32.24416,35.951904,36.509888,35.719746,32.345409,32.259457,33.53936,0.896869,0.883162,0.902698,0.99687,0.999526,0.961383,0,0.0000000468097,3.80764E-13,2.00933E-10,2.61413E-13,2.61468E-13,2.6112E-13,17.7904,1.812447,0.00000846889
small_A_04,3240,711,1435,0,r,1,0,4.556962,2,21,1333,1907,41.142,2689,551,82.994,2005,1235,61.883,4.78032,5.218656,5.48656,5.65136,5.073248,4.966048,5.559936,0.916006,0.871278,0.845871,0.94226,0.962601,0.85978,0,0.0000000329543,3.63726E-11,1.52266E-10,0.0000000310139,0.0000000310139,0.0000000310139,4.453952,1.073276,0.00000644848
reorientation_4,33630,2717,2717,1,r,1,0,12.377622,1,2552,25778,7852,76.652,33337,293,99.129,33630,0,100,30.752577,37.330593,39.004513,38.550976,36.904545,36.703999,37.432865,0.82379,0.788436,0.797712,0.833301,0.837854,0.821539,0,0.00000000742512,4.50734E-15,6.60835E-13,0.00000000742512,0.00000000742512,0.00000000742512,18.925823,1.6249,0.00000322664
bayer06,27576,3008,3008,0,r,1,0,9.167553,1,73,26930,646,97.657,27548,28,99.898,27576,0,100,28.461952,31.631968,33.712097,32.795681,31.700895,31.712481,32.478241,0.899784,0.844265,0.867857,0.897828,0.8975,0.876339,0,0.0000000246956,5.04298E-16,8.07435E-13,0.0000000246956,0.0000000246956,0.0000000246956,16.722015,1.702065,0.00000569936
adder_dcop_45,11246,1813,1813,0,r,1,0,6.202978,1,1310,11228,18,99.84,7856,3390,69.856,3305,7941,29.388,19.382977,22.995935,23.457216,22.984768,22.495617,19.659136,23.604193,0.842887,0.826312,0.843297,0.861633,0.985953,0.821167,0,0.0000000244866,0.00000000223942,3.80293E-12,0.0000000216802,0.0000000216802,0.0000000216802,15.50368,1.250218,0.00000341586
extr1b_A_32,9053,2836,2836,0,r,1,0,3.192172,1,10,3511,5542,38.783,8564,489,94.598,8398,655,92.765,7.249056,8.430272,10.391552,8.589632,8.289408,7.984576,9.07232,0.859884,0.697591,0.843931,0.874496,0.907882,0.79903,0,0.0000000399174,2.06408E-12,5.99019E-11,0.00000000335558,0.00000000335558,0.00000000335558,6.350432,1.141506,0.00000747019
plsk1919,4831,1919,1919,0,r,1,675,2.517457,0,6,4831,0,100,952,3879,19.706,0,4831,0,4.902944,5.35536,6.249024,5.205568,4.344928,4.327936,4.923552,0.915521,0.784594,0.941865,1.128429,1.13286,0.995814,0,0.0000000444046,0.0000000444046,9.94691E-10,0,0,0,4.739872,1.034404,0.00000595522
rail_1357_E,8997,1357,1357,1,r,1,0,6.630066,4,11,8997,0,100,518,8479,5.757,429,8568,4.768,7.865408,9.337376,10.321568,8.490304,8.031936,7.96928,8.492736,0.842357,0.762036,0.926399,0.979267,0.986966,0.926134,0,0.0000000438401,0.0000000438401,3.85819E-10,6.32172E-10,6.32172E-10,6.32172E-10,6.262368,1.25598,0.00000824037
adder_dcop_19,11245,1813,1813,0,r,1,0,6.202427,1,1310,11227,18,99.84,7824,3421,69.578,3228,8017,28.706,19.444992,23.029568,23.467039,23.201216,22.436352,19.694847,23.682304,0.844349,0.828609,0.838102,0.866674,0.987314,0.821077,0,0.0000000213317,0.00000000154758,1.9247E-11,0.0000000194823,0.0000000194823,0.0000000194823,15.54544,1.250849,0.00000379988
piston_M,3856,2025,2025,1,r,1,1539,1.904198,0,9,3856,0,100,366,3490,9.492,136,3720,3.527,4.818176,6.337184,6.359968,5.389056,3.59344,3.510752,5.252736,0.760302,0.757579,0.894067,1.340825,1.372406,0.91727,0,0.0000000452494,0.0000000452494,4.9991E-10,2.2927E-10,2.2927E-10,2.2927E-10,4.526592,1.064416,0.0000081963
dynamicSoaringProblem_3,32022,2871,2871,1,r,1,0,11.153605,2,1076,18787,13235,58.669,30813,1209,96.224,26399,5623,82.44,26.409632,29.243809,32.498878,31.254816,28.428576,28.48336,30.175936,0.903085,0.812632,0.844978,0.928982,0.927195,0.875188,0,0.0000000438423,6.92199E-13,6.68885E-12,8.92583E-12,8.92583E-12,8.92583E-12,15.784896,1.673095,0.00000589139
bp_0,3276,822,822,0,r,1,0,3.985401,1,266,850,2426,25.946,594,2682,18.132,539,2737,16.453,7.313248,8.99776,8.576064,8.405856,8.768544,7.602944,8.528064,0.812785,0.852751,0.870018,0.834032,0.961897,0.857551,0,0.0000000312031,6.63982E-10,3.68655E-10,8.04092E-10,8.04092E-10,8.04092E-10,6.787104,1.077521,0.00000612364
adder_trans_02,14579,1814,1814,0,r,1,0,8.036935,1,1335,14559,20,99.863,2722,11857,18.671,273,14306,1.873,22.78096,25.751488,27.252705,26.399584,24.196159,22.815489,25.059711,0.884646,0.835916,0.862929,0.941511,0.998487,0.909067,0,0.0000000282356,0.00000000986795,1.06976E-10,0.0000000145006,0.0000000145006,0.0000000145006,15.365664,1.482589,0.00000662912
M40PI_n1,5007,2028,2028,0,r,1,1,2.468935,0,8,963,4044,19.233,936,4071,18.694,30,4977,0.599,5.184576,5.371104,6.952832,6.333216,5.274336,5.191904,5.394336,0.965272,0.745678,0.818632,0.982982,0.998589,0.961115,0,0.0000000264332,0.00000000294594,6.15806E-11,0.00000000263732,0.00000000263732,0.00000000263732,4.968064,1.043581,0.00000572298
extr1b_A_08,9053,2836,2836,0,r,1,0,3.192172,1,10,3507,5546,38.739,8564,489,94.598,8397,656,92.754,7.131584,8.421792,10.706496,8.570048,8.27616,8.022912,9.012672,0.846801,0.666099,0.832152,0.861702,0.888902,0.791284,0,0.0000000483556,2.13141E-12,6.06873E-11,0.00000000942934,0.00000000942934,0.00000000942934,6.314272,1.129439,0.00000730186
dataset16mfeatkarhunen_10NN,27668,2000,2000,1,r,1,0,13.834,10,39,27656,12,99.957,0,27668,0,0,27668,0,20.303871,23.059263,23.837248,21.135391,20.309313,20.186049,20.680479,0.880508,0.851771,0.960657,0.999732,1.005837,0.981789,0,0.0000000428007,0.0000000416335,0,0,0,0,12.583776,1.613496,0.0000082745
dw256A,2480,512,512,0,r,1,0,4.84375,3,7,2408,72,97.097,520,1960,20.968,128,2352,5.161,3.793856,3.874144,5.042016,4.333408,3.838432,3.82144,4.25344,0.979276,0.752448,0.87549,0.988387,0.992782,0.89195,0,0.0000000475651,0.0000000359586,2.73718E-10,0.00000000111136,0.00000000111136,0.00000000111136,3.84816,0.985888,0.00000646049
gams60am,2607,714,1071,0,r,1,0,3.651261,1,120,480,2127,18.412,480,2127,18.412,483,2124,18.527,5.100288,5.747808,6.938176,5.878144,5.797824,5.56928,5.949248,0.887345,0.735105,0.86767,0.87969,0.915789,0.8573,0,0.0000000244664,0.00000000125434,0.00000000125434,0.00000000125766,0.00000000125766,0.00000000125766,4.065824,1.254429,0.00000545193
bcsstm23,3134,3134,3134,1,r,1,0,1,1,1,3,3131,0.096,1398,1736,44.608,3134,0,100,3.795424,4.010944,4.567616,4.808096,4.264352,4.106656,4.265376,0.946267,0.830942,0.789382,0.890035,0.924213,0.889822,0,0.0000000454018,2.28904E-17,2.36637E-10,0.0000000454018,0.0000000454018,0.0000000454018,4.193408,0.905093,0.00000366894
adder_dcop_41,11246,1813,1813,0,r,1,0,6.202978,1,1310,11228,18,99.84,7854,3392,69.838,3301,7945,29.353,19.387648,22.981184,23.487104,23.21376,22.491552,19.672735,23.6056,0.843631,0.825459,0.835179,0.861997,0.985508,0.821316,0,0.0000000368685,0.00000000237877,7.08135E-12,0.0000000363889,0.0000000363889,0.0000000363889,15.528576,1.248514,0.00000303841
adder_dcop_28,11246,1813,1813,0,r,1,0,6.202978,1,1310,11228,18,99.84,7825,3421,69.58,3291,7955,29.264,19.416256,22.96192,23.496063,23.208832,22.49136,19.70624,23.614464,0.845585,0.826362,0.836589,0.863276,0.985285,0.822219,0,0.0000000272296,0.00000000285429,1.93356E-11,0.0000000256568,0.0000000256568,0.0000000256568,15.537472,1.249641,0.00000408197
spaceStation_11,18954,1364,1364,1,r,1,0,13.895894,1,178,12430,6524,65.58,9976,8978,52.633,1190,17764,6.278,15.444544,17.589279,18.743521,17.521984,15.00752,14.978496,16.364767,0.878066,0.823994,0.881438,1.02912,1.031114,0.943768,0,0.0000000439834,9.0708E-10,2.12085E-10,5.49873E-10,5.49873E-10,5.49873E-10,9.0752,1.701841,0.00000728029
bcsstk14,63454,1806,1806,1,r,1,0,35.135105,1,48,6906,56548,10.883,51339,12115,80.907,15790,47664,24.884,40.938526,46.911137,47.058208,48.014751,42.667358,42.425663,43.492161,0.872682,0.869955,0.852624,0.959481,0.964947,0.941285,0,0.0000000422848,2.11077E-14,1.18182E-10,8.33962E-11,8.33962E-11,8.33962E-11,23.153889,1.768106,0.00000907605
bp_800,4534,822,822,0,r,1,0,5.515815,1,304,1673,2861,36.899,1258,3276,27.746,573,3961,12.638,6.25568,7.732032,7.802752,7.376928,7.015168,6.539584,6.929312,0.80906,0.801727,0.848006,0.891736,0.956587,0.902785,0,0.0000000416491,5.64855E-10,2.1657E-10,3.83009E-10,3.83009E-10,3.83009E-10,5.34624,1.170108,0.00000675187
adder_dcop_50,11246,1813,1813,0,r,1,0,6.202978,1,1310,11228,18,99.84,7865,3381,69.936,3306,7940,29.397,19.385887,22.989599,23.455616,23.205984,22.427584,19.676992,23.614847,0.843246,0.826492,0.835383,0.864377,0.985206,0.820919,0,0.0000000277368,0.0000000078694,5.73518E-12,0.0000000266345,0.0000000266345,0.0000000266345,15.544928,1.247088,0.00000640968
model6,27628,2096,5289,0,r,1,2,13.181298,0,274,12610,15018,45.642,7982,19646,28.891,1996,25632,7.225,21.414688,24.733025,26.161377,24.938721,21.825825,21.81568,22.868864,0.865834,0.818561,0.858692,0.981163,0.981619,0.936412,0,0.000000056191,9.33832E-10,2.23333E-10,2.129E-10,2.129E-10,2.129E-10,12.831072,1.668971,0.0000065987
extr1b_A_37,11405,2836,2836,0,r,1,0,4.021509,1,10,10699,706,93.81,10387,1018,91.074,10244,1161,89.82,12.770336,14.498944,16.502848,15.233952,14.686496,14.64416,15.327904,0.880777,0.773826,0.838281,0.869529,0.872043,0.833143,0,0.0000000631102,1.19104E-10,9.95856E-12,0.0000000029284,0.0000000029284,0.0000000029284,8.543936,1.494667,0.0000110003
bcsstk23,45178,3134,3134,1,r,1,0,14.415444,2,31,1824,43354,4.037,41945,3233,92.844,35788,9390,79.216,30.722048,35.118816,34.649506,38.129761,34.081665,34.052673,38.145058,0.874803,0.886652,0.805724,0.901424,0.902192,0.8054,0,0.000000038426,1.74879E-15,8.31364E-11,1.33499E-10,1.33499E-10,1.33499E-10,17.609407,1.744638,0.00000628617
small_A_05,3283,717,1440,0,r,1,0,4.578801,2,21,1351,1932,41.151,2729,554,83.125,2081,1202,63.387,4.799488,5.29136,6.408544,5.605632,5.062272,4.961184,5.4448,0.907042,0.74892,0.85619,0.94809,0.967408,0.881481,0,0.0000000361868,3.95005E-11,1.70367E-10,0.0000000338003,0.0000000338003,0.0000000338003,4.401376,1.090452,0.00000698483
bcsstm26,1922,1922,1922,1,r,1,0,1,1,1,1910,12,99.376,985,937,51.249,1922,0,100,3.15952,3.28832,3.817696,3.796192,3.298656,3.299264,3.292928,0.960831,0.827599,0.832287,0.95782,0.957644,0.959486,0,0.0000000444587,0.0000000402928,2.96339E-10,0.0000000444587,0.0000000444587,0.0000000444587,3.693824,0.855352,0.00000345919
small_A_13,3309,706,1429,0,r,1,0,4.686969,1,19,1448,1861,43.759,2821,488,85.252,2245,1064,67.845,4.78512,5.156384,6.337056,5.662432,5.0352,4.888768,5.485344,0.927999,0.755101,0.845064,0.950334,0.978799,0.872346,0,0.000000044988,4.13414E-11,1.45788E-10,0.000000043695,0.000000043695,0.000000043695,4.838912,0.988883,0.00000686379
small_A_16,3243,683,1406,0,r,1,0,4.74817,1,20,1465,1778,45.174,2773,470,85.507,2226,1017,68.64,4.536736,5.121792,5.868608,5.462784,4.954976,4.884064,5.354592,0.885771,0.773051,0.830481,0.915592,0.928885,0.847261,0,0.0000000352012,5.19258E-11,1.68312E-10,0.0000000344061,0.0000000344061,0.0000000344061,4.40496,1.029915,0.00000714428
extr1b_A_07,11405,2836,2836,0,r,1,0,4.021509,1,10,10756,649,94.31,10381,1024,91.021,10244,1161,89.82,12.77536,14.520992,16.323936,15.231488,14.698464,14.643008,15.336224,0.879786,0.782615,0.838747,0.869163,0.872455,0.833019,0,0.0000000414478,3.53313E-10,2.23745E-11,0.00000000978089,0.00000000978089,0.00000000978089,9.39648,1.35959,0.00000834973
adder_dcop_54,11246,1813,1813,0,r,1,0,6.202978,1,1310,11228,18,99.84,7866,3380,69.945,3310,7936,29.433,19.388063,22.97744,23.482143,23.198591,22.397345,19.662464,23.595264,0.843787,0.825651,0.835743,0.865641,0.986044,0.821693,0,0.000000035838,0.00000000321683,7.95089E-12,0.0000000350076,0.0000000350076,0.0000000350076,15.532384,1.248235,0.00000717955
adder_dcop_40,11246,1813,1813,0,r,1,0,6.202978,1,1310,11228,18,99.84,7855,3391,69.847,3294,7952,29.29,19.401472,22.960032,23.896288,22.985792,22.37616,19.692736,23.620224,0.845011,0.811903,0.844064,0.86706,0.98521,0.821392,0,0.0000000199902,0.00000000207665,6.97319E-12,0.0000000197908,0.0000000197908,0.0000000197908,15.52528,1.24967,0.00000912574
adder_dcop_46,11246,1813,1813,0,r,1,0,6.202978,1,1310,11228,18,99.84,7858,3388,69.874,3305,7941,29.388,19.404928,22.980352,23.45808,23.176512,22.479712,19.655392,23.600033,0.844414,0.827217,0.837267,0.86322,0.987257,0.822242,0,0.0000000198951,0.00000000175052,5.36932E-12,0.0000000197902,0.0000000197902,0.0000000197902,15.526304,1.24981,0.00000380565
adder_dcop_60,11246,1813,1813,0,r,1,0,6.202978,1,1310,11228,18,99.84,7876,3370,70.034,3340,7906,29.699,19.391617,22.990591,23.504992,23.194817,22.468,19.692225,23.587488,0.843459,0.825,0.836032,0.863077,0.984735,0.822115,0,0.000000028248,0.00000000216655,3.50603E-12,0.0000000277363,0.0000000277363,0.0000000277363,15.523648,1.249166,0.000014853
reorientation_3,32166,2513,2513,1,r,1,0,12.799841,1,2360,24157,8009,75.101,32160,6,99.981,32166,0,100,28.722591,35.016129,36.320766,35.708927,34.594433,34.335522,35.032578,0.820267,0.790804,0.804353,0.830266,0.836527,0.819882,0,0.0000000725482,3.6665E-15,7.29829E-13,0.0000000725482,0.0000000725482,0.0000000725482,18.214848,1.576878,0.00000152516
piston,100015,2025,2025,0,r,1,0,49.390123,4,63,1000,99015,1,7600,92415,7.599,3676,96339,3.675,54.913696,61.085888,58.231262,58.315842,56.272961,55.58979,56.241535,0.898959,0.943028,0.94166,0.975845,0.987838,0.97639,0,0.0000000378908,4.05827E-11,3.47659E-10,2.91789E-10,2.91789E-10,2.91789E-10,27.735617,1.979898,0.0000083483
TS_b,140,2142,1,0,r,1,2002,0.065359,0,1,138,2,98.571,6,134,4.286,140,0,100,3.24736,3.292704,4.261568,3.272864,2.2568,2.220992,3.332512,0.986229,0.762011,0.992207,1.438922,1.462121,0.974448,0,0.0000000314318,0.0000000314084,3.72499E-10,0.0000000314318,0.0000000314318,0.0000000314318,3.896768,0.833347,0.00000373464
extr1b_A_17,11404,2836,2836,0,r,1,0,4.021157,1,10,10624,780,93.16,10390,1014,91.108,10257,1147,89.942,12.76448,14.50688,16.478752,15.25152,14.278144,14.199616,15.350816,0.879891,0.774602,0.836932,0.893987,0.898931,0.831518,0,0.0000000267176,1.10252E-10,1.45798E-11,0.00000000880096,0.00000000880096,0.00000000880096,8.549568,1.492997,0.00000557667
adder_dcop_56,11246,1813,1813,0,r,1,0,6.202978,1,1310,11228,18,99.84,7869,3377,69.972,3318,7928,29.504,19.405249,22.957632,24.258177,23.189152,22.470753,19.681185,23.612032,0.845264,0.799947,0.836824,0.863578,0.98598,0.821837,0,0.000000022181,0.00000000207903,5.28053E-12,0.0000000220225,0.0000000220225,0.0000000220225,15.5576,1.247316,0.0000038796
adder_dcop_07,11226,1813,1813,0,r,1,0,6.191947,1,1310,11204,22,99.804,7000,4226,62.355,2566,8660,22.858,19.407904,22.960863,24.494848,23.13184,22.336832,19.618784,23.542561,0.84526,0.792326,0.839013,0.868874,0.989251,0.824375,0,0.0000000199932,0.0000000019594,2.7711E-11,0.0000000108241,0.0000000108241,0.0000000108241,14.67648,1.322381,0.0000196936
scagr7-2c_A_2,2285,623,887,0,r,1,0,3.667737,1,10,551,1734,24.114,0,2285,0,1,2284,0.044,3.24816,3.659616,4.924512,3.268512,3.301856,3.278816,3.280512,0.887569,0.65959,0.993773,0.983738,0.99065,0.990138,0,0.0000000388349,0.00000000431148,0,2.57621E-12,2.57621E-12,2.57621E-12,3.52912,0.920388,0.00000675187
cavity11,76367,2597,2597,0,r,1,0,29.405853,1,62,71125,5242,93.136,35888,40479,46.994,8341,68026,10.922,56.645248,64.519264,68.683136,63.975842,57.875713,57.625408,60.922112,0.877959,0.824733,0.885416,0.97874,0.982991,0.929798,0,0.0000000453705,0.00000000970962,3.60709E-10,0.00000000141668,0.00000000141668,0.00000000141668,31.02928,1.825542,0.00000879292
scrs8-2b,7367,1820,3499,0,r,1,0,4.047802,1,15,2059,5308,27.949,774,6593,10.506,12,7355,0.163,8.796608,9.807008,10.483552,9.76048,8.769024,8.810336,8.92448,0.896972,0.839087,0.901247,1.003146,0.998442,0.985672,0,0.0000000353462,0.00000000187162,2.38296E-10,6.09614E-11,6.09614E-11,6.09614E-11,6.998048,1.257009,0.00000885697
c-18,15145,2169,2169,1,r,1,0,6.98248,2,170,9181,5964,60.621,14813,332,97.808,15007,138,99.089,12.249152,14.223968,15.038816,14.93264,15.11552,15.009152,14.454272,0.861163,0.814502,0.820294,0.810369,0.816112,0.847442,0,0.0000000447454,1.79494E-12,1.20482E-11,0.0000000447454,0.0000000447454,0.0000000447454,9.284192,1.319356,0.00000194403
wang2,19093,2903,2903,0,r,1,0,6.576989,4,7,19061,32,99.832,3908,15185,20.468,0,19093,0,12.14272,13.143008,13.700736,15.199008,11.998144,12.038464,12.428896,0.923892,0.886282,0.798915,1.01205,1.00866,0.976975,0,0.0000000483708,0.000000039256,5.45479E-10,0,0,0,9.145376,1.327744,0.00000744152
plantstexture_10NN,21204,1599,1599,1,r,1,0,13.260788,10,36,21204,0,100,24,21180,0.113,0,21204,0,16.370144,18.418976,19.050753,16.986944,16.323168,16.278976,16.642591,0.888765,0.859291,0.96369,1.002878,1.0056,0.983629,0,0.000000046566,0.000000046566,8.6044E-11,0,0,0,10.24608,1.597698,0.00000806075
reorientation_5,35590,2904,2904,1,r,1,0,12.25551,1,2728,27540,8050,77.381,35263,327,99.081,35590,0,100,32.668159,39.391487,40.578655,40.625278,38.834751,38.632641,39.4464,0.82932,0.805058,0.804134,0.841209,0.84561,0.828166,0,0.0000000384389,3.35917E-14,3.9708E-12,0.0000000384389,0.0000000384389,0.0000000384389,20.517759,1.592189,0.00000229885
freeFlyingRobot_3,12922,1718,1718,1,r,1,0,7.521537,1,345,6005,6917,46.471,12564,358,97.23,12858,64,99.505,11.375744,13.527872,14.56576,14.178304,13.593472,13.609184,13.716064,0.840912,0.780992,0.802335,0.836853,0.835887,0.829374,0,0.0000000339376,1.55154E-14,1.84038E-11,0.0000000336873,0.0000000336873,0.0000000336873,8.183456,1.39009,0.00000591551
extr1b_A_06,10966,2836,2836,0,r,1,0,3.866714,1,9,3791,7175,34.57,10281,685,93.753,9777,1189,89.157,7.420544,8.896128,9.508608,9.502528,8.897984,8.850272,9.956512,0.834132,0.780403,0.780902,0.833958,0.838454,0.745296,0,0.0000000480386,2.18329E-13,1.27224E-11,0.00000000106993,0.00000000106993,0.00000000106993,6.25296,1.186725,0.0000054225
extr1b_A_03,10965,2836,2836,0,r,1,0,3.866361,1,9,3771,7194,34.391,10280,685,93.753,9776,1189,89.156,7.434816,8.929984,10.130752,9.497088,8.904768,8.757888,9.991104,0.832568,0.733886,0.782852,0.834925,0.848928,0.744144,0,0.0000000357115,2.0077E-13,1.39137E-11,0.00000000114227,0.00000000114227,0.00000000114227,6.378624,1.165583,0.00000641645
lp_pilot,44375,1441,4860,0,r,1,0,30.794587,1,264,33741,10634,76.036,23430,20945,52.8,6033,38342,13.595,32.510559,37.121407,39.495201,37.82291,33.329727,33.125824,33.853729,0.87579,0.823152,0.859547,0.975422,0.981426,0.960324,0,0.0000000399738,0.00000000253536,1.60949E-10,2.41116E-10,2.41116E-10,2.41116E-10,18.065088,1.799635,0.0000108743
well1850,8758,1850,712,0,r,1,0,4.734054,3,5,8751,7,99.92,859,7899,9.808,0,8758,0,8.396928,9.2496,9.52192,10.105088,8.415488,8.473056,8.652032,0.907815,0.881852,0.83096,0.997794,0.991015,0.970515,0,0.0000000400846,0.000000039935,4.78933E-10,0,0,0,6.979936,1.203009,0.00000722078
qh882,3354,882,882,0,r,1,0,3.802721,1,12,122,3232,3.637,3240,114,96.601,3330,24,99.284,3.366688,3.845184,4.750112,3.822912,3.897728,3.844672,3.852192,0.87556,0.70876,0.880661,0.863757,0.875676,0.873967,0,0.0000000608416,1.23338E-20,1.5264E-11,0.0000000607175,0.0000000607175,0.0000000607175,3.75488,0.896617,0.00000376828
M20PI_n_E,1063,1182,1182,1,r,1,119,0.899323,0,1,1063,0,100,601,462,56.538,1063,0,100,2.607392,2.774656,2.780416,2.7816,2.78032,2.774752,2.756192,0.939717,0.93777,0.937371,0.937803,0.939685,0.946013,0,0.0000000343087,0.0000000343087,1.87286E-10,0.0000000343087,0.0000000343087,0.0000000343087,3.2296,0.807342,0.00000373695
dwb512,2500,512,512,0,r,1,0,4.882812,3,8,2500,0,100,1092,1408,43.68,536,1964,21.44,3.798112,3.869824,4.773056,4.336864,3.853088,3.824384,4.311744,0.981469,0.79574,0.875774,0.985732,0.99313,0.880876,0,0.0000000406991,0.0000000406991,4.44914E-10,0.0000000176458,0.0000000176458,0.0000000176458,3.780544,1.004647,0.0000072387
adder_dcop_65,11246,1813,1813,0,r,1,0,6.202978,1,1310,11228,18,99.84,7876,3370,70.034,3340,7906,29.699,19.416992,22.967009,23.48608,23.193249,22.455423,19.694784,23.598656,0.84543,0.826745,0.837183,0.864691,0.985895,0.822801,0,0.0000000325149,0.0000000102694,6.88035E-12,0.0000000269695,0.0000000269695,0.0000000269695,15.542912,1.249251,0.0000022431
plddb_A_03,10764,3069,5049,0,r,1,0,3.507331,1,9,2475,8289,22.993,2475,8289,22.993,1107,9657,10.284,7.8808,9.8296,10.975744,10.975968,7.875744,7.850752,9.588704,0.801742,0.71802,0.718005,1.000642,1.003827,0.821884,0,0.0000000420609,9.42992E-11,9.42992E-11,3.19087E-10,3.19087E-10,3.19087E-10,6.750464,1.167446,0.00000632923
plddb_A_01,10762,3069,5049,0,r,1,0,3.50668,1,9,2475,8287,22.998,2475,8287,22.998,1107,9655,10.286,7.87328,9.810816,11.93184,10.942048,7.8688,7.859424,9.524864,0.80251,0.659855,0.719544,1.000569,1.001763,0.826603,0,0.0000000388469,1.05145E-10,1.05145E-10,3.16837E-10,3.16837E-10,3.16837E-10,6.722048,1.171262,0.00000641551
adder_dcop_29,11246,1813,1813,0,r,1,0,6.202978,1,1310,11228,18,99.84,7845,3401,69.758,3275,7971,29.121,19.403233,22.980896,23.465696,23.209633,22.503489,19.684256,23.625536,0.84432,0.826876,0.835999,0.862232,0.985723,0.821282,0,0.0000000261322,0.00000000172009,1.1343E-11,0.0000000216336,0.0000000216336,0.0000000216336,15.518304,1.250345,0.0000026848
adder_dcop_43,11246,1813,1813,0,r,1,0,6.202978,1,1310,11228,18,99.84,7855,3391,69.847,3305,7941,29.388,19.407232,22.982113,24.242785,23.210367,22.484447,19.703392,23.622561,0.844449,0.800536,0.836145,0.86314,0.984969,0.821555,0,0.0000000301789,0.00000000176919,3.73222E-12,0.0000000289558,0.0000000289558,0.0000000289558,15.565856,1.246782,0.00000419113
plddb_A_06,10767,3069,5049,0,r,1,0,3.508309,1,9,2475,8292,22.987,2475,8292,22.987,1107,9660,10.281,7.887232,9.764224,10.962336,10.924992,7.855104,7.866784,9.532416,0.807768,0.719485,0.721944,1.00409,1.002599,0.827412,0,0.0000000386218,9.09659E-11,9.09659E-11,2.89085E-10,2.89085E-10,2.89085E-10,6.740832,1.170068,0.00000721255
ex13,75628,2568,2568,1,r,1,0,29.450156,10,50,229,75399,0.303,23857,51771,31.545,2333,73295,3.085,53.367809,59.53651,55.741985,62.940098,53.680031,53.999233,55.253922,0.896388,0.957408,0.847914,0.994184,0.988307,0.965865,0,0.0000000336093,5.20406E-15,2.9144E-10,4.40637E-11,4.40637E-11,4.40637E-11,29.058657,1.836555,0.00000946599
bp_600,4172,822,822,0,r,1,0,5.075426,1,302,1322,2850,31.687,1003,3169,24.041,516,3656,12.368,6.170336,7.551584,7.426144,7.200576,7.350464,6.832128,6.936736,0.817092,0.830894,0.856923,0.839448,0.903135,0.889516,0,0.0000000482264,7.05964E-10,4.31858E-10,5.50615E-10,5.50615E-10,5.50615E-10,5.529472,1.1159,0.000010891
S20PI_n1_E,1028,1028,1028,1,r,1,0,1,1,1,1028,0,100,612,416,59.533,1028,0,100,2.377664,2.68464,3.784768,2.777056,2.7776,2.741664,2.764,0.885655,0.628219,0.856182,0.856014,0.867234,0.860226,0,0.0000000282612,0.0000000282612,2.09911E-10,0.0000000282612,0.0000000282612,0.0000000282612,2.280768,1.042484,0.00000366171
msc01440,46270,1440,1440,1,r,1,0,32.131944,12,45,10488,35782,22.667,31572,14698,68.234,0,46270,0,31.734337,35.690849,36.718689,37.259106,31.984896,31.825888,32.492897,0.889145,0.864256,0.85172,0.992166,0.997123,0.976655,0,0.000000044336,2.17865E-14,3.36031E-10,0,0,0,18.00992,1.762048,0.00000904516
extr1b_A_44,9052,2836,2836,0,r,1,0,3.191819,1,10,3512,5540,38.798,8563,489,94.598,8396,656,92.753,7.160544,8.400512,10.585216,8.58096,8.286528,8.007936,9.008896,0.852394,0.676467,0.834469,0.864119,0.894181,0.79483,0,0.0000000468762,2.00871E-12,7.76455E-11,0.00000000124666,0.00000000124666,0.00000000124666,5.353056,1.337655,0.00000668979
adder_dcop_34,11246,1813,1813,0,r,1,0,6.202978,1,1310,11228,18,99.84,7809,3437,69.438,3249,7997,28.89,19.419231,22.999168,24.333759,23.181984,22.55088,19.684,23.623072,0.844345,0.798037,0.837686,0.86113,0.986549,0.822045,0,0.0000000215471,0.00000000186299,6.50857E-12,0.0000000146327,0.0000000146327,0.0000000146327,16.116575,1.204923,0.00000399737
pde2961,14585,2961,2961,0,r,1,0,4.925701,3,5,5796,8789,39.739,889,13696,6.095,0,14585,0,12.34208,13.397504,16.694752,14.03648,12.2152,12.29248,12.62976,0.921222,0.739279,0.879286,1.010387,1.004035,0.977222,0,0.0000000429011,0.00000000765815,5.55076E-10,0,0,0,8.403808,1.46863,0.00000728646
extr1b_A_42,11405,2836,2836,0,r,1,0,4.021509,1,10,10720,685,93.994,10385,1020,91.057,10244,1161,89.82,12.777568,14.52208,16.316576,15.256224,14.699488,14.64176,15.28992,0.879872,0.783104,0.837531,0.869253,0.87268,0.835686,0,0.00000000723427,6.15438E-11,4.47898E-12,0.00000000170266,0.00000000170266,0.00000000170266,9.385472,1.36142,0.00000761609
l30,52070,2701,16281,0,r,1,0,19.278045,16,32,39469,12601,75.8,14269,37801,27.403,32,52038,0.061,53.088673,57.583809,65.878052,65.859421,53.307903,53.164577,54.564449,0.921937,0.805863,0.806091,0.995887,0.998572,0.972954,0,0.000000041872,0.0000000250047,4.95509E-10,8.20528E-12,8.20528E-12,8.20528E-12,28.376127,1.870892,0.00000901083
kineticBatchReactor_1,20600,2052,2052,1,r,1,0,10.038986,1,460,13684,6916,66.427,20216,384,98.136,20046,554,97.311,19.58032,21.557377,24.54896,22.811775,21.416288,21.45936,22.145887,0.908289,0.797603,0.858343,0.914272,0.912437,0.884152,0,0.0000000371227,9.95308E-16,7.46112E-12,0.0000000371119,0.0000000371119,0.0000000371119,12.069152,1.622344,0.00000628027
extr1b_A_34,11404,2836,2836,0,r,1,0,4.021157,1,10,10698,706,93.809,10386,1018,91.073,10243,1161,89.819,12.773504,14.505696,15.903872,15.254816,14.689472,14.665024,15.317984,0.880585,0.803169,0.837342,0.869569,0.871018,0.833889,0,0.0000000198971,9.35671E-11,7.35785E-12,0.0000000062176,0.0000000062176,0.0000000062176,9.413248,1.356971,0.00000548051
scrs8-2c_A_3,1895,476,907,0,r,1,0,3.981092,1,15,523,1372,27.599,198,1697,10.449,12,1883,0.633,3.252736,3.814848,3.879776,3.249536,3.27936,3.266368,3.272928,0.852652,0.838382,1.000985,0.991881,0.995827,0.993831,0,0.0000000322618,0.00000000191073,2.52501E-10,4.4659E-10,4.4659E-10,4.4659E-10,3.732416,0.871483,0.00000834967
orsreg_1,14133,2205,2205,0,r,1,0,6.409524,4,7,0,14133,0,8400,5733,59.435,0,14133,0,9.758912,10.55968,10.09232,12.223296,9.653184,9.753408,9.92512,0.924167,0.966964,0.798386,1.010953,1.000564,0.983254,0,0.0000000447607,0,2.95952E-10,0,0,0,7.652768,1.275213,0.00000734829
adder_dcop_05,11097,1813,1813,0,r,1,0,6.120794,1,1310,11077,20,99.82,7541,3556,67.955,3466,7631,31.234,19.415552,22.959135,23.456768,23.334593,22.541824,19.662144,23.714432,0.845657,0.827716,0.83205,0.861312,0.987459,0.818723,0,0.0000000349641,0.00000000576426,9.2274E-11,0.0000000189192,0.0000000189192,0.0000000189192,15.700256,1.236639,0.00000445154
adder_dcop_59,11246,1813,1813,0,r,1,0,6.202978,1,1310,11228,18,99.84,7876,3370,70.034,3340,7906,29.699,19.412191,22.963776,24.56064,23.211489,22.475649,19.699871,23.61808,0.84534,0.790378,0.836318,0.863699,0.985397,0.821921,0,0.0000000243672,0.00000000183502,6.80761E-12,0.0000000211857,0.0000000211857,0.0000000211857,14.65984,1.324175,0.00000345401
bcsstk02,4356,66,66,1,r,1,0,66,66,66,3174,1182,72.865,3472,884,79.706,0,4356,0,3.808416,4.331136,4.325312,4.319008,3.881952,3.833856,3.860544,0.879311,0.880495,0.88178,0.981057,0.993364,0.986497,0,0.0000000439773,1.00372E-11,6.22288E-11,0,0,0,3.754944,1.01424,0.0000137656
lp_agg2,4740,516,758,0,r,1,0,9.186047,2,49,3516,1224,74.177,3294,1446,69.494,3639,1101,76.772,6.543872,7.19376,7.693856,7.541984,7.13296,7.121376,7.313184,0.909659,0.850532,0.867659,0.917413,0.918906,0.894805,0,0.0000000338823,3.50145E-10,5.69559E-11,4.32406E-10,4.32406E-10,4.32406E-10,5.251168,1.246175,0.00000584875
adder_dcop_02,11246,1813,1813,0,r,1,0,6.202978,1,1310,11228,18,99.84,6115,5131,54.375,1892,9354,16.824,19.391104,22.982368,24.319361,23.177664,22.307327,19.563295,23.301537,0.843738,0.797353,0.836629,0.869271,0.991198,0.832181,0,0.0000000279101,0.00000000238185,3.99017E-11,0.0000000233444,0.0000000233444,0.0000000233444,15.509472,1.250275,0.0000172381
ex10hs,57308,2548,2548,1,r,1,0,22.491366,4,50,26048,31260,45.453,27654,29654,48.255,14870,42438,25.948,51.856129,57.030113,61.255745,61.015713,53.826336,53.46077,54.771744,0.909276,0.846551,0.849882,0.963397,0.969985,0.946768,0,0.0000000405718,2.16436E-14,1.42374E-10,4.77303E-15,5.55112E-15,4.42373E-16,27.848801,1.86206,0.00000755148
olm1000,3996,1000,1000,0,r,1,0,3.996,2,6,1000,2996,25.025,1000,2996,25.025,1000,2996,25.025,3.839168,4.60688,4.743424,4.716864,3.854592,3.844704,4.821312,0.833355,0.809366,0.813924,0.995999,0.99856,0.796291,0,0.00000003792,3.0509E-13,3.0509E-13,3.0509E-13,3.0509E-13,3.0509E-13,4.258368,0.901559,0.00000733046
iprob,9000,3001,3001,0,r,1,0,2.999,2,3000,2036,6964,22.622,6884,2116,76.489,6000,3000,66.667,52.750881,65.745506,58.976673,62.147617,67.312836,55.730335,64.91523,0.80235,0.894436,0.8488,0.783667,0.946538,0.812612,0,0.0000000170473,2.6657E-12,1.01342E-10,0.0000000115986,0.0000000115986,0.0000000115986,42.798687,1.232535,0.0000107476
adder_dcop_24,11246,1813,1813,0,r,1,0,6.202978,1,1310,11228,18,99.84,7646,3600,67.989,2757,8489,24.515,19.419872,22.963488,23.92256,23.189089,22.465569,19.613983,23.587711,0.845685,0.811781,0.837457,0.864428,0.990103,0.823305,0,0.0000000266458,0.00000000188059,7.53227E-12,0.0000000252451,0.0000000252451,0.0000000252451,15.567872,1.247433,0.00000759469
west0655,2854,655,655,0,r,1,0,4.357252,1,12,1287,1567,45.095,2753,101,96.461,2770,84,97.057,4.546688,4.962368,5.175776,5.328032,5.34496,5.19888,5.329888,0.916234,0.878455,0.853352,0.85065,0.874551,0.853055,0,0.0000000217279,1.48643E-12,1.83086E-11,0.00000000257467,0.00000000257467,0.00000000257467,4.30496,1.056151,0.00000603871
lp_scsd1,2388,77,760,0,r,1,0,31.012987,20,50,1848,540,77.387,0,2388,0,0,2388,0,3.771136,3.833792,3.858144,3.798592,3.816512,3.801216,3.813792,0.983657,0.977448,0.992772,0.988111,0.992087,0.988815,0,0.0000000400368,0.0000000375984,0,0,0,0,3.53184,1.067754,0.0000104787
S20PI_n1,2547,1028,1028,0,r,1,1,2.477626,0,8,503,2044,19.749,476,2071,18.689,30,2517,1.178,3.74144,3.839776,5.083776,4.319488,3.813152,3.76464,3.867392,0.97439,0.735957,0.866177,0.981194,0.993837,0.967432,0,0.0000000274475,0.00000000282113,1.17877E-10,0.00000000165123,0.00000000165123,0.00000000165123,3.816,0.980461,0.00000590938
cdde4,4681,961,961,0,r,1,0,4.870968,3,5,1860,2821,39.735,0,4681,0,0,4681,0,5.369312,5.838848,7.557344,5.593984,5.382336,5.355488,5.412352,0.919584,0.710476,0.959837,0.99758,1.002581,0.992048,0,0.0000000376785,0.00000000436747,0,0,0,0,3.857728,1.391833,0.00000779485
Maragal_3,18391,1690,860,0,r,1,8,10.882249,0,468,15911,2480,86.515,5121,13270,27.845,330,18061,1.794,17.859808,20.675232,23.033024,20.711967,17.944,17.776447,18.744831,0.863826,0.7754,0.862294,0.995308,1.004689,0.952786,0,0.0000000419715,0.0000000303561,9.00565E-10,0.00000000409601,0.00000000409601,0.00000000409601,11.251872,1.587274,0.00000764347
adder_dcop_44,11245,1813,1813,0,r,1,0,6.202427,1,1310,11227,18,99.84,7857,3388,69.871,3308,7937,29.418,19.420576,23.016159,23.481024,23.198463,22.483295,19.67824,23.632511,0.84378,0.827075,0.837149,0.863778,0.986906,0.821774,0,0.0000000259342,0.00000000219601,5.77728E-12,0.0000000256932,0.0000000256932,0.0000000256932,15.642368,1.241537,0.00000296613
adder_dcop_03,11148,1813,1813,0,r,1,0,6.148924,1,1310,11128,20,99.821,6811,4337,61.096,1942,9206,17.42,19.432224,22.999872,24.564096,23.17584,22.323616,19.621023,23.323263,0.844884,0.791082,0.838469,0.870478,0.990378,0.833169,0,0.0000000258768,0.00000000129149,3.94404E-11,0.0000000100318,0.0000000100318,0.0000000100318,14.681152,1.323617,0.00000786204
cz2548,25674,2548,2548,0,r,1,0,10.076138,1,27,496,25178,1.932,10765,14909,41.93,1,25673,0.004,24.983711,28.315359,27.191456,27.318848,24.836224,24.793217,25.588703,0.882338,0.918807,0.914523,1.005938,1.007683,0.976357,0,0.0000000374504,2.95594E-13,5.20973E-10,2.53317E-15,2.53317E-15,2.53317E-15,14.854976,1.681841,0.00000779066
adder_dcop_69,11246,1813,1813,0,r,1,0,6.202978,1,1310,11228,18,99.84,7876,3370,70.034,3340,7906,29.699,19.405376,23.007233,24.311232,23.208609,22.493631,19.704609,23.602848,0.843447,0.798206,0.836128,0.862705,0.984814,0.822162,0,0.0000000230918,0.00000000312863,5.67109E-12,0.0000000229805,0.0000000229805,0.0000000229805,15.542272,1.248555,0.00000366257
Plants_10NN,21930,1600,1600,1,r,1,0,13.70625,10,36,21930,0,100,68,21862,0.31,0,21930,0,16.518944,18.553921,19.166431,17.246241,16.509665,16.454016,16.797119,0.890321,0.861869,0.957829,1.000562,1.003946,0.983439,0,0.0000000440333,0.0000000440333,9.04373E-11,0,0,0,10.210688,1.617809,0.00000793917
extr1b_A_02,10965,2836,2836,0,r,1,0,3.866361,1,9,3764,7201,34.327,10280,685,93.753,9776,1189,89.156,7.42128,8.85296,10.557056,9.503872,8.912672,8.866816,9.970176,0.838282,0.702969,0.780869,0.832666,0.836972,0.744348,0,0.0000000516071,2.02773E-13,1.18911E-11,5.65203E-10,5.65203E-10,5.65203E-10,5.501312,1.349002,0.00000496219
zenios,27191,2873,2873,1,r,1,0,9.464323,1,47,27187,4,99.985,25955,1236,95.454,23062,4129,84.815,27.848064,31.57456,33.023201,32.94669,31.385887,31.338367,32.694626,0.881978,0.843288,0.845246,0.88728,0.888625,0.851763,0,0.0000000406792,0.0000000387425,1.09459E-11,0.0000000140997,0.0000000140997,0.0000000140997,16.25984,1.71269,0.00000654103
685_bus,3249,685,685,1,r,1,0,4.743066,2,13,78,3171,2.401,851,2398,26.193,257,2992,7.91,4.613344,5.014496,5.462272,5.189248,4.734176,4.59808,4.981536,0.920002,0.844583,0.88902,0.974477,1.00332,0.926089,0,0.000000034347,4.87515E-12,1.7695E-10,1.78635E-10,1.78635E-10,1.78635E-10,4.598016,1.003334,0.00000521708
662_bus,2474,662,662,1,r,1,0,3.73716,2,10,14,2460,0.566,527,1947,21.302,319,2155,12.894,3.164448,3.754336,4.47584,3.547936,3.314784,3.295712,3.560704,0.842878,0.707006,0.891912,0.954647,0.960171,0.888714,0,0.0000000425929,2.57179E-11,4.67216E-10,5.22846E-10,5.22846E-10,5.22846E-10,2.764416,1.144708,0.00000576126
filter2D_B,503,1668,1,0,r,1,1165,0.301559,0,1,503,0,100,0,503,0,503,0,100,2.771264,2.814848,3.33824,2.793984,2.287392,2.26704,2.844672,0.984516,0.830157,0.991868,1.211539,1.222415,0.974195,0,0.0000000388214,0.0000000388214,0,0.0000000388214,0.0000000388214,0.0000000388214,3.29568,0.840878,0.00000367367
extr1b_A_05,10965,2836,2836,0,r,1,0,3.866361,1,9,3790,7175,34.565,10280,685,93.753,9776,1189,89.156,7.429472,8.913888,10.129696,9.500544,8.917568,8.779136,9.99904,0.833472,0.733435,0.782005,0.833128,0.846265,0.743019,0,0.0000000450556,1.95119E-13,1.42401E-11,0.00000000135398,0.00000000135398,0.00000000135398,6.28912,1.181321,0.00000537271
gen4,107103,1537,4298,0,r,1,0,69.683149,30,3073,100958,6145,94.263,15358,91745,14.339,0,107103,0,57.184513,57.724289,61.104351,61.61245,60.333118,60.646366,60.273441,0.990649,0.93585,0.928132,0.947813,0.942917,0.948751,0,0.0000000346722,0.0000000331756,5.33131E-10,0,0,0,27.859167,2.052628,0.0000122085
Chebyshev2,18447,2053,2053,0,r,1,0,8.985387,3,2053,18378,69,99.626,18335,112,99.393,18314,133,99.279,19.856895,23.116287,24.185184,23.654337,22.569664,22.388033,22.850847,0.859,0.821036,0.839461,0.879805,0.886942,0.868979,0,0.00000000710931,4.89979E-12,1.79017E-12,2.32336E-12,2.32336E-12,2.32336E-12,12.225984,1.624155,0.00000736863
bcsstk26,30336,1922,1922,1,r,1,0,15.783559,3,33,5674,24662,18.704,22622,7714,74.571,8755,21581,28.86,19.923136,22.923456,22.999296,24.281887,21.291712,21.222015,22.843489,0.869116,0.86625,0.820494,0.935723,0.938796,0.872158,0,0.0000000495999,1.62626E-14,2.01997E-10,3.19327E-10,3.19327E-10,3.19327E-10,12.05344,1.6529,0.000007012
cavity15,76367,2597,2597,0,r,1,0,29.405853,1,62,65437,10930,85.688,33399,42968,43.735,12373,63994,16.202,56.630978,64.544067,65.883682,62.659039,57.882526,57.883808,61.130878,0.8774,0.85956,0.903796,0.978378,0.978356,0.926389,0,0.000000044582,0.00000000628049,3.7086E-10,8.98916E-10,8.98916E-10,8.98916E-10,31.004831,1.826521,0.00000898125
c-20,22685,2921,2921,1,r,1,0,7.766176,2,158,15969,6716,70.395,22646,39,99.828,22685,0,100,15.035232,17.479712,19.571873,18.059744,17.620928,17.560064,17.827423,0.860153,0.768206,0.832527,0.85326,0.856217,0.843377,0,0.00000000503291,8.77404E-14,8.64917E-13,0.00000000503291,0.00000000503291,0.00000000503291,10.12096,1.485554,0.000000383605
lp_gfrd_pnc,2445,616,1160,0,r,1,0,3.969156,1,12,0,2445,0,1738,707,71.084,1394,1051,57.014,3.24016,3.359776,3.845056,3.379232,3.338624,3.28288,3.66192,0.964398,0.842682,0.958845,0.970508,0.986987,0.884825,0,0.0000000502726,0,4.48595E-11,0.0000000111707,0.0000000111707,0.0000000111707,3.410752,0.949984,0.0000061357
epb0,7764,1794,1794,0,r,1,0,4.327759,2,11,7764,0,100,2297,5467,29.585,1891,5873,24.356,8.80512,9.846976,11.06656,9.767616,8.933792,8.9304,9.164448,0.894195,0.795651,0.901461,0.985597,0.985972,0.960791,0,0.0000000445649,0.0000000445649,7.71334E-10,0.00000000127934,0.00000000127934,0.00000000127934,5.89568,1.493487,0.00000635341
bcsstm11,1473,1473,1473,1,r,1,0,1,1,1,1373,100,93.211,230,1243,15.614,1473,0,100,2.776416,2.849376,3.273088,3.142016,2.964352,2.977376,2.968192,0.974394,0.848256,0.883642,0.936601,0.932504,0.93539,0,0.0000000398916,0.0000000022734,4.21584E-10,0.0000000398916,0.0000000398916,0.0000000398916,3.332416,0.833154,0.00000356054
scrs8-2c,7367,1820,3499,0,r,1,0,4.047802,1,15,2059,5308,27.949,774,6593,10.506,12,7355,0.163,8.757824,9.805664,11.067552,9.793376,8.82048,8.825888,8.934112,0.893139,0.791306,0.89426,0.992896,0.992288,0.980268,0,0.0000000360614,0.00000000136546,1.94218E-10,1.23706E-10,1.23706E-10,1.23706E-10,6.971264,1.256275,0.00000645276
lpi_gran,20111,2658,2525,0,r,1,54,7.566215,0,86,2904,17207,14.44,11865,8246,58.998,10624,9487,52.827,13.031744,15.085952,16.003328,16.800768,14.155872,14.092864,16.194592,0.863833,0.814315,0.775664,0.920589,0.924705,0.804697,0,0.0000000438148,1.90671E-10,6.26218E-10,0.00000000484702,0.00000000484702,0.00000000484702,9.232096,1.411569,0.00000850647
watt_1,11360,1856,1856,0,r,1,0,6.12069,1,7,11232,128,98.873,11232,128,98.873,11360,0,100,8.365408,9.228256,9.489152,9.449632,9.247744,9.096896,9.404672,0.906499,0.881576,0.885263,0.904589,0.919589,0.889495,0,0.0000000265576,5.06557E-14,5.06557E-14,0.0000000265576,0.0000000265576,0.0000000265576,6.734752,1.242126,0.00000351251
west0989,3537,989,989,0,r,1,0,3.57634,1,12,1262,2275,35.68,3294,243,93.13,3260,277,92.169,3.948288,4.363392,4.620512,4.744928,4.64448,4.37872,4.814688,0.904867,0.854513,0.832107,0.850103,0.901699,0.820051,0,0.0000000402437,4.38623E-13,3.91889E-11,0.00000000444704,0.00000000444704,0.00000000444704,4.189888,0.942337,0.00000572749
wang1,19093,2903,2903,0,r,1,0,6.576989,4,7,19061,32,99.832,3908,15185,20.468,0,19093,0,12.104928,13.145888,13.77536,15.179424,12.012448,12.028928,12.430272,0.920815,0.878738,0.797456,1.007699,1.006318,0.973826,0,0.0000000405859,0.0000000340306,5.0407E-10,0,0,0,9.144448,1.323746,0.00000679943
S20PI_n_E,1063,1182,1182,1,r,1,119,0.899323,0,1,1063,0,100,601,462,56.538,1063,0,100,2.6024,2.764672,3.74896,2.758368,2.78,2.761152,2.761472,0.941305,0.694166,0.943456,0.936115,0.942505,0.942396,0,0.0000000288896,0.0000000288896,1.77201E-10,0.0000000288896,0.0000000288896,0.0000000288896,3.203552,0.812348,0.00000240744
adder_dcop_58,11246,1813,1813,0,r,1,0,6.202978,1,1310,11228,18,99.84,7875,3371,70.025,3340,7906,29.699,19.398016,22.957409,24.291712,23.196768,22.437153,19.701729,23.607584,0.844957,0.798545,0.836238,0.864549,0.984584,0.821686,0,0.0000000345452,0.00000000164771,4.1428E-12,0.0000000306489,0.0000000306489,0.0000000306489,15.554272,1.247118,0.00000666099
watt_2,11550,1856,1856,0,r,1,0,6.22306,1,128,11360,190,98.355,11360,190,98.355,11424,126,98.909,8.444064,9.291904,10.3544,9.487072,9.411552,9.333344,9.417152,0.908755,0.815505,0.89006,0.897202,0.90472,0.896669,0,0.0000000261673,4.1638E-14,4.1638E-14,0.000000018009,0.000000018009,0.000000018009,6.816512,1.238766,0.00000396105
adder_dcop_17,11246,1813,1813,0,r,1,0,6.202978,1,1310,11228,18,99.84,7736,3510,68.789,3181,8065,28.286,19.385471,22.985855,23.49456,23.24288,22.516895,19.670591,23.606016,0.843365,0.825105,0.834039,0.86093,0.985505,0.821209,0,0.0000000259913,0.00000000862197,1.84731E-11,0.0000000245722,0.0000000245722,0.0000000245722,15.568096,1.245205,0.0000135128
qh1484,6110,1484,1484,0,r,1,0,4.117251,2,13,80,6030,1.309,6060,50,99.182,6054,56,99.083,7.337792,7.973152,7.870976,8.323904,8.09456,7.926208,8.257568,0.920313,0.932259,0.881532,0.906509,0.925763,0.888614,0,0.0000000664214,2.20638E-23,1.15694E-11,5.13524E-10,5.13524E-10,5.13524E-10,6.24704,1.174603,0.00000736962
stat96v5,233921,2307,75779,0,r,1,2,101.396186,0,103,174592,59329,74.637,14600,219321,6.241,1,233920,0,80.416801,85.614014,89.323196,86.374847,81.892479,80.743134,80.940323,0.939295,0.90029,0.931021,0.98198,0.995958,0.993532,0,0.000000045504,0.0000000246854,4.57325E-10,2.52361E-10,2.52361E-10,2.52361E-10,47.350464,1.698332,0.00000974479
west2021,7353,2021,2021,0,r,1,0,3.638298,1,12,3089,4264,42.01,6842,511,93.05,6772,581,92.098,5.899776,6.865824,8.237248,7.447904,6.988928,6.836032,7.316192,0.859296,0.716231,0.792139,0.84416,0.863041,0.8064,0,0.0000000378099,7.77255E-13,4.90308E-11,0.00000000535433,0.00000000535433,0.00000000535433,5.246592,1.124497,0.0000048696
small_A_08,3374,711,1432,0,r,1,0,4.745429,2,21,1492,1882,44.221,2851,523,84.499,2135,1239,63.278,4.801504,5.299808,6.714336,5.543904,5.044,4.941504,5.472288,0.905977,0.715112,0.866087,0.951924,0.971669,0.877422,0,0.0000000390616,4.37254E-11,1.65083E-10,0.0000000383249,0.0000000383249,0.0000000383249,3.531872,1.359479,0.0000059986
S20PI_n,2881,1182,1182,0,r,1,0,2.437394,1,12,501,2380,17.39,474,2407,16.453,23,2858,0.798,3.8864,4.265888,5.430784,4.362688,3.930656,3.8664,3.985792,0.911041,0.715624,0.890827,0.988741,1.005173,0.975063,0,0.0000000343701,0.00000000300811,2.14575E-11,0.00000000111634,0.00000000111634,0.00000000111634,4.209664,0.923209,0.0000047734
plddb_A_02,10763,3069,5049,0,r,1,0,3.507006,1,9,2475,8288,22.995,2475,8288,22.995,1107,9656,10.285,7.887264,9.75728,12.032768,10.938048,7.84864,7.862208,9.518592,0.808347,0.655482,0.721085,1.004921,1.003187,0.828617,0,0.0000000400438,9.6356E-11,9.6356E-11,3.22332E-10,3.22332E-10,3.22332E-10,6.76032,1.1667,0.00000600469
lpi_cplex1,10947,3005,5224,0,r,1,0,3.642928,2,720,1500,9447,13.702,8447,2500,77.163,8947,2000,81.73,15.977472,19.596577,16.491968,19.916544,19.306593,19.286016,19.599327,0.81532,0.968803,0.802221,0.827566,0.828449,0.815205,0,0.0000000338002,2.13759E-11,5.66991E-10,0.0000000216909,0.0000000216909,0.0000000216909,13.321024,1.199418,0.00000681908
pores_3,3474,532,532,0,r,1,0,6.530075,2,9,1305,2169,37.565,2416,1058,69.545,2087,1387,60.075,4.050144,4.383232,5.16496,4.569344,4.158304,4.321152,4.783456,0.924009,0.784158,0.886373,0.973989,0.937283,0.846698,0,0.0000000517317,3.74865E-13,3.0518E-10,0.00000000501036,0.00000000501036,0.00000000501036,4.022592,1.006849,0.00000652316
M40PI_n,5341,2182,2182,0,r,1,0,2.447754,1,12,961,4380,17.993,934,4407,17.487,23,5318,0.431,5.338272,5.628576,6.54992,6.356,5.408928,5.412896,5.50832,0.948423,0.815013,0.839879,0.986937,0.986214,0.969129,0,0.0000000215324,0.0000000014494,4.10257E-11,9.95933E-10,9.95933E-10,9.95933E-10,5.075072,1.051861,0.0000070974
S40PI_n1,5007,2028,2028,0,r,1,1,2.468935,0,8,963,4044,19.233,936,4071,18.694,30,4977,0.599,5.196512,5.478688,6.828064,6.324576,5.26832,5.183072,5.394656,0.948496,0.761052,0.821638,0.98637,1.002593,0.96327,0,0.0000000271479,0.00000000451431,1.13888E-10,0.00000000521179,0.00000000521179,0.00000000521179,4.95808,1.04809,0.0000055742
fs_680_3,2646,680,680,0,r,1,0,3.891176,1,8,179,2467,6.765,2383,263,90.06,2065,581,78.042,3.24528,3.304512,3.356096,3.376928,3.82256,3.77248,3.80064,0.982075,0.966981,0.961015,0.848981,0.860251,0.853877,0,0.0000000306409,6.65199E-21,3.49266E-11,2.6054E-11,2.6054E-11,2.6054E-11,3.395264,0.955826,0.00000534848
extr1b_A_22,9053,2836,2836,0,r,1,0,3.192172,1,10,3511,5542,38.783,8564,489,94.598,8398,655,92.765,7.268736,8.41296,10.317376,8.557984,8.2456,8.024768,9.037216,0.863993,0.704514,0.849351,0.881529,0.905788,0.804311,0,0.0000000371867,1.95996E-12,5.98704E-11,0.00000000231985,0.00000000231985,0.00000000231985,6.232928,1.166183,0.00000793802
plddb,10839,3069,5049,0,r,1,0,3.531769,1,9,2475,8364,22.834,2475,8364,22.834,1107,9732,10.213,7.944704,9.836288,11.705792,10.957984,7.878368,7.857024,9.528224,0.807693,0.678699,0.725015,1.00842,1.011159,0.833807,0,0.0000000389967,8.77787E-11,8.77787E-11,2.99045E-10,2.99045E-10,2.99045E-10,5.85392,1.35716,0.00000692865
t2dal_E,4257,4257,4257,1,r,1,0,1,1,1,4257,0,100,2203,2054,51.75,4257,0,100,4.353504,4.666528,4.885216,5.342912,4.863232,4.8432,4.863808,0.932921,0.891159,0.814819,0.895187,0.89889,0.895081,0,0.0000000399701,0.0000000399701,3.43249E-10,0.0000000399701,0.0000000399701,0.0000000399701,4.795712,0.907791,0.00000355818
qiulp,4492,1192,1900,0,r,1,0,3.768456,3,199,312,4180,6.946,0,4492,0,0,4492,0,6.61712,7.66848,6.781184,6.69968,7.4112,6.645408,7.40512,0.862898,0.975806,0.987677,0.892854,0.995743,0.893587,0,0.0000000531207,0.00000000259441,0,0,0,0,6.293632,1.051399,0.00000610004
MISKnowledgeMap,57022,2427,2427,1,r,1,0,23.49485,1,80,57020,2,99.996,0,57022,0,19,57003,0.033,50.452927,55.945503,59.006046,52.421055,50.704288,50.431999,51.756542,0.901823,0.855047,0.962455,0.995043,1.000415,0.974813,0,0.0000000443011,0.0000000442996,0,8.1763E-10,8.1763E-10,8.1763E-10,27.054464,1.864865,0.00000929244
adder_dcop_22,11246,1813,1813,0,r,1,0,6.202978,1,1310,11228,18,99.84,7809,3437,69.438,3218,8028,28.615,19.396416,22.981119,23.480513,23.188768,22.459295,19.712736,23.565376,0.844015,0.826064,0.836457,0.863625,0.983954,0.82309,0,0.0000000275115,0.00000000200141,9.76656E-12,0.0000000260784,0.0000000260784,0.0000000260784,15.517792,1.249947,0.00000512126
small_A_07,3319,710,1433,0,r,1,0,4.674648,2,21,1438,1881,43.326,2790,529,84.061,2054,1265,61.886,4.78896,5.051392,6.082432,5.654336,4.964736,4.980736,5.498496,0.948048,0.787343,0.846954,0.964595,0.961496,0.870958,0,0.0000000429201,4.49399E-11,1.45405E-10,0.0000000416785,0.0000000416785,0.0000000416785,4.511424,1.061518,0.00000595374
extr1b_A_36,9053,2836,2836,0,r,1,0,3.192172,1,10,3513,5540,38.805,8564,489,94.598,8397,656,92.754,7.11392,8.4016,10.551072,8.575872,8.297504,8.01776,9.022592,0.846734,0.674237,0.829527,0.857357,0.88727,0.788456,0,0.0000000500056,2.28322E-12,6.87513E-11,0.00000000226297,0.00000000226297,0.00000000226297,5.353888,1.328739,0.00000747079
ex36,53843,3079,3079,0,r,1,0,17.487171,6,37,40112,13731,74.498,30670,23173,56.962,8736,45107,16.225,60.870945,66.323235,74.418816,71.372803,62.10368,61.857536,63.350178,0.917792,0.817951,0.852859,0.98015,0.984051,0.960865,0,0.0000000454796,7.31631E-10,2.7101E-10,7.98955E-11,7.98955E-11,7.98955E-11,32.453823,1.875617,0.00000806507
adder_dcop_64,11246,1813,1813,0,r,1,0,6.202978,1,1310,11228,18,99.84,7876,3370,70.034,3340,7906,29.699,19.412031,22.984129,24.286848,23.190657,22.466463,19.70528,23.650208,0.844584,0.799282,0.837063,0.864045,0.985118,0.820797,0,0.0000000201337,0.00000000271957,2.73028E-12,0.000000016583,0.000000016583,0.000000016583,15.546016,1.248682,0.0000040334
dataset12mfeatfactors_10NN,27442,2000,2000,1,r,1,0,13.721,10,40,27430,12,99.956,2,27440,0.0069999999999999,0,27442,0,20.144096,22.837952,23.677025,20.874399,20.125696,20.097408,20.624384,0.882045,0.850787,0.965014,1.000914,1.002323,0.976713,0,0.0000000407821,0.000000040497,1.48441E-11,0,0,0,12.37376,1.627969,0.00000876369
reorientation_2,17910,1544,1544,1,r,1,0,11.599741,1,1448,13509,4401,75.427,17753,157,99.123,17910,0,100,18.16448,21.707584,23.10832,22.394337,21.464767,21.330015,21.721537,0.83678,0.786058,0.811119,0.846246,0.851592,0.836243,0,0.0000000101011,1.77819E-15,1.3077E-12,0.0000000101011,0.0000000101011,0.0000000101011,11.40832,1.592213,0.00000296737
plddb_A_08,10769,3069,5049,0,r,1,0,3.508961,1,9,2475,8294,22.983,2475,8294,22.983,1107,9662,10.28,7.885952,9.768288,10.975968,10.957344,7.86624,7.861792,9.524928,0.807301,0.718474,0.719696,1.002506,1.003073,0.827928,0,0.000000037386,1.0087E-10,1.0087E-10,3.39619E-10,3.39619E-10,3.39619E-10,6.736096,1.170701,0.00000625941
nnc1374,8606,1374,1374,0,r,1,0,6.263464,1,16,4320,4286,50.198,6104,2502,70.927,1627,6979,18.905,7.307712,8.034976,9.73728,8.40256,7.442112,7.413408,8.33872,0.909488,0.750488,0.869701,0.981941,0.985743,0.876359,0,0.0000000357785,1.40236E-10,1.83149E-10,1.05472E-10,1.05472E-10,1.05472E-10,6.091968,1.199565,0.00000768762
small_A_03,3246,713,1440,0,r,1,0,4.552595,1,21,1340,1906,41.282,2707,539,83.395,2083,1163,64.171,4.78656,5.240384,5.499776,5.617664,5.049184,4.926624,5.480576,0.913399,0.870319,0.852055,0.947987,0.97157,0.873368,0,0.0000000495522,4.51312E-11,1.40565E-10,0.0000000486178,0.0000000486178,0.0000000486178,4.370208,1.095271,0.00000766304
meg1,58142,2904,2904,0,r,1,0,20.02135,1,411,42688,15454,73.42,51766,6376,89.034,2971,55171,5.11,62.361633,70.832771,71.867996,76.053566,65.008385,64.805954,66.126434,0.880407,0.867725,0.81997,0.959286,0.962282,0.943067,0,0.000000050622,1.37235E-12,3.90646E-11,0.0000000117717,0.0000000117717,0.0000000117717,33.483906,1.862436,0.0000117656
extr1b_A_28,9052,2836,2836,0,r,1,0,3.191819,1,10,3511,5541,38.787,8563,489,94.598,8396,656,92.753,7.191872,8.404384,10.836416,8.584096,8.279456,8.017728,9.00192,0.855729,0.663676,0.837814,0.868641,0.896996,0.798926,0,0.0000000515996,2.30844E-12,7.41894E-11,0.00000000194962,0.00000000194962,0.00000000194962,5.345536,1.345398,0.00000697285
small_A_17,3207,677,1400,0,r,1,0,4.737075,1,19,1453,1754,45.307,2737,470,85.345,2193,1014,68.382,4.627776,5.028,5.389216,5.419712,4.966976,4.897824,5.348672,0.920401,0.85871,0.853879,0.931709,0.944864,0.86522,0,0.0000000390549,4.0933E-11,1.33127E-10,0.0000000379958,0.0000000379958,0.0000000379958,4.281536,1.080868,0.00000709538
small_A_14,3282,701,1424,0,r,1,0,4.681883,1,19,1442,1840,43.937,2805,477,85.466,2261,1021,68.891,4.799488,5.137312,6.695968,5.651872,5.0736,5.016512,5.487744,0.934241,0.716773,0.849186,0.945973,0.956738,0.874583,0,0.0000000396051,3.89228E-11,1.47052E-10,0.0000000367301,0.0000000367301,0.0000000367301,3.590816,1.336601,0.00000552776
plat1919,32399,1919,1919,1,r,1,0,16.883273,3,19,32345,54,99.833,15844,16555,48.903,0,32399,0,38.352001,41.551231,43.23037,47.350494,38.565151,38.452065,39.424896,0.923005,0.887154,0.80996,0.994473,0.997398,0.972786,0,0.0000000461101,0.0000000407725,4.94914E-10,0,0,0,21.116417,1.816217,0.00000926348
lp_stocfor2,9357,2157,3045,0,r,1,0,4.337969,1,15,1764,7593,18.852,7083,2274,75.697,6326,3031,67.607,10.3936,11.819936,12.93968,11.788608,11.259136,11.22768,12.380096,0.879328,0.803235,0.881665,0.923126,0.925712,0.839541,0,0.0000000461019,1.13257E-10,2.34961E-10,2.19376E-10,2.19376E-10,2.19376E-10,7.071744,1.469737,0.00000801041
cryg2500,12349,2500,2500,0,r,1,0,4.9396,3,5,4497,7852,36.416,7117,5232,57.632,5996,6353,48.555,10.753088,11.611648,13.224224,12.743744,11.1504,11.17504,11.698176,0.92606,0.813136,0.843793,0.964368,0.962242,0.919211,0,0.0000000465584,1.93773E-11,2.81281E-10,3.39678E-10,3.39678E-10,3.39678E-10,8.199168,1.311485,0.00000659229
adder_dcop_23,11246,1813,1813,0,r,1,0,6.202978,1,1310,11228,18,99.84,7824,3422,69.571,3256,7990,28.953,19.363617,22.991455,23.500929,23.191296,22.473185,19.677376,23.584831,0.842209,0.823951,0.834952,0.861632,0.984055,0.82102,0,0.0000000288879,0.00000000581552,1.0756E-11,0.0000000249052,0.0000000249052,0.0000000249052,15.511552,1.248335,0.00000349027
lp_agg3,4756,516,758,0,r,1,0,9.217054,2,49,3516,1240,73.928,3294,1462,69.26,3639,1117,76.514,6.533248,7.29712,8.35792,7.44624,7.147552,7.036992,7.320576,0.895319,0.781684,0.877389,0.914054,0.928415,0.89245,0,0.00000004592,4.81507E-10,6.58235E-11,5.41962E-10,5.41962E-10,5.41962E-10,4.323296,1.511173,0.0000079442
lp_maros_r7,144848,3136,9408,0,r,1,0,46.188776,5,48,135440,9408,93.505,23862,120986,16.474,0,144848,0,82.429245,92.787712,99.960609,92.521828,83.446915,82.24752,83.373825,0.888364,0.824617,0.890917,0.987805,1.002209,0.988671,0,0.0000000283143,0.000000013347,5.07913E-10,0,0,0,47.289696,1.74307,0.00000900282
cavity12,76367,2597,2597,0,r,1,0,29.405853,8,62,69885,6482,91.512,31822,44545,41.67,7396,68971,9.685,55.970783,63.256897,68.17971,64.267357,56.844128,56.560322,59.592289,0.884817,0.82093,0.870905,0.984636,0.989577,0.939229,0,0.0000000447667,0.00000000956629,4.06076E-10,2.04192E-10,2.04192E-10,2.04192E-10,29.9576,1.868333,0.00000871524
cavity10,76367,2597,2597,0,r,1,0,29.405853,8,62,71080,5287,93.077,36168,40199,47.361,7396,68971,9.685,55.937153,63.253567,69.518463,63.423744,56.828064,56.596767,59.596226,0.884332,0.804637,0.881959,0.984323,0.988345,0.938602,0,0.0000000535493,0.0000000123736,4.34148E-10,2.32249E-10,2.32249E-10,2.32249E-10,29.97168,1.866334,0.00000880078
bcsstk12,34241,1473,1473,1,r,1,0,23.245757,2,33,5308,28933,15.502,12124,22117,35.408,0,34241,0,30.042433,32.603935,36.750591,36.784161,30.249599,30.145248,30.830624,0.921436,0.817468,0.816722,0.993151,0.996589,0.974435,0,0.0000000447073,1.41783E-14,1.23641E-10,0,0,0,16.58816,1.811077,0.00000646894
scrs8-2c_A_4,3719,924,1771,0,r,1,0,4.024892,1,15,1035,2684,27.83,390,3329,10.487,12,3707,0.323,5.517536,6.22432,6.460096,6.216064,5.609696,5.626368,5.763296,0.886448,0.854095,0.887625,0.983571,0.980657,0.957358,0,0.0000000355186,0.00000000173655,1.98008E-10,1.2343E-10,1.2343E-10,1.2343E-10,4.935456,1.117939,0.00000695285
spaceStation_13,23649,1617,1617,1,r,1,0,14.625232,1,211,14799,8850,62.578,12189,11460,51.541,1419,22230,6,17.789087,20.396353,20.639423,20.175936,17.426176,17.432961,18.809248,0.87217,0.861898,0.881698,1.020826,1.020428,0.945763,0,0.0000000478542,7.97926E-10,2.32671E-10,5.68898E-10,5.68898E-10,5.68898E-10,11.081248,1.605332,0.00000711778
ex8,106344,3096,3096,0,r,1,0,34.348837,12,75,54332,52012,51.091,68421,37923,64.339,31980,74364,30.072,74.014816,75.879204,84.98381,81.981277,73.527328,72.7976,77.046303,0.97543,0.870928,0.902826,1.00663,1.016721,0.960654,0,0.0000000477567,2.32465E-14,1.31798E-10,6.25836E-14,6.2693E-14,6.22062E-14,36.166145,2.046522,0.00000858233
well1033,4732,1033,320,0,r,1,0,4.580833,3,5,4720,12,99.746,447,4285,9.446,0,4732,0,5.710656,6.039424,6.368032,6.425056,5.746784,5.737664,5.818144,0.945563,0.896769,0.88881,0.993713,0.995293,0.981525,0,0.0000000416183,0.0000000413709,6.03199E-10,0,0,0,5.137216,1.111625,0.00000714666
scrs8-2c_A_5,7367,1820,3499,0,r,1,0,4.047802,1,15,2059,5308,27.949,774,6593,10.506,12,7355,0.163,8.73216,9.830496,11.352,9.778752,8.822432,8.826976,8.927264,0.888273,0.769218,0.892973,0.989768,0.989258,0.978145,0,0.0000000349927,0.00000000351525,2.36131E-10,1.43667E-10,1.43667E-10,1.43667E-10,6.94848,1.256701,0.0000061038
lung1,7419,1650,1650,0,r,1,0,4.496364,2,8,6181,1238,83.313,6236,1183,84.054,6223,1196,83.879,7.821088,8.406976,10.273696,9.131168,8.372448,8.268864,9.048992,0.930309,0.761273,0.856527,0.934146,0.945848,0.864305,0,0.0000000538778,1.3036E-10,1.61302E-10,1.52949E-10,1.52949E-10,1.52949E-10,5.435232,1.438961,0.00000615358
pde900,4380,900,900,0,r,1,0,4.866667,3,5,870,3510,19.863,226,4154,5.16,0,4380,0,5.288992,5.68112,7.018048,5.782464,5.241024,5.254144,5.271072,0.930977,0.753627,0.914661,1.009152,1.006632,1.0034,0,0.0000000514131,0.00000000386369,4.33352E-10,0,0,0,3.81904,1.384901,0.00000765963
dw1024,10114,2048,2048,0,r,1,0,4.938477,3,8,10114,0,100,3063,7051,30.285,1168,8946,11.548,9.178048,9.875872,10.822016,11.129792,9.373216,9.346464,9.730528,0.929341,0.84809,0.824638,0.979178,0.981981,0.943222,0,0.0000000424489,0.0000000424489,6.18364E-10,0.0000000147348,0.0000000147348,0.0000000147348,7.259552,1.264272,0.00000684118
heart2,682797,2339,2339,0,r,1,0,291.918341,56,603,34456,648341,5.046,300788,382009,44.052,1771,681026,0.259,148.865982,145.968323,149.972321,141.710617,149.971848,146.067673,149.37616,1.019851,0.992623,1.050493,0.992626,1.019158,0.996585,0,0.0000000436488,3.94134E-12,2.04093E-10,6.80275E-12,6.80274E-12,6.80266E-12,92.510208,1.609184,0.000015688
extr1b_A_25,9053,2836,2836,0,r,1,0,3.192172,1,10,3513,5540,38.805,8564,489,94.598,8397,656,92.754,7.247904,8.42432,9.802944,8.562112,8.275072,8.015008,9.027872,0.860355,0.73936,0.846509,0.875872,0.904292,0.802836,0,0.0000000507496,2.20408E-12,7.2854E-11,0.00000000139897,0.00000000139897,0.00000000139897,6.241312,1.161279,0.00000727844
nemspmm2,68225,2301,8734,0,r,1,0,29.650152,1,633,34162,34063,50.073,52896,15329,77.532,47130,21095,69.08,50.29203,57.63459,60.113663,58.941505,56.23341,56.074623,57.149567,0.872602,0.836616,0.853253,0.894344,0.896877,0.880007,0,0.0000000292053,1.02089E-10,1.83367E-10,0.00000000329171,0.00000000329171,0.00000000329171,26.690912,1.884238,0.0000157828
adder_dcop_67,11246,1813,1813,0,r,1,0,6.202978,1,1310,11228,18,99.84,7876,3370,70.034,3340,7906,29.699,19.421984,22.996704,23.479168,23.212353,22.496511,19.721439,23.617409,0.844555,0.827201,0.836709,0.863333,0.984816,0.822359,0,0.0000000216152,0.0000000013846,3.14971E-12,0.0000000206036,0.0000000206036,0.0000000206036,15.523904,1.251102,0.0000090134
extr1b_A_39,9052,2836,2836,0,r,1,0,3.191819,1,10,3511,5541,38.787,8563,489,94.598,8396,656,92.753,7.257408,8.460416,9.80656,8.576928,8.279296,8.008192,9.0352,0.857807,0.740056,0.846155,0.876573,0.906248,0.803237,0,0.0000000422534,2.43362E-12,6.92834E-11,0.00000000510339,0.00000000510339,0.00000000510339,6.237728,1.16347,0.00000644257
adder_dcop_32,11246,1813,1813,0,r,1,0,6.202978,1,1310,11228,18,99.84,7838,3408,69.696,3266,7980,29.041,19.427809,23.011904,23.470367,23.00816,22.436224,19.715521,23.62064,0.84425,0.827759,0.844388,0.865913,0.985407,0.822493,0,0.0000000280099,0.00000000230709,2.90037E-12,0.0000000250839,0.0000000250839,0.0000000250839,15.569824,1.247786,0.00000471316
dw256B,2500,512,512,0,r,1,0,4.882812,3,8,2500,0,100,1092,1408,43.68,536,1964,21.44,3.80176,3.888704,5.251776,4.35728,3.919296,3.828768,4.301504,0.977642,0.7239,0.872508,0.970011,0.992946,0.883821,0,0.0000000419223,0.0000000419223,4.71441E-10,0.0000000210476,0.0000000210476,0.0000000210476,3.796224,1.001458,0.00000754501
small_A_12,3300,705,1428,0,r,1,0,4.680851,2,19,1437,1863,43.545,2809,491,85.121,2219,1081,67.242,4.78368,5.278528,6.582784,5.68416,4.987488,4.88992,5.3768,0.906253,0.726696,0.841581,0.959136,0.978274,0.889689,0,0.0000000360355,4.39792E-11,1.41764E-10,0.0000000335576,0.0000000335576,0.0000000335576,3.473856,1.377052,0.00000619986
extr1b_A_09,9053,2836,2836,0,r,1,0,3.192172,1,10,3507,5546,38.739,8564,489,94.598,8397,656,92.754,7.239648,8.413952,9.789792,8.563072,8.255616,8.010848,9.028384,0.860434,0.73951,0.84545,0.876936,0.903731,0.801876,0,0.0000000478147,2.29812E-12,6.43653E-11,6.32901E-10,6.32901E-10,6.32901E-10,6.216096,1.164662,0.00000659125
adder_dcop_18,11246,1813,1813,0,r,1,0,6.202978,1,1310,11228,18,99.84,7710,3536,68.558,3134,8112,27.868,19.407871,22.983969,24.570112,23.310495,22.388927,19.656033,23.609856,0.844409,0.789898,0.832581,0.866851,0.987375,0.822024,0,0.0000000260239,0.00000000610855,1.93597E-11,0.0000000255622,0.0000000255622,0.0000000255622,14.638432,1.325816,0.00000442369
scagr7-2c_A_1,605,167,239,0,r,1,0,3.622754,1,10,143,462,23.636,0,605,0,1,604,0.165,2.365824,2.508736,3.406272,2.403456,2.812128,2.77008,2.775744,0.943034,0.694549,0.984343,0.841293,0.854063,0.852321,0,0.0000000402605,0.0000000068044,0,4.22629E-10,4.22629E-10,4.22629E-10,3.24336,0.729436,0.00000564341
plddb_A_09,10829,3069,5049,0,r,1,0,3.528511,1,9,2475,8354,22.855,2475,8354,22.855,1107,9722,10.223,7.931136,9.828096,10.977632,10.93648,7.864928,7.857056,9.54096,0.806986,0.722482,0.7252,1.008418,1.009428,0.831272,0,0.0000000370807,1.08128E-10,1.08128E-10,3.50416E-10,3.50416E-10,3.50416E-10,6.719328,1.180347,0.00000646018
rail_1357_B,173,1357,7,0,r,1,1184,0.127487,0,1,173,0,100,0,173,0,173,0,100,2.466688,2.728928,2.78096,2.70768,2.275296,2.258304,2.760288,0.903904,0.886991,0.910997,1.084117,1.092274,0.893634,0,0.0000000353666,0.0000000353666,0,0.0000000353666,0.0000000353666,0.0000000353666,3.200352,0.770755,0.00000322653
Chem97ZtZ,7361,2541,2541,1,r,1,0,2.896891,2,101,0,7361,0,686,6675,9.319,686,6675,9.319,7.5248,8.485344,7.852096,8.941984,8.013664,7.660416,8.848864,0.8868,0.958317,0.841513,0.938996,0.982296,0.850369,0,0.0000000347526,0,1.57133E-10,6.10495E-10,6.10495E-10,6.10495E-10,6.82144,1.10311,0.0000103273
M20PI_n1,2547,1028,1028,0,r,1,1,2.477626,0,8,503,2044,19.749,476,2071,18.689,30,2517,1.178,3.727936,3.834272,5.179904,4.174496,3.618752,3.761792,3.979936,0.972267,0.719692,0.893027,1.030172,0.991,0.936682,0,0.0000000283745,0.00000000419989,4.41014E-11,0.00000000442795,0.00000000442795,0.00000000442795,3.841824,0.970356,0.00000574462
ex29,23754,2870,2870,0,r,1,0,8.276655,1,9,23575,179,99.246,8986,14768,37.829,2393,21361,10.074,25.588896,27.790209,29.118015,30.281376,25.741377,25.785856,27.106016,0.920788,0.878799,0.845037,0.994076,0.992362,0.94403,0,0.0000000268493,0.00000000533266,2.324E-10,0.0000000263155,0.0000000263155,0.0000000263155,15.289408,1.673636,0.00000349969
cdde2,4681,961,961,0,r,1,0,4.870968,3,5,1860,2821,39.735,0,4681,0,0,4681,0,5.371392,5.86928,6.995808,5.593248,5.40176,5.36944,5.413152,0.91517,0.767801,0.960335,0.994378,1.000363,0.992285,0,0.000000037956,0.00000000422754,0,0,0,0,4.750464,1.130709,0.00000715239
small_A_11,3322,711,1433,0,r,1,0,4.672293,2,19,1443,1879,43.438,2818,504,84.828,2189,1133,65.894,4.778784,5.219456,6.38224,5.578688,5.056416,4.980448,5.430272,0.915571,0.748763,0.856614,0.945093,0.959509,0.880027,0,0.0000000397863,4.21897E-11,1.44468E-10,0.0000000388821,0.0000000388821,0.0000000388821,4.515328,1.058347,0.00000596138
rdist3a,61896,2398,2398,0,r,1,0,25.81151,1,93,56972,4924,92.045,54606,7290,88.222,32238,29658,52.084,54.383007,60.721088,62.857311,64.160637,57.396671,57.006306,59.232544,0.89562,0.865182,0.847607,0.947494,0.953982,0.918127,0,0.000000050604,2.72571E-10,8.44764E-11,4.4525E-10,4.4525E-10,4.4525E-10,28.835745,1.885958,0.00000949798
adder_dcop_35,11246,1813,1813,0,r,1,0,6.202978,1,1310,11228,18,99.84,7803,3443,69.385,3247,7999,28.872,19.430304,22.979616,24.647137,23.206688,22.525633,19.741024,23.624577,0.845545,0.788339,0.837272,0.862586,0.98426,0.822461,0,0.0000000281096,0.00000000301649,5.93197E-12,0.0000000275056,0.0000000275056,0.0000000275056,14.65968,1.325425,0.00000532683
lp_greenbeb,31070,2392,5598,0,r,1,3,12.98913,0,275,14015,17055,45.108,5119,25951,16.476,738,30332,2.375,24.964737,28.919872,31.882113,27.89904,25.325888,25.122496,26.041248,0.863238,0.783033,0.894824,0.98574,0.99372,0.958661,0,0.0000000544535,0.00000000939454,4.77232E-10,0.00000000128485,0.00000000128485,0.00000000128485,14.627744,1.70667,0.00000701467
adder_dcop_26,11246,1813,1813,0,r,1,0,6.202978,1,1310,11228,18,99.84,7612,3634,67.686,2696,8550,23.973,19.425695,22.981279,24.246784,23.223104,22.32048,19.603424,23.589952,0.845283,0.801166,0.836481,0.870308,0.990934,0.823473,0,0.0000000255623,0.00000000843933,1.52845E-11,0.0000000213319,0.0000000213319,0.0000000213319,14.64944,1.326037,0.00000747076
S40PI_n,5341,2182,2182,0,r,1,0,2.447754,1,12,961,4380,17.993,934,4407,17.487,23,5318,0.431,5.4032,5.799168,7.325504,6.362048,5.377568,5.35088,5.436672,0.93172,0.737588,0.849286,1.004767,1.009778,0.993843,0,0.0000000696896,0.00000000157536,1.46809E-11,6.36946E-10,6.36946E-10,6.36946E-10,5.231488,1.032823,0.00000732284
extr1b_A_13,9053,2836,2836,0,r,1,0,3.192172,1,10,3509,5544,38.761,8564,489,94.598,8397,656,92.754,7.230528,8.414112,10.730624,8.594656,8.297184,8.001376,9.028096,0.859333,0.673822,0.841282,0.871444,0.903661,0.800892,0,0.0000000446815,2.70341E-12,7.28736E-11,0.00000000274006,0.00000000274006,0.00000000274006,6.236864,1.159321,0.00000924385
adder_dcop_15,11246,1813,1813,0,r,1,0,6.202978,1,1310,11228,18,99.84,7585,3661,67.446,3060,8186,27.21,19.413729,22.992512,23.48912,23.217505,22.413568,19.650305,23.63488,0.84435,0.826499,0.836168,0.86616,0.987961,0.821402,0,0.0000000183135,0.00000000461802,2.82859E-11,0.0000000169715,0.0000000169715,0.0000000169715,15.510432,1.251656,0.0000212315
model5,89925,1888,11802,0,r,1,144,47.629767,0,307,39804,50121,44.264,32419,57506,36.051,12912,77013,14.359,53.458431,51.913406,57.902527,55.65757,50.567455,50.180801,53.635777,1.029762,0.923249,0.960488,1.057171,1.065316,0.996694,0,0.0000000361433,0.00000000109443,3.64445E-10,1.6336E-10,1.6336E-10,1.6336E-10,28.67696,1.86416,0.0000117897
small_A_02,3144,687,1413,0,r,1,0,4.576419,2,21,1322,1822,42.048,2623,521,83.429,2031,1113,64.599,4.72144,5.08336,6.253056,5.53184,4.877152,4.859296,5.384448,0.928803,0.755061,0.853503,0.968073,0.97163,0.876866,0,0.0000000330768,3.95976E-11,1.54236E-10,0.0000000317147,0.0000000317147,0.0000000317147,4.376288,1.078869,0.00000694382
tols1090,3546,1090,1090,0,r,1,0,3.253211,1,90,484,3062,13.649,3336,210,94.078,3546,0,100,4.440576,5.21712,6.33712,5.369696,5.104672,5.016672,5.113536,0.851155,0.700725,0.82697,0.869904,0.885164,0.868396,0,0.0000000365874,2.06838E-14,2.70723E-11,0.0000000365874,0.0000000365874,0.0000000365874,4.677568,0.949334,0.00000524281
illc1850,8758,1850,712,0,r,1,0,4.734054,3,5,8751,7,99.92,678,8080,7.741,0,8758,0,8.39488,9.234016,9.504992,9.844672,8.411136,8.412064,8.660096,0.909126,0.883208,0.852733,0.998067,0.997957,0.969375,0,0.0000000441563,0.0000000439822,6.42197E-10,0,0,0,6.79824,1.234861,0.00000685431
tols2000,5184,2000,2000,0,r,1,0,2.592,1,90,485,4699,9.356,4801,383,92.612,5184,0,100,5.279456,5.821856,7.206784,6.084352,5.854176,5.71264,5.797632,0.906834,0.732568,0.867711,0.901827,0.924171,0.910623,0,0.0000000381348,6.27811E-15,2.52087E-11,0.0000000381348,0.0000000381348,0.0000000381348,4.9808,1.059961,0.00000500836
lpi_greenbea,31074,2393,5596,0,r,1,3,12.985374,0,275,14017,17057,45.108,5119,25955,16.474,738,30336,2.375,24.927904,28.886433,30.84432,27.857504,25.412449,25.168673,26.103968,0.862962,0.808185,0.894836,0.980933,0.990434,0.954947,0,0.0000000428693,0.00000000965335,4.78755E-10,0.00000000134965,0.00000000134965,0.00000000134965,14.649504,1.701621,0.0000231835
reorientation_7,37150,3057,3057,1,r,1,0,12.152437,1,2872,29023,8127,78.124,36931,219,99.41,37150,0,100,34.171806,41.58992,42.731071,42.828575,41.053791,40.802914,41.673119,0.821637,0.799695,0.797874,0.832367,0.837484,0.819996,0,0.0000000156563,4.6999E-15,9.37457E-13,0.0000000156563,0.0000000156563,0.0000000156563,21.64192,1.578964,0.00000114507
M40PI_n1_E,2028,2028,2028,1,r,1,0,1,1,1,2028,0,100,1205,823,59.418,2028,0,100,3.237568,3.302848,3.314848,3.802304,3.310752,3.290176,3.312512,0.980235,0.976687,0.851475,0.977895,0.984011,0.977375,0,0.0000000196033,0.0000000196033,1.56493E-10,0.0000000196033,0.0000000196033,0.0000000196033,3.716768,0.871071,0.00000360178
lp_80bau3b,23264,2262,12061,0,r,1,0,10.284704,1,113,5445,17819,23.405,1686,21578,7.247,204,23060,0.877,22.49728,25.421856,25.827072,24.144672,22.550625,22.449184,23.159391,0.884958,0.871074,0.93177,0.997634,1.002142,0.971411,0,0.0000000198769,0.00000000253299,1.03186E-10,2.0602E-10,2.0602E-10,2.0602E-10,13.60432,1.653687,0.00000236683
plddb_A_11,10835,3069,5049,0,r,1,0,3.530466,1,9,2475,8360,22.843,2475,8360,22.843,1107,9728,10.217,7.902464,9.838336,10.97872,10.950144,7.860128,7.860576,9.591872,0.803232,0.719798,0.721677,1.005386,1.005329,0.823871,0,0.0000000390457,9.9924E-11,9.9924E-11,3.20815E-10,3.20815E-10,3.20815E-10,6.768992,1.167451,0.00000657909
bp_200,3802,822,822,0,r,1,0,4.625304,1,283,1092,2710,28.722,807,2995,21.226,507,3295,13.335,6.020288,7.492224,7.441888,6.906432,6.896928,6.417504,6.906464,0.803538,0.808973,0.871693,0.872894,0.938104,0.871689,0,0.0000000333975,5.91395E-10,2.20164E-10,0.00000000142819,0.00000000142819,0.00000000142819,5.377184,1.119599,0.00000818395
nasa2146,72250,2146,2146,1,r,1,0,33.667288,14,36,2,72248,0.003,21406,50844,29.628,0,72250,0,48.086239,55.249088,49.864639,52.919392,48.472416,48.179424,49.143105,0.870354,0.964335,0.90867,0.992033,0.998066,0.978494,0,0.0000000425541,2.30131E-15,4.53037E-10,0,0,0,27.203169,1.76767,0.00000908881
rdb800l,4640,800,800,0,r,1,0,5.8,4,6,0,4640,0,0,4640,0,0,4640,0,4.858496,5.30144,6.003456,4.919552,4.86576,4.835456,4.862784,0.916448,0.809283,0.987589,0.998507,1.004765,0.999118,0,0.0000000440807,0,0,0,0,0,3.53616,1.373947,0.00000725538
adder_dcop_30,11246,1813,1813,0,r,1,0,6.202978,1,1310,11228,18,99.84,7846,3400,69.767,3272,7974,29.095,19.418688,22.983007,23.467072,23.233952,22.434561,19.708351,23.655872,0.844915,0.827487,0.835789,0.86557,0.985303,0.820882,0,0.0000000244802,0.00000000191356,6.87407E-12,0.0000000235707,0.0000000235707,0.0000000235707,15.507264,1.252232,0.00000440968
cdde3,4681,961,961,0,r,1,0,4.870968,3,5,1860,2821,39.735,0,4681,0,0,4681,0,5.357632,5.882176,6.46848,5.603136,5.384608,5.460544,5.508736,0.910825,0.828268,0.956185,0.99499,0.981154,0.97257,0,0.000000037591,0.0000000113283,0,0,0,0,4.936864,1.08523,0.00000759692
QRpivot,3808,660,749,0,r,1,0,5.769697,1,16,2176,1632,57.143,1352,2456,35.504,488,3320,12.815,4.819584,5.394784,6.450432,5.664352,4.915072,4.893664,5.424768,0.893378,0.747172,0.850862,0.980572,0.984862,0.888441,0,0.0000000402149,0.00000000981805,6.68661E-10,0.00000000324646,0.00000000324646,0.00000000324646,3.515968,1.37077,0.00000704523
extr1b_A_20,9053,2836,2836,0,r,1,0,3.192172,1,10,3511,5542,38.783,8564,489,94.598,8397,656,92.754,7.254368,8.412672,9.818976,8.576992,8.238144,8.012032,9.041248,0.862314,0.738811,0.845794,0.880583,0.905434,0.802364,0,0.0000000438474,2.34714E-12,6.31341E-11,0.00000000898804,0.00000000898804,0.00000000898804,6.23872,1.162797,0.00000705711
YaleB_10NN,34808,2414,2414,1,r,1,0,14.419221,10,53,34808,0,100,2,34806,0.006,0,34808,0,24.013121,27.404768,28.304512,24.945345,24.158432,24.070145,24.721088,0.876239,0.848385,0.962629,0.993985,0.997631,0.971362,0,0.0000000445658,0.0000000445658,1.20846E-11,0,0,0,14.163584,1.695413,0.00000825399
bwm2000,7996,2000,2000,0,r,1,0,3.998,3,4,0,7996,0,2000,5996,25.013,0,7996,0,5.178752,5.354272,5.300896,6.152512,5.026912,4.902944,5.114304,0.967219,0.976958,0.84173,1.030205,1.056254,1.012601,0,0.0000000372105,0,3.55625E-12,0,0,0,4.711648,1.099138,0.00000609446
M40PI_n_E,2063,2182,2182,1,r,1,119,0.945463,0,1,2063,0,100,1214,849,58.846,2063,0,100,3.137696,3.432448,4.694624,3.865088,3.501664,3.323232,3.688992,0.914128,0.668359,0.811805,0.896059,0.94417,0.850556,0,0.0000000231932,0.0000000231932,1.91416E-10,0.0000000231932,0.0000000231932,0.0000000231932,2.84448,1.103082,0.00000545076
S40PI_n_E,2063,2182,2182,1,r,1,119,0.945463,0,1,2063,0,100,1214,849,58.846,2063,0,100,3.27248,3.432896,4.146336,3.846976,3.50304,3.328352,3.701088,0.953271,0.789246,0.850663,0.934183,0.983213,0.884194,0,0.0000000344734,0.0000000344734,2.57427E-10,0.0000000344734,0.0000000344734,0.0000000344734,3.748896,0.872918,0.00000309686
reorientation_6,37342,3006,3006,1,r,1,0,12.422488,1,2824,28824,8518,77.189,37162,180,99.518,37342,0,100,33.484608,40.883457,41.885216,41.986496,40.247585,40.072159,40.911263,0.819026,0.799437,0.797509,0.831966,0.835608,0.818469,0,0.0000000704292,1.69174E-14,1.29669E-11,0.0000000704292,0.0000000704292,0.0000000704292,21.121857,1.585306,0.00000247162
nos7,4617,729,729,1,r,1,0,6.333333,4,7,2069,2548,44.813,4401,216,95.322,4239,378,91.813,4.762816,5.029056,5.846464,4.978144,5.070848,4.907488,5.017376,0.94706,0.814649,0.956745,0.939254,0.97052,0.949264,0,0.0000000467892,1.80418E-15,1.81147E-11,1.79797E-11,1.79797E-11,1.79797E-11,4.326464,1.100856,0.00000657101
sherman4,3786,1104,1104,0,r,1,0,3.429348,1,7,5,3781,0.132,1,3785,0.026,558,3228,14.739,4.329536,4.870304,5.168896,4.345952,4.308096,4.196608,4.851456,0.888966,0.837613,0.996223,1.004977,1.031675,0.89242,0,0.0000000472827,5.72237E-11,5.3431E-11,0.00000000132518,0.00000000132518,0.00000000132518,4.212672,1.027741,0.00000751751
extr1b_A_19,11404,2836,2836,0,r,1,0,4.021157,1,10,10623,781,93.152,10451,953,91.643,10213,1191,89.556,12.794464,14.512832,16.302496,15.430976,14.32048,14.227712,15.341312,0.881597,0.784816,0.829142,0.893438,0.899264,0.833988,0,0.0000000394774,6.38541E-11,1.99996E-11,8.15955E-10,8.15955E-10,8.15955E-10,9.416224,1.358768,0.0000137372
extr1b_A_23,9052,2836,2836,0,r,1,0,3.191819,1,10,3512,5540,38.798,8563,489,94.598,8396,656,92.753,7.245344,8.405728,10.640576,8.58512,8.285536,8.007968,9.060672,0.861953,0.680917,0.843942,0.874457,0.904767,0.799648,0,0.0000000351885,2.1875E-12,6.97747E-11,0.00000000927933,0.00000000927933,0.00000000927933,6.31664,1.147025,0.00000700778
piston_B,11,2025,1,0,r,1,2014,0.005432,0,1,11,0,100,1,10,9.091,11,0,100,2.43392,2.510656,3.240512,2.775456,2.249888,2.210272,2.768448,0.969436,0.751091,0.876944,1.081796,1.101186,0.879164,0,0.000000040972,0.000000040972,3.52298E-10,0.000000040972,0.000000040972,0.000000040972,3.232512,0.75295,0.00000318902
bcsstk13,83883,2003,2003,1,r,1,0,41.878682,5,95,15504,68379,18.483,72181,11702,86.05,43506,40377,51.865,46.663391,53.458752,54.352417,56.229504,50.392384,50.172127,52.142975,0.872886,0.858534,0.829874,0.926001,0.930066,0.894912,0,0.0000000446578,1.76021E-14,6.80902E-11,4.88137E-11,4.88137E-11,4.88137E-11,25.542784,1.826872,0.00000925964
lp_d2q06c,33081,2171,5831,0,r,1,0,15.237678,1,144,15289,17792,46.217,25164,7917,76.068,21999,11082,66.5,22.8624,26.883713,28.887712,28.153376,25.818399,25.730783,27.009888,0.850418,0.791423,0.812066,0.885508,0.888523,0.846446,0,0.0000000487393,2.02143E-10,3.77025E-10,3.57707E-10,3.57707E-10,3.57707E-10,13.683264,1.670829,0.00000656225
ex20,69981,2203,2203,0,r,1,0,31.766228,8,67,69981,0,100,49287,20694,70.429,8798,61183,12.572,48.74691,55.016289,56.671009,56.349056,50.181183,49.936382,51.378143,0.886045,0.860174,0.865088,0.971418,0.97618,0.948787,0,0.0000000434052,0.0000000434052,7.29937E-11,3.39245E-11,3.39245E-11,3.39245E-11,26.51296,1.838607,0.00000798465
plddb_A_07,10768,3069,5049,0,r,1,0,3.508635,1,9,2475,8293,22.985,2475,8293,22.985,1107,9661,10.28,7.896128,9.819552,11.834688,10.948704,7.8968,7.857088,9.527904,0.804123,0.667202,0.721193,0.999915,1.004969,0.828737,0,0.0000000395683,9.68936E-11,9.68936E-11,3.25647E-10,3.25647E-10,3.25647E-10,6.7168,1.175579,0.00000636168
ex26,94033,2163,2163,0,r,1,0,43.473417,7,136,89207,4826,94.868,60753,33280,64.608,7006,87027,7.451,53.282818,58.290657,62.967712,58.561951,54.280991,53.559551,55.063999,0.914088,0.846193,0.909854,0.981611,0.994833,0.967653,0,0.0000000473058,0.00000000711545,1.59429E-10,9.15196E-11,9.15196E-11,9.15196E-11,27.719393,1.922222,0.00000806525
extr1b_A_41,9053,2836,2836,0,r,1,0,3.192172,1,10,3513,5540,38.805,8564,489,94.598,8397,656,92.754,7.252064,8.442048,9.809184,8.578464,8.282848,8.030432,9.06656,0.859041,0.739314,0.84538,0.875552,0.903073,0.799869,0,0.0000000426128,2.15595E-12,6.61458E-11,0.00000000184803,0.00000000184803,0.00000000184803,6.257056,1.159022,0.00000739519
extr1b_A_18,9052,2836,2836,0,r,1,0,3.191819,1,10,3512,5540,38.798,8565,487,94.62,8399,653,92.786,7.256416,8.397568,9.804608,8.565792,8.28944,8.063168,9.032768,0.864109,0.740103,0.847139,0.875381,0.899946,0.803344,0,0.0000000425614,2.21431E-12,6.44572E-11,6.02837E-10,6.02837E-10,6.02837E-10,6.273536,1.156671,0.00000792966
dataset22mfeatzernike_10NN,27414,2000,2000,1,r,1,0,13.707,10,40,27402,12,99.956,6,27408,0.022,0,27414,0,20.178944,22.830145,24.047552,20.95904,20.207359,20.105568,20.622368,0.883873,0.839127,0.96278,0.998594,1.00365,0.978498,0,0.0000000350371,0.0000000350846,2.89176E-11,0,0,0,12.445504,1.621384,0.00000813629
adder_dcop_66,11246,1813,1813,0,r,1,0,6.202978,1,1310,11228,18,99.84,7876,3370,70.034,3340,7906,29.699,19.390881,22.979073,24.18816,23.211329,22.455809,19.69952,23.60096,0.84385,0.801668,0.835406,0.863513,0.984333,0.821614,0,0.0000000219038,0.00000000198416,2.37182E-12,0.000000021634,0.000000021634,0.000000021634,14.658016,1.322886,0.00000500371
extr1b_A_21,11405,2836,2836,0,r,1,0,4.021509,1,10,10647,758,93.354,10391,1014,91.109,10258,1147,89.943,12.74976,14.510688,15.457952,15.273056,14.270944,14.189632,15.318688,0.878646,0.824803,0.834788,0.893407,0.898526,0.832301,0,0.0000000495898,4.49775E-11,5.45548E-12,0.00000000275356,0.00000000275356,0.00000000275356,9.409344,1.355011,0.00000260519
adder_dcop_63,11246,1813,1813,0,r,1,0,6.202978,1,1310,11228,18,99.84,7876,3370,70.034,3340,7906,29.699,19.439104,22.989088,24.043713,23.190687,22.476192,19.730783,23.619232,0.84558,0.80849,0.838229,0.864875,0.985217,0.82302,0,0.0000000232322,0.00000000181076,2.4453E-12,0.0000000230308,0.0000000230308,0.0000000230308,15.5248,1.252132,0.00000284547
adder_dcop_36,11246,1813,1813,0,r,1,0,6.202978,1,1310,11228,18,99.84,7826,3420,69.589,3255,7991,28.944,19.43152,23.010529,24.041952,23.192608,22.493441,19.685921,23.618273,0.844462,0.808234,0.837832,0.863875,0.987077,0.822732,0,0.0000000268447,0.00000000166119,4.35293E-12,0.000000024741,0.000000024741,0.000000024741,15.50464,1.253271,0.0000043892
lp_cre_c,15977,3068,6411,0,r,1,82,5.207627,0,317,45,15932,0.282,8,15969,0.05,11,15966,0.0689999999999999,13.933024,16.007296,15.41776,14.545792,13.89136,13.839264,14.339648,0.870417,0.9037,0.957873,1.002999,1.006775,0.971643,0,0.0000000352087,1.70876E-10,5.02037E-11,3.68027E-11,3.68027E-11,3.68027E-11,10.216256,1.363809,0.00000595972
nemscem,3840,651,1712,0,r,1,0,5.898618,1,137,2348,1492,61.146,0,3840,0,172,3668,4.479,4.856896,5.65376,5.493056,4.92752,4.984544,4.874528,5.204896,0.859056,0.884188,0.985667,0.974391,0.996383,0.93314,0,0.0000000359358,0.0000000256608,0,0.0000000100245,0.0000000100245,0.0000000100245,4.415968,1.099849,0.0000123235
nos6,3255,675,675,1,r,1,0,4.822222,3,5,1676,1579,51.49,2661,594,81.751,2530,725,77.727,4.360992,4.814592,6.230848,4.860192,4.83632,4.752768,4.854784,0.905786,0.699903,0.897288,0.901717,0.917569,0.898288,0,0.0000000413295,5.82964E-16,3.77431E-13,0.00000000161338,0.00000000161338,0.00000000161338,3.291872,1.324776,0.00000734492
extr1b_A_43,9053,2836,2836,0,r,1,0,3.192172,1,10,3511,5542,38.783,8564,489,94.598,8398,655,92.765,7.262784,8.422368,10.718272,8.574304,8.285408,8.009472,9.01392,0.862321,0.677608,0.847041,0.876575,0.906774,0.80573,0,0.0000000440129,2.20511E-12,6.80746E-11,0.00000000311616,0.00000000311616,0.00000000311616,6.22,1.16765,0.00000697455
adder_dcop_37,11246,1813,1813,0,r,1,0,6.202978,1,1310,11228,18,99.84,7826,3420,69.589,3259,7987,28.979,19.380257,23.000736,24.547009,22.991808,22.484833,19.695553,23.619743,0.842593,0.789516,0.84292,0.861926,0.983992,0.820511,0,0.0000000280858,0.00000000174526,6.43517E-12,0.0000000279697,0.0000000279697,0.0000000279697,14.649344,1.322944,0.0000120451
adder_dcop_68,11246,1813,1813,0,r,1,0,6.202978,1,1310,11228,18,99.84,7876,3370,70.034,3340,7906,29.699,19.428673,23.013216,23.491585,23.212671,22.48288,19.700159,23.634752,0.84424,0.827048,0.836986,0.864154,0.986219,0.822038,0,0.0000000249829,0.00000000499981,1.67375E-12,0.0000000182849,0.0000000182849,0.0000000182849,15.51776,1.252028,0.00000470516
circuit_1,35823,2624,2624,0,r,1,0,13.652058,1,2571,35750,73,99.796,35096,727,97.971,17396,18427,48.561,34.695713,39.863743,41.325153,41.317215,39.782974,36.972191,40.002209,0.870358,0.839579,0.83974,0.872125,0.938427,0.867345,0,0.000000023016,0.00000000155953,3.19182E-11,0.0000000173426,0.0000000173426,0.0000000173426,23.003424,1.508285,0.0000072724
small_A_10,3328,710,1433,0,r,1,0,4.687324,2,20,1457,1871,43.78,2826,502,84.916,2176,1152,65.385,4.82448,5.238784,6.475456,5.711552,4.9936,4.924224,5.537824,0.920916,0.745041,0.844688,0.966133,0.979744,0.871187,0,0.0000000296392,4.97964E-11,1.48245E-10,0.0000000285145,0.0000000285145,0.0000000285145,4.641248,1.039479,0.00000812901
lns_511,2796,511,511,0,r,1,0,5.471624,1,11,1903,893,68.062,2586,210,92.489,2536,260,90.701,3.99568,4.373184,4.408992,4.566336,4.518592,4.35344,4.766176,0.913678,0.906257,0.87503,0.884275,0.917821,0.838341,0,0.0000000332004,4.0217E-18,2.18836E-11,4.04336E-11,4.04336E-11,4.04336E-11,3.91984,1.019348,0.00000700564
fs_680_2,2646,680,680,0,r,1,0,3.891176,1,8,350,2296,13.228,2383,263,90.06,2065,581,78.042,3.248128,3.292416,4.251136,3.378848,3.818944,3.769248,3.805248,0.986548,0.764061,0.961312,0.85053,0.861744,0.853592,0,0.0000000349478,3.85586E-19,7.20437E-11,5.92427E-11,5.92427E-11,5.92427E-11,2.454016,1.323597,0.00000796285
TSOPF_FS_b9_c1_b,2453,2454,1,0,r,1,1,0.999593,0,1,2434,19,99.225,2426,27,98.899,2453,0,100,3.351904,3.803872,4.620512,3.662816,3.668032,3.688128,3.60624,0.881182,0.72544,0.915117,0.913815,0.908836,0.929473,0,0.0000000565559,1.1433E-11,5.18483E-12,0.0000000565559,0.0000000565559,0.0000000565559,3.869728,0.866186,0.00000479272
progas,8897,1650,1900,0,r,1,0,5.392121,1,18,3935,4962,44.228,8205,692,92.222,7490,1407,84.186,8.44288,9.53888,10.561408,10.387744,9.492608,9.404192,9.9376,0.885102,0.799409,0.812773,0.889416,0.897778,0.849589,0,0.0000000392663,1.23982E-11,8.59619E-11,0.0000000386984,0.0000000386984,0.0000000386984,6.668096,1.26616,0.00000639682
adder_dcop_08,11242,1813,1813,0,r,1,0,6.200772,1,1310,11223,19,99.831,6665,4577,59.287,1913,9329,17.017,19.396832,23.002625,24.188383,23.135777,22.341473,19.561953,23.356352,0.843244,0.801907,0.838391,0.868198,0.991559,0.830474,0,0.0000000308696,0.00000000750701,5.77454E-11,0.0000000283105,0.0000000283105,0.0000000283105,14.663936,1.322758,0.0000172385
heart3,682797,2339,2339,0,r,1,0,291.918341,56,603,34248,648549,5.016,301007,381790,44.084,1903,680894,0.279,149.211807,145.889252,147.533051,141.389893,151.263229,145.534653,149.36586,1.022775,1.011379,1.055322,0.986438,1.025267,0.998969,0,0.0000000451195,3.52907E-12,1.84099E-10,4.16261E-12,4.16277E-12,4.16253E-12,92.904099,1.606084,0.0000124396
adder_dcop_31,11246,1813,1813,0,r,1,0,6.202978,1,1310,11228,18,99.84,7858,3388,69.874,3308,7938,29.415,19.420641,22.998049,24.194689,23.187584,22.453407,19.68,23.607136,0.844447,0.802682,0.837545,0.864931,0.986821,0.82266,0,0.0000000234016,0.00000000504533,1.28088E-11,0.000000022072,0.000000022072,0.000000022072,14.651808,1.325477,0.00000741338
adder_dcop_13,11245,1813,1813,0,r,1,0,6.202427,1,1310,11227,18,99.84,7263,3982,64.589,2718,8527,24.171,19.450657,23.018272,23.46064,22.945057,22.440832,19.642529,23.629185,0.845009,0.829076,0.847706,0.866753,0.990232,0.823162,0,0.0000000249081,0.00000000816421,4.38564E-11,0.0000000238387,0.0000000238387,0.0000000238387,15.850592,1.227125,0.00000304746
qh768,2934,768,768,0,r,1,0,3.820312,1,10,86,2848,2.931,2874,60,97.955,2926,8,99.727,3.286912,3.736032,4.851552,3.79616,3.835552,3.819456,3.810848,0.879787,0.677497,0.865852,0.856959,0.860571,0.862515,0,0.000000044397,1.08223E-20,1.64125E-11,0.0000000443864,0.0000000443864,0.0000000443864,2.758688,1.191477,0.00000474348
dwa512,2480,512,512,0,r,1,0,4.84375,3,7,2408,72,97.097,520,1960,20.968,128,2352,5.161,3.798944,3.905792,4.648576,4.339264,3.83648,3.818304,4.255168,0.972644,0.817228,0.875481,0.990216,0.99493,0.892784,0,0.0000000474126,0.0000000333844,3.29924E-10,0.00000000123266,0.00000000123266,0.00000000123266,3.964608,0.958214,0.00000720543
reorientation_8,37894,3108,3108,1,r,1,0,12.192407,1,2920,29581,8313,78.062,37635,259,99.317,37894,0,100,34.465248,41.967712,43.937088,43.226433,41.37328,41.194336,42.039936,0.821232,0.784423,0.797319,0.833032,0.83665,0.819822,0,0.0000000399951,2.43415E-15,4.07351E-13,0.0000000399951,0.0000000399951,0.0000000399951,21.779327,1.582475,0.00000444689
orani678_b,297,2529,86,0,r,1,2299,0.117438,0,2,67,230,22.559,9,288,3.03,181,116,60.943,2.785024,2.730176,2.911936,2.903456,2.607168,2.300032,2.939968,1.02009,0.956417,0.95921,1.068218,1.210863,0.947297,0,0.0000000134597,0.00000000259591,1.29028E-10,0.0000000115178,0.0000000115178,0.0000000115178,3.5216,0.790841,0.00000231998
extr1b_A_14,9052,2836,2836,0,r,1,0,3.191819,1,10,3508,5544,38.754,8563,489,94.598,8396,656,92.753,7.2528,8.411936,9.783072,8.586592,8.257024,7.988736,9.05312,0.862203,0.741362,0.844666,0.878379,0.907878,0.801138,0,0.0000000525438,2.58122E-12,6.84865E-11,0.000000009617,0.000000009617,0.000000009617,6.268768,1.156974,0.00000744801
jendrec1,89608,2109,4228,0,r,1,0,42.488383,3,53,6625,82983,7.393,10824,78784,12.079,0,89608,0,54.567745,59.313023,62.765442,61.762848,55.019329,54.196064,55.223743,0.919996,0.869392,0.883504,0.991792,1.006858,0.988121,0,0.000000036598,2.63309E-10,3.45033E-10,0,0,0,28.510529,1.913951,0.00000957185
tub1000,3996,1000,1000,0,r,1,0,3.996,3,4,501,3495,12.538,1000,2996,25.025,0,3996,0,3.528256,3.784768,4.615904,4.164832,3.609536,3.53216,3.544448,0.932225,0.764369,0.847154,0.977482,0.998895,0.995432,0,0.0000000409091,1.47559E-13,3.18706E-12,0,0,0,3.75536,0.939525,0.00000614818
freeFlyingRobot_4,18218,2358,2358,1,r,1,0,7.726039,1,473,8306,9912,45.592,17495,723,96.031,17074,1144,93.72,14.8296,17.747681,19.110176,18.513697,17.364609,17.51392,18.096416,0.83558,0.776005,0.801007,0.854013,0.846732,0.819477,0,0.00000003659,5.67529E-14,2.14743E-11,0.00000000701914,0.00000000701914,0.00000000701914,10.42688,1.422247,0.00000755663
adder_dcop_38,11246,1813,1813,0,r,1,0,6.202978,1,1310,11228,18,99.84,7838,3408,69.696,3270,7976,29.077,19.430592,22.950848,24.320513,23.216703,22.445215,19.682976,23.628927,0.846618,0.798938,0.836923,0.86569,0.987178,0.822322,0,0.0000000200301,0.00000000195424,7.38991E-12,0.000000019774,0.000000019774,0.000000019774,15.53968,1.250386,0.000013199
add20,17319,2395,2395,0,r,1,0,7.231315,2,124,17319,0,100,12550,4769,72.464,2064,15255,11.918,12.505344,14.848224,16.030209,16.483168,12.710976,12.51472,14.672352,0.842211,0.780111,0.758674,0.983823,0.999251,0.852307,0,0.000000047944,0.000000047944,1.10221E-10,0.0000000143253,0.0000000143253,0.0000000143253,8.553056,1.462091,0.00000692797
plddb_A_04,10765,3069,5049,0,r,1,0,3.507657,1,9,2475,8290,22.991,2475,8290,22.991,1107,9658,10.283,7.840832,9.831232,11.744256,10.919104,7.848576,7.860288,9.510688,0.797543,0.667631,0.718084,0.999013,0.997525,0.824423,0,0.0000000373877,8.36669E-11,8.36669E-11,2.99579E-10,2.99579E-10,2.99579E-10,5.848832,1.340581,0.00000703638
adder_trans_01,14579,1814,1814,0,r,1,0,8.036935,1,1335,14559,20,99.863,2722,11857,18.671,273,14306,1.873,22.797377,25.7712,26.795263,26.388927,24.192448,22.815231,25.086176,0.884607,0.850799,0.863899,0.942334,0.999217,0.908763,0,0.0000000341702,0.00000000880442,1.03957E-10,0.0000000206847,0.0000000206847,0.0000000206847,15.355392,1.48465,0.00000946623
scrs8-2c_A_2,983,252,475,0,r,1,0,3.900794,1,15,267,716,27.162,102,881,10.376,12,971,1.221,2.761664,2.924128,3.510656,2.774592,2.820128,2.77648,2.770528,0.94444,0.786652,0.995341,0.979269,0.994664,0.996801,0,0.0000000303653,0.00000000229294,2.55182E-10,6.00791E-10,6.00791E-10,6.00791E-10,3.473984,0.794956,0.0000067737
fxm3_6,57722,6200,12625,0,r,1,0,9.31,1,57,22066,35656,38.228,44544,13178,77.17,40615,17107,70.363,57.130527,65.03894,67.469315,68.429695,63.310303,63.275169,66.605408,0.878405,0.846763,0.834879,0.902389,0.90289,0.857746,0,0.0000000357427,2.10289E-10,5.36913E-10,0.00000000511418,0.00000000511418,0.00000000511418,32.037567,1.783236,0.00000812515
nos2,4137,957,957,1,r,1,0,4.322884,2,5,0,4137,0,3182,955,76.916,2546,1591,61.542,5.341152,5.832544,5.57648,6.40528,5.771072,5.723136,6.399168,0.91575,0.9578,0.833867,0.925504,0.933256,0.834664,0,0.0000000394027,0,5.07828E-10,3.42976E-10,3.42976E-10,3.42976E-10,4.789632,1.115149,0.00000697674
adder_dcop_49,11246,1813,1813,0,r,1,0,6.202978,1,1310,11228,18,99.84,7860,3386,69.892,3319,7927,29.513,19.431681,22.98912,24.049248,23.175713,22.465536,19.663168,23.620577,0.845256,0.807995,0.83845,0.864955,0.988227,0.822659,0,0.0000000274347,0.000000004024,6.03599E-12,0.0000000271493,0.0000000271493,0.0000000271493,15.506304,1.253147,0.00000387031
spaceShuttleEntry_2,24073,1428,1428,1,r,1,0,16.857843,2,1323,14605,9468,60.67,10586,13487,43.975,839,23234,3.485,29.34672,31.940767,36.014305,36.003136,29.684769,29.663776,30.294497,0.918786,0.814863,0.815116,0.988612,0.989312,0.968715,0,0.0000000425946,0.00000000189613,3.94673E-10,5.6412E-11,5.6412E-11,5.6412E-11,16.516256,1.776838,0.00000851455
extr1b_A_40,11404,2836,2836,0,r,1,0,4.021157,1,10,10625,779,93.169,10393,1011,91.135,10257,1147,89.942,12.738176,14.522112,15.956352,15.317088,14.289536,14.223424,15.364864,0.877157,0.798314,0.831632,0.891434,0.895577,0.829046,0,0.0000000718493,5.15036E-11,7.60047E-12,0.00000000423424,0.00000000423424,0.00000000423424,9.412704,1.353296,0.00000217595
olm2000,7996,2000,2000,0,r,1,0,3.998,2,6,2000,5996,25.013,2000,5996,25.013,2000,5996,25.013,6.04432,7.323008,8.019456,6.996192,5.910816,5.807488,7.149408,0.825388,0.753707,0.863944,1.022586,1.04078,0.845429,0,0.0000000530529,8.85678E-14,8.85678E-14,8.85678E-14,8.85678E-14,8.85678E-14,5.352768,1.129195,0.00000720941
rdb2048,12032,2048,2048,0,r,1,0,5.875,4,6,0,12032,0,0,12032,0,0,12032,0,9.167008,9.924896,10.424576,9.485632,9.04656,9.155264,9.392992,0.923638,0.879365,0.96641,1.013314,1.001283,0.975941,0,0.000000038767,0,0,0,0,0,7.215072,1.270536,0.00000755157
M20PI_n1_E,1028,1028,1028,1,r,1,0,1,1,1,1028,0,100,612,416,59.533,1028,0,100,2.414944,2.628064,3.192256,2.690656,2.6512,2.638752,2.627168,0.918906,0.756501,0.89753,0.910887,0.915184,0.919219,0,0.0000000404362,0.0000000404362,2.9295E-10,0.0000000404362,0.0000000404362,0.0000000404362,3.113696,0.775588,0.00000457571
adder_dcop_01,11156,1813,1813,0,r,1,0,6.153337,1,1310,11138,18,99.839,10681,475,95.742,9167,1989,82.171,19.456512,23.029921,24.231424,23.622528,22.924864,20.130112,23.128832,0.844836,0.802945,0.823642,0.848708,0.966538,0.841223,0,0.0000000304769,1.93236E-10,6.94655E-11,0.0000000303638,0.0000000303638,0.0000000303638,15.56176,1.250277,0.00000910473
ck656,3884,656,656,0,r,1,0,5.920732,2,10,3874,10,99.743,1861,2023,47.915,0,3884,0,4.679328,5.06832,5.259296,5.113728,4.780192,4.751648,4.805888,0.92325,0.889725,0.915052,0.9789,0.98478,0.973666,0,0.0000000466611,0.0000000332531,2.44154E-10,0,0,0,4.226528,1.107133,0.00000837165
spiral_E,1137732,1434,1434,0,r,1,0,793.39749,241,1434,1137732,0,100,1018220,119512,89.496,34264,1103468,3.012,218.480865,182.637756,184.401947,180.099548,212.158905,209.380615,216.283615,1.196252,1.184808,1.213112,1.029798,1.043463,1.010159,0,0.0000000493564,0.0000000493564,5.5451E-11,3.93075E-10,3.93075E-10,3.93075E-10,137.605087,1.587738,0.0000220677
TSOPF_FS_b9_c1,25032,2454,2454,1,r,1,0,10.200489,1,1210,15743,9289,62.891,15687,9345,62.668,4279,20753,17.094,22.904127,25.178465,27.278175,26.539904,23.075712,23.117887,23.905376,0.909671,0.83965,0.863007,0.992564,0.990753,0.958116,0,0.0000000499873,3.01328E-11,3.12376E-12,0.0000000055077,0.0000000055077,0.0000000055077,13.04608,1.755633,0.00000542791
small_A_06,3317,717,1440,0,r,1,0,4.62622,2,21,1429,1888,43.081,2786,531,83.992,2049,1268,61.773,4.64976,5.288832,6.682688,5.536928,4.99904,4.905696,5.458208,0.879166,0.695792,0.839772,0.930131,0.947829,0.851884,0,0.0000000449644,3.82903E-11,1.56189E-10,0.0000000437399,0.0000000437399,0.0000000437399,3.488896,1.332731,0.00000587217
lp_bnl2,14996,2324,4486,0,r,1,0,6.452668,1,82,5003,9993,33.362,762,14234,5.081,65,14931,0.433,12.350592,14.720704,15.276576,13.661312,12.517984,12.397824,13.24096,0.838995,0.808466,0.904056,0.986628,0.99619,0.932757,0,0.0000000312233,0.00000000188103,1.35001E-10,2.32355E-10,2.32355E-10,2.32355E-10,9.132192,1.352424,0.00000649043
bp_400,4028,822,822,0,r,1,0,4.900243,1,295,1261,2767,31.306,939,3089,23.312,523,3505,12.984,5.963424,7.474944,7.793728,6.971552,6.883488,6.409856,6.92112,0.797788,0.765157,0.855394,0.866338,0.930352,0.861627,0,0.0000000354807,5.91624E-10,2.16382E-10,4.5555E-10,4.5555E-10,4.5555E-10,5.402016,1.103926,0.00000716864
comsol,97645,1500,1500,0,r,1,0,65.096667,26,180,97645,0,100,28041,69604,28.717,0,97645,0,46.745377,48.866112,50.942272,47.994465,46.368706,45.883904,46.235264,0.956601,0.917615,0.973974,1.008123,1.018775,1.011033,0,0.0000000442237,0.0000000442237,2.07589E-10,0,0,0,23.352064,2.001766,0.00000937574
nemspmm1,55867,2372,8903,0,r,1,10,23.552698,0,403,27496,28371,49.217,44397,11470,79.469,40043,15824,71.676,50.844769,57.483105,61.278111,59.034336,56.234558,55.799648,57.380322,0.884517,0.829738,0.861275,0.904155,0.911202,0.886101,0,0.0000000266384,1.15691E-10,1.92749E-10,0.00000000110309,0.00000000110309,0.00000000110309,27.732288,1.833414,0.0000206124
nnc666,4044,666,666,0,r,1,0,6.072072,1,16,2038,2006,50.396,2886,1158,71.365,805,3239,19.906,4.686592,5.051456,5.385696,5.173504,4.842304,4.787776,5.26128,0.927771,0.870192,0.905884,0.967843,0.978866,0.89077,0,0.0000000397764,1.50933E-10,1.84581E-10,1.04576E-10,1.04576E-10,1.04576E-10,4.258176,1.10061,0.00000713614
adder_dcop_61,11246,1813,1813,0,r,1,0,6.202978,1,1310,11228,18,99.84,7876,3370,70.034,3340,7906,29.699,19.368065,22.984257,24.587776,23.215712,22.485216,19.72208,23.608448,0.842667,0.787711,0.834265,0.861369,0.98205,0.820387,0,0.000000020928,0.00000000514942,5.1534E-12,0.0000000206378,0.0000000206378,0.0000000206378,14.662048,1.320966,0.00000731884
adder_dcop_53,11246,1813,1813,0,r,1,0,6.202978,1,1310,11228,18,99.84,7875,3371,70.025,3337,7909,29.673,19.394209,22.967072,24.035135,23.197536,22.527296,19.719296,23.600832,0.844435,0.806911,0.836046,0.86092,0.983514,0.82176,0,0.0000000255416,0.00000000225421,8.47457E-12,0.0000000253504,0.0000000253504,0.0000000253504,15.5248,1.24924,0.00000933493
rajat12,12926,1879,1879,0,r,1,0,6.879191,1,1195,10118,2808,78.276,7137,5789,55.214,22,12904,0.17,15.010336,19.194847,19.824863,19.045952,17.548639,15.344256,17.680767,0.781998,0.757147,0.788112,0.855356,0.978238,0.848964,0,0.0000000234729,6.94283E-10,3.30964E-11,3.74996E-11,3.74996E-11,3.74996E-11,11.812608,1.270705,0.0000180296
ex3,52685,1821,1821,1,r,1,0,28.931906,8,62,8896,43789,16.885,11888,40797,22.564,0,52685,0,38.379425,42.695488,45.147457,46.036575,38.648449,38.484097,39.443008,0.898911,0.850091,0.833672,0.993039,0.99728,0.973035,0,0.0000000446389,1.7633E-14,3.22998E-10,0,0,0,21.197121,1.810596,0.00000846432
extr1b_A_38,9053,2836,2836,0,r,1,0,3.192172,1,10,3511,5542,38.783,8581,472,94.786,8416,637,92.964,7.245056,8.418272,10.837664,8.638176,8.238112,8.02016,9.030272,0.860635,0.668507,0.838725,0.879456,0.903356,0.802308,0,0.0000000424646,2.06E-12,6.88876E-11,0.00000000239145,0.00000000239145,0.00000000239145,5.35344,1.353346,0.00000556151
rajat19,5399,1157,1157,0,r,1,0,4.666379,1,338,4000,1399,74.088,3928,1471,72.754,3439,1960,63.697,6.819104,8.372032,8.78656,8.573888,9.36896,8.660576,7.801888,0.81451,0.776083,0.795334,0.72784,0.787373,0.874033,0,0.0000000307208,0.00000000314558,1.89624E-10,0.0000000139709,0.0000000139709,0.0000000139709,5.852608,1.165139,0.0000086285
filter2D,10750,1668,1668,1,r,1,0,6.444844,3,9,10750,0,100,1184,9566,11.014,6,10744,0.0559999999999999,7.982208,8.79616,9.75104,9.722176,7.975008,8.0008,8.372608,0.907465,0.818601,0.821031,1.000903,0.997676,0.953372,0,0.0000000457599,0.0000000457599,5.39329E-10,3.0843E-10,3.0843E-10,3.0843E-10,6.34352,1.258325,0.00000793914
young3c,3988,841,841,0,r,1,0,4.741974,2,7,542,3446,13.591,542,3446,13.591,323,3665,8.099,4.954432,5.504672,5.75472,5.705952,5.094656,5.058176,5.368,0.900041,0.860934,0.868292,0.972476,0.97949,0.922957,0,0.0000000426712,4.9808E-15,4.9808E-15,0.00000000230165,0.00000000230165,0.00000000230165,4.718144,1.050081,0.00000687081
adder_dcop_04,11107,1813,1813,0,r,1,0,6.12631,1,1310,11088,19,99.829,6599,4508,59.413,1907,9200,17.169,19.426399,22.993248,23.447968,23.075872,22.268929,19.618849,23.288448,0.844874,0.82849,0.841849,0.872354,0.990191,0.834165,0,0.0000000311776,0.00000000272473,4.5519E-11,0.0000000298937,0.0000000298937,0.0000000298937,15.561184,1.248388,0.0000166724
adder_dcop_52,11246,1813,1813,0,r,1,0,6.202978,1,1310,11228,18,99.84,7866,3380,69.945,3318,7928,29.504,19.425152,22.969088,24.233152,23.202816,22.382751,19.664543,23.65424,0.845708,0.801594,0.837189,0.867863,0.987826,0.821212,0,0.0000000312327,0.000000001726,3.52426E-12,0.0000000311573,0.0000000311573,0.0000000311573,14.666688,1.32444,0.0000115058
plddb_A_05,10766,3069,5049,0,r,1,0,3.507983,1,9,2475,8291,22.989,2475,8291,22.989,1107,9659,10.282,7.88864,9.799072,11.009824,10.938528,7.863232,7.912096,9.530144,0.805039,0.716509,0.721179,1.003231,0.997035,0.827757,0,0.0000000384517,1.0677E-10,1.0677E-10,3.36642E-10,3.36642E-10,3.36642E-10,6.708032,1.175999,0.00000662185
rdb2048_noL,12032,2048,2048,0,r,1,0,5.875,4,6,0,12032,0,0,12032,0,0,12032,0,9.21968,9.927424,10.147104,9.471168,9.049952,9.14704,9.396512,0.928708,0.908602,0.973447,1.018755,1.007941,0.981181,0,0.0000000407091,0,0,0,0,0,7.213472,1.27812,0.0000073196
adder_dcop_20,11246,1813,1813,0,r,1,0,6.202978,1,1310,11228,18,99.84,7810,3436,69.447,3256,7990,28.953,19.405697,22.993408,24.278463,23.21648,22.410591,19.675585,23.648449,0.843968,0.799297,0.835859,0.865916,0.986283,0.820591,0,0.0000000154751,0.00000000182443,5.2352E-11,0.0000000153496,0.0000000153496,0.0000000153496,15.558272,1.247291,0.00000698816
small_A_09,3342,712,1434,0,r,1,0,4.69382,2,21,1463,1879,43.776,2833,509,84.77,2159,1183,64.602,4.678112,5.316448,6.408896,5.73968,4.9832,4.896896,5.485664,0.879932,0.72994,0.815048,0.938777,0.955322,0.852789,0,0.0000000342725,4.39231E-11,1.45464E-10,0.0000000326431,0.0000000326431,0.0000000326431,4.506272,1.038134,0.0000074604
nasa2910,174296,2910,2910,1,r,1,0,59.895533,16,175,74966,99330,43.011,127188,47108,72.972,7705,166591,4.421,79.198013,91.846466,86.357666,91.42749,80.984222,79.681885,80.821892,0.862287,0.917093,0.866239,0.977944,0.993927,0.979908,0,0.0000000603203,1.92559E-14,1.46609E-10,2.65987E-11,2.65987E-11,2.65987E-11,45.599522,1.736817,0.00000866373
bp_1400,4790,822,822,0,r,1,0,5.827251,1,311,1949,2841,40.689,1465,3325,30.585,581,4209,12.129,6.311264,7.748448,8.130016,7.369184,7.26976,6.728288,6.94768,0.81452,0.776292,0.85644,0.868153,0.938019,0.908399,0,0.0000000516185,7.14427E-10,2.93638E-10,4.71558E-10,4.71558E-10,4.71558E-10,6.01136,1.04989,0.00000780258
adder_dcop_06,11224,1813,1813,0,r,1,0,6.190844,1,1310,11204,20,99.822,6895,4329,61.431,2620,8604,23.343,19.431168,22.997536,24.341503,22.990784,22.344032,19.614113,23.483521,0.844924,0.798273,0.845172,0.869636,0.990673,0.827438,0,0.0000000235368,0.00000000253998,4.74506E-11,0.0000000139447,0.0000000139447,0.0000000139447,15.67024,1.240004,0.000014319
lhr01,18592,1477,1477,0,r,1,0,12.587678,1,43,17215,1377,92.594,12586,6006,67.696,8614,9978,46.332,15.979456,18.370399,19.932993,19.479551,16.36624,16.210527,17.806463,0.869848,0.801659,0.82032,0.976367,0.985746,0.897396,0,0.000000036695,0.0000000298053,4.14438E-10,0.0000000114496,0.0000000114496,0.0000000114496,10.093408,1.583158,0.00000718374
M20PI_n,2881,1182,1182,0,r,1,0,2.437394,1,12,501,2380,17.39,474,2407,16.453,23,2858,0.798,3.873664,4.264064,4.664256,4.352672,3.897216,3.874144,3.988544,0.908444,0.8305,0.889951,0.993957,0.999876,0.971197,0,0.0000000461341,0.00000000192072,2.29711E-11,5.52272E-10,5.52272E-10,5.52272E-10,4.198752,0.922575,0.00000399337
spaceStation_14,24324,1640,1640,1,r,1,0,14.831707,1,214,15096,9228,62.062,12380,11944,50.896,1436,22888,5.904,18.023199,20.689184,21.803743,20.46768,17.652033,17.5648,19.033472,0.871141,0.82661,0.880569,1.021027,1.026098,0.946921,0,0.0000000447037,8.17479E-10,2.48203E-10,4.1256E-10,4.1256E-10,4.1256E-10,10.505504,1.715596,0.00000689811
plantsmargin_12NN,25482,1600,1600,1,r,1,0,15.92625,12,42,25482,0,100,10,25472,0.039,0,25482,0,17.102144,19.743839,20.372831,17.716513,17.106239,17.049824,17.482496,0.866202,0.839458,0.965322,0.999761,1.003069,0.978244,0,0.0000000464279,0.0000000464279,2.38824E-11,0,0,0,10.621952,1.610075,0.00000819205
lp_pilot87,74949,2030,6680,0,r,1,0,36.92069,1,384,60663,14286,80.939,48442,26507,64.633,8831,66118,11.783,46.834721,54.015903,58.749855,55.757568,48.317726,48.319298,50.282753,0.867054,0.797189,0.839971,0.969307,0.969276,0.931427,0,0.0000000391513,3.2132E-10,5.58338E-11,4.22973E-11,4.22973E-11,4.22973E-11,24.817472,1.887167,0.00000829416
cavity13,76367,2597,2597,0,r,1,0,29.405853,1,62,68278,8089,89.408,34397,41970,45.042,12373,63994,16.202,56.664062,64.589569,67.775261,63.495617,57.935871,57.917889,61.157791,0.877294,0.836058,0.892409,0.978048,0.978352,0.926522,0,0.000000045108,0.00000000787845,4.04842E-10,0.00000000105521,0.00000000105521,0.00000000105521,31.055744,1.824592,0.00000861321
bp_1000,4661,822,822,0,r,1,0,5.670316,1,308,1806,2855,38.747,1373,3288,29.457,589,4072,12.637,6.196864,7.618208,7.537696,7.355072,7.335712,6.838784,6.921824,0.813428,0.822116,0.842529,0.844753,0.906135,0.895265,0,0.0000000388521,7.27283E-10,2.14561E-10,4.09953E-10,4.09953E-10,4.09953E-10,5.333568,1.161861,0.0000084128
spaceStation_12,19728,1410,1410,1,r,1,0,13.991489,1,184,12868,6860,65.227,10364,9364,52.534,1236,18492,6.265,15.855648,18.164928,19.253857,17.982496,15.41984,15.413088,16.740992,0.872871,0.823505,0.881727,1.028263,1.028713,0.947115,0,0.0000000463613,0.00000000101471,2.46726E-10,5.97123E-10,5.97123E-10,5.97123E-10,10.16848,1.559294,0.0000071863
plddb_A_13,10839,3069,5049,0,r,1,0,3.531769,1,9,2475,8364,22.834,2475,8364,22.834,1107,9732,10.213,7.896928,9.821216,10.981152,10.973408,7.893504,7.856672,9.563104,0.804068,0.719135,0.719642,1.000434,1.005124,0.82577,0,0.0000000396564,1.09966E-10,1.09966E-10,3.3731E-10,3.3731E-10,3.3731E-10,6.693344,1.179818,0.000007036
yeast_30NN,62350,1484,1484,1,r,1,0,42.014825,30,75,62288,62,99.901,0,62350,0,0,62350,0,35.437439,41.371231,42.640511,36.654114,35.706913,35.487263,36.181633,0.856572,0.831074,0.966807,0.992453,0.998596,0.979432,0,0.0000000480835,0.0000000474604,0,0,0,0,20.515968,1.72731,0.00000892017
extr1,11407,2837,2837,0,r,1,0,4.020797,1,10,4186,7221,36.697,10722,685,93.995,10048,1359,88.086,12.42768,13.971456,15.020064,14.90672,13.734688,13.6472,14.756832,0.889505,0.827405,0.833696,0.904839,0.91064,0.842164,0,0.0000000506714,1.84573E-13,1.4005E-11,5.022E-10,5.022E-10,5.022E-10,9.268032,1.340919,0.00000610741
1138_bus,4054,1138,1138,1,r,1,0,3.56239,2,18,46,4008,1.135,2558,1496,63.098,1967,2087,48.52,4.209024,4.918592,4.837152,5.335456,4.855648,4.78768,5.5856,0.855738,0.870145,0.788878,0.866831,0.879136,0.753549,0,0.0000000459902,1.81636E-12,4.54208E-10,8.14261E-10,8.14261E-10,8.14261E-10,4.267296,0.986345,0.00000823451
netscience,5484,1589,1589,1,r,1,128,3.451227,0,34,4750,734,86.616,0,5484,0,307,5177,5.598,5.065504,6.06256,7.301408,5.302688,4.97296,5.000384,5.93568,0.835539,0.693771,0.955271,1.018609,1.013023,0.853399,0,0.0000000377859,0.0000000206537,0,0.000000011315,0.000000011315,0.000000011315,4.897088,1.034391,0.00000736397
Maragal_2,4357,555,350,0,r,1,19,7.85045,0,78,3783,574,86.826,1087,3270,24.948,274,4083,6.289,4.828896,5.445184,6.68848,5.791584,4.912704,4.844448,5.314432,0.88682,0.721972,0.833778,0.982941,0.99679,0.908638,0,0.0000000391309,0.0000000295617,6.18085E-10,0.00000000929359,0.00000000929359,0.00000000929359,4.36448,1.106408,0.00000838754
extr1b_A_33,9052,2836,2836,0,r,1,0,3.191819,1,10,3512,5540,38.798,8563,489,94.598,8396,656,92.753,7.266272,8.420544,10.313504,8.576992,8.277408,8.003168,9.015168,0.862922,0.70454,0.847182,0.877844,0.907924,0.806005,0,0.0000000479239,2.32555E-12,6.78772E-11,0.0000000043627,0.0000000043627,0.0000000043627,6.295424,1.154215,0.00000743907
spiral,18228,1434,1434,1,r,1,0,12.711297,2,99,11760,6468,64.516,11030,7198,60.511,4300,13928,23.59,15.412672,17.480097,19.896959,18.965248,16.070944,15.987648,17.527008,0.881727,0.774624,0.81268,0.95904,0.964036,0.879367,0,0.0000000294293,6.18816E-10,3.47347E-10,0.00000000329662,0.00000000329662,0.00000000329662,8.9056,1.730672,0.00000895879
extr1b_A_11,9053,2836,2836,0,r,1,0,3.192172,1,10,3507,5546,38.739,8564,489,94.598,8397,656,92.754,7.253728,8.42496,9.802848,8.56992,8.283808,8.012544,9.082496,0.860981,0.739961,0.846417,0.875651,0.905297,0.798649,0,0.0000000460181,2.41942E-12,7.14902E-11,0.00000000429323,0.00000000429323,0.00000000429323,6.267296,1.157394,0.00000654779
fs_541_2,4285,541,541,0,r,1,0,7.920518,1,11,2255,2030,52.625,3797,488,88.611,3663,622,85.484,4.327552,4.794816,4.793152,5.30288,4.88528,5.059968,4.87968,0.902548,0.902861,0.816076,0.885835,0.855253,0.886852,0,0.0000000638894,2.13721E-13,4.93855E-11,0.0000000223039,0.0000000223039,0.0000000223039,4.155296,1.041455,0.00000920761
adder_dcop_62,11246,1813,1813,0,r,1,0,6.202978,1,1310,11228,18,99.84,7876,3370,70.034,3340,7906,29.699,19.401505,22.995071,23.476864,23.213375,22.466623,19.70624,23.624607,0.843724,0.82641,0.83579,0.86357,0.984536,0.821241,0,0.0000000260943,0.00000000174274,2.04687E-12,0.0000000185925,0.0000000185925,0.0000000185925,15.648544,1.239828,0.00000556912
