matrix,target,nnz,rows,cols,sym,type,range,empty-rows,avg-nz-row,min-nz-row,max-nz-row,ent-base-singles,ent-base-doubles,ent-base-prc,ent-singles,ent-doubles,ent-prc,row-singles,row-doubles,row-prc,fp64-rt,fp32(64)-rt,ent-base-rt,ent-split-rt,row-split-rt,row-comp-rt,row-dual-rt,fp32(64)-spup,ent-base-spup,ent-split-spup,row-split-spup,row-comp-spup,row-dual-spup,fp64-relerr,fp32(64)-relerr,ent-base-relerr,ent-split-relerr,row-split-relerr,row-comp-relerr,row-dual-relerr,fp32(32)-rt,fp32(32)-spup,fp32(32)-relerr,adaptive-rt
ex19,5,259879,12005,12005,0,r,1,0,21.647564,1,50,116904,142975,44.984,154647,105232,59.507,86392,173487,33.243,247.366882,267.625977,281.707947,281.084045,260.40976,256.255066,260.295959,0.924301,0.878097,0.880046,0.949914,0.965315,0.950329,0,4.45787e-08,1.98408e-14,1.68709e-10,5.03757e-13,5.03758e-13,5.03735e-13,125.819168,1.966051,7.82647e-06,232.75
cryg10000,2,49699,10000,10000,0,r,1,0,4.9699,3,5,14019,35680,28.208,28767,20932,57.882,24499,25200,49.295,36.314144,39.819393,42.780769,43.754719,37.920513,37.96067,39.403774,0.911971,0.848843,0.829948,0.957639,0.956625,0.921591,0,4.05359e-08,4.74685e-12,3.13529e-10,4.01868e-10,4.01868e-10,4.01868e-10,24.298719,1.494488,7.26061e-06,38.1676
hydr1c_a_50,3,19494,5308,5308,0,r,1,0,3.67257,1,12,7299,12195,37.442,18212,1282,93.424,18066,1428,92.675,12.059136,14.944064,16.628672,15.906816,14.452672,14.408576,15.889952,0.806952,0.725201,0.758111,0.834388,0.836942,0.758916,0,4.6376e-08,1.10947e-13,6.18454e-11,3.20756e-10,3.20756e-10,3.20756e-10,9.193856,1.311652,6.65889e-06,41.1644
delf_a_14,3,14928,3116,6591,0,r,1,0,4.790757,2,21,5967,8961,39.972,12721,2207,85.216,9049,5879,60.618,13.499104,15.191072,17.260193,17.177088,14.367776,14.230464,16.257183,0.888621,0.782095,0.785878,0.93954,0.948606,0.830347,0,4.79683e-08,2.94321e-11,1.02882e-10,3.48805e-09,3.48805e-09,3.48805e-09,9.607968,1.40499,7.3899e-06,38.0062
oscil_dcop_46,2,1544,430,430,0,r,1,0,3.590698,1,13,662,882,42.876,1386,158,89.767,1288,256,83.42,2.72336,2.954944,3.21376,2.956256,2.951168,3.013024,3.253408,0.921628,0.847406,0.921219,0.922808,0.903863,0.837079,0,5.19753e-08,5.23267e-14,1.42301e-10,1.9107e-10,1.9107e-10,1.9107e-10,2.835776,0.960358,6.49831e-06,18.1607
t2d_q9_a_19,5,87025,9801,9801,0,r,1,0,8.879196,4,9,31249,55776,35.908,1977,85048,2.272,961,86064,1.104,89.283455,89.672478,101.206306,93.424126,90.190208,88.806877,93.08374,0.995662,0.882193,0.955679,0.989946,1.005366,0.959173,0,4.6096e-08,1.89953e-09,2.66256e-10,5.10347e-10,5.10347e-10,5.10347e-10,45.392353,1.966927,8.0687e-06,74.5061
scrs8-2r_a_04,3,3149,784,1501,0,r,1,0,4.016582,1,15,875,2274,27.787,330,2819,10.48,12,3137,0.381,4.945472,5.586944,6.260608,5.5848,4.997248,4.980448,5.227552,0.885184,0.789935,0.885524,0.989639,0.992977,0.94604,0,4.3533e-08,2.75437e-09,2.65638e-10,1.69754e-10,1.69754e-10,1.69754e-10,4.10816,1.203817,7.99655e-06,19.4342
tumorantiangiogenesis_3,3,3952,410,410,1,r,1,0,9.639024,2,406,2122,1830,53.694,3914,38,99.038,3952,0,100.0,6.434688,7.39152,7.645472,7.623968,7.355008,7.31008,7.370304,0.87055,0.841634,0.844008,0.874872,0.880249,0.873056,0,4.12882e-08,1.3335e-14,2.5999e-12,4.12882e-08,4.12882e-08,4.12882e-08,4.770272,1.348914,2.69426e-07,40.6892
mesh3em5,4,1889,289,289,1,r,1,0,6.536332,4,9,1120,769,59.291,1056,833,55.903,0,1889,0.0,3.247488,3.291296,3.275328,3.256032,3.26208,3.261152,3.250368,0.98669,0.9915,0.997376,0.995527,0.99581,0.999114,0,4.07053e-08,2.42715e-09,2.23059e-14,0.0,0.0,0.0,2.85744,1.136503,3.96988e-06,18.7887
bfwa398,3,3678,398,398,0,r,1,0,9.241206,3,23,2610,1068,70.962,1431,2247,38.907,0,3678,0.0,5.454912,6.029792,6.78224,6.307328,5.568224,5.441184,5.714912,0.90466,0.804294,0.864853,0.97965,1.002523,0.954505,0,4.15847e-08,8.5419e-09,1.83051e-10,0.0,0.0,0.0,4.133696,1.319621,8.08282e-06,20.4933
chipcool1_e,2,20082,20082,20082,1,r,1,0,1.0,1,1,20082,0,100.0,17239,2843,85.843,20082,0,100.0,13.553184,14.444928,15.448864,18.568352,14.913152,15.008192,15.414464,0.938266,0.877293,0.729908,0.908807,0.903052,0.879251,0,4.60118e-08,4.60118e-08,9.01984e-11,4.60118e-08,4.60118e-08,4.60118e-08,12.094304,1.120625,3.52655e-06,28.5871
nemeth25,4,1511758,9506,9506,1,r,1,0,159.03198,62,193,1511758,0,100.0,1171504,340254,77.493,0,1511758,0.0,384.667297,429.336823,433.691101,456.595093,378.411621,377.513306,374.071045,0.895957,0.886961,0.842469,1.016531,1.01895,1.028327,0,4.38639e-08,4.38639e-08,1.58384e-10,0.0,0.0,0.0,242.862503,1.583889,1.0502e-05,601.418
kuu,5,340200,7102,7102,1,r,1,0,47.901999,23,98,265334,74866,77.994,106686,233514,31.36,0,340200,0.0,168.796005,191.514847,208.426788,197.50499,171.036194,168.800415,171.906204,0.881373,0.809858,0.854642,0.986902,0.999974,0.981908,0,4.70147e-08,5.44951e-09,3.31271e-10,0.0,0.0,0.0,93.593376,1.803504,8.34359e-06,154.162
zd_jac3_db,3,713907,22835,22835,0,r,1,0,31.263718,1,224,549393,164514,76.956,687532,26375,96.306,162680,551227,22.787,532.400757,584.163086,577.045044,608.552856,559.510254,551.630554,565.238159,0.911391,0.922633,0.874864,0.951548,0.96514,0.941905,0,4.35231e-08,3.53799e-14,2.85177e-12,9.94423e-09,9.94423e-09,9.94423e-09,283.186554,1.880035,7.30881e-06,650.271
oscil_dcop_26,3,1544,430,430,0,r,1,0,3.590698,1,13,662,882,42.876,1386,158,89.767,1288,256,83.42,2.674144,3.05632,3.669088,3.079072,3.145504,3.058048,3.259616,0.874956,0.728831,0.86849,0.850148,0.874461,0.820386,0,2.94026e-08,7.23122e-14,2.70401e-10,4.42827e-10,4.42827e-10,4.42827e-10,3.510976,0.761653,4.75147e-06,18.449
igbt3,3,234006,10938,10938,0,r,1,0,21.393856,2,42,170614,63392,72.91,227433,6573,97.191,202170,31836,86.395,223.894913,236.471802,272.493011,248.56871,239.905823,233.499619,237.996094,0.946814,0.821654,0.900737,0.933262,0.958866,0.94075,0,4.82598e-08,2.05824e-14,1.39387e-11,2.10295e-11,2.10295e-11,2.10295e-11,110.448288,2.027147,6.32408e-06,359.847
dw8192,2,41746,8192,8192,0,r,1,0,5.095947,3,8,34578,7168,82.829,19140,22606,45.849,1800,39946,4.312,30.067167,33.023743,37.723679,39.377312,30.014751,30.211456,31.788736,0.910471,0.797037,0.763566,1.001746,0.995224,0.945843,0,4.15268e-08,1.79086e-09,1.74231e-10,2.90056e-10,2.90056e-10,2.90056e-10,20.711201,1.451735,7.2682e-06,35.0876
t2dal_bci_e,3,4257,4257,4257,1,r,1,0,1.0,1,1,4257,0,100.0,2203,2054,51.75,4257,0,100.0,4.459552,4.761952,6.445152,5.385696,4.934112,4.84448,5.038464,0.936497,0.691923,0.828036,0.903821,0.920543,0.885101,0,4.34117e-08,4.34117e-08,3.11555e-10,4.34117e-08,4.34117e-08,4.34117e-08,4.831744,0.922969,3.59576e-06,18.3399
lp_finnis,4,2760,497,1064,0,r,1,0,5.55332,2,41,905,1855,32.79,329,2431,11.92,0,2760,0.0,4.018656,4.518144,4.586912,4.342752,4.135776,4.08368,4.054368,0.889448,0.876114,0.925371,0.971681,0.984077,0.991192,0,5.01654e-08,3.54596e-09,3.18941e-10,0.0,0.0,0.0,4.233088,0.949344,7.13233e-06,22.0715
cari,1,152800,400,1200,0,r,1,0,382.0,382,382,152000,800,99.476,80000,72800,52.356,0,152800,0.0,37.540958,35.256287,35.34576,35.206402,38.343201,37.708416,38.539616,1.064802,1.062106,1.066311,0.979077,0.995559,0.974088,0,2.89517e-08,8.83394e-09,1.97758e-10,0.0,0.0,0.0,24.400513,1.538532,1.60398e-05,159.432
t2d_q4_a_10,5,87025,9801,9801,0,r,1,0,8.879196,4,9,65223,21802,74.947,0,87025,0.0,0,87025,0.0,88.995811,89.594208,107.596291,92.425308,89.962433,88.528099,92.849152,0.993321,0.827127,0.962894,0.989255,1.005283,0.958499,0,4.51426e-08,1.01938e-08,0.0,0.0,0.0,0.0,46.222782,1.925367,8.01618e-06,73.4993
g7jac100sc,3,384636,29610,29610,0,r,1,0,12.990071,2,153,201568,183068,52.405,78156,306480,20.319,21206,363430,5.513,292.400421,328.198303,368.998138,344.850311,300.025177,296.374664,306.899933,0.890926,0.792417,0.847905,0.974586,0.98659,0.952755,0,2.54808e-08,6.73382e-11,9.87491e-12,1.83742e-11,1.83742e-11,1.83742e-11,163.131516,1.792421,4.42319e-06,850.648
psse2,5,115262,28634,11028,0,r,1,0,4.025354,1,28,8032,107230,6.968,80654,34608,69.974,59424,55838,51.556,114.615295,124.364861,125.565857,139.18605,120.496765,118.949539,131.997818,0.921605,0.91279,0.823468,0.95119,0.963562,0.868312,0,4.57534e-08,2.70284e-12,2.98711e-10,2.31305e-10,2.31305e-10,2.31305e-10,70.095871,1.635122,6.29051e-06,95.303
bcsstm07,3,7252,420,420,1,r,1,0,17.266667,2,26,4756,2496,65.582,5864,1388,80.86,1061,6191,14.63,10.035712,10.802976,12.02528,11.939168,10.290784,10.241536,10.426464,0.928977,0.834551,0.84057,0.975214,0.979903,0.962523,0,4.25887e-08,2.67991e-11,1.77636e-10,6.72906e-11,6.72906e-11,6.72906e-11,6.939296,1.446215,8.14174e-06,20.5659
tsopf_fs_b300_b,2,29213,29214,1,0,r,1,1,0.999966,0,1,28778,435,98.511,21196,8017,72.557,29213,0,100.0,18.870815,19.966656,22.846527,21.376991,20.558784,20.896641,21.357727,0.945116,0.825982,0.882763,0.917895,0.903055,0.883559,0,3.63178e-08,5.6735e-09,3.61337e-11,3.63178e-08,3.63178e-08,3.63178e-08,16.221825,1.163298,3.39019e-06,35.4114
oscil_dcop_41,1,1544,430,430,0,r,1,0,3.590698,1,13,662,882,42.876,1386,158,89.767,1288,256,83.42,2.626656,3.042528,3.109728,3.024576,3.071168,3.070496,3.287968,0.863314,0.844658,0.868438,0.855263,0.85545,0.798869,0,3.62443e-08,4.03103e-14,1.42125e-10,1.62373e-10,1.62373e-10,1.62373e-10,3.50912,0.748523,3.67347e-06,18.2505
mult_dcop_02,0,193276,25187,25187,0,r,1,0,7.673641,1,22767,192417,859,99.556,191533,1743,99.098,187435,5841,96.978,396.177673,480.576447,479.077881,480.146088,505.62561,479.177917,508.147827,0.82438,0.826959,0.825119,0.78354,0.826786,0.77965,0,8.11464e-09,3.60174e-11,2.07635e-12,3.60398e-09,3.60398e-09,3.60398e-09,271.485779,1.459294,4.37468e-06,2829.01
lp_scagr25,3,1725,471,671,0,r,1,0,3.66242,1,10,415,1310,24.058,0,1725,0.0,1,1724,0.058,2.872512,3.289664,3.611072,3.029472,3.14208,2.995712,3.060224,0.873193,0.795473,0.948189,0.914207,0.958875,0.938661,0,3.99885e-08,6.91952e-09,0.0,2.85307e-10,2.85307e-10,2.85307e-10,3.440544,0.834901,8.24073e-06,42.748
deter8,3,22299,3831,10905,0,r,1,0,5.820673,2,30,7565,14734,33.925,0,22299,0.0,0,22299,0.0,19.03376,23.406015,23.3736,19.986816,19.347391,19.191456,19.759329,0.8132,0.814327,0.952316,0.983789,0.991783,0.96328,0,3.60558e-08,2.37487e-08,0.0,0.0,0.0,0.0,13.31952,1.429012,7.32949e-06,65.3104
kaufhold,3,42471,8765,8765,0,r,1,0,4.845522,1,28,27763,14708,65.369,37512,4959,88.324,42471,0,100.0,34.428288,39.311359,44.524895,45.482975,39.458366,39.31472,40.414047,0.875785,0.773237,0.756949,0.872522,0.87571,0.851889,0,3.92001e-08,2.05188e-15,4.65166e-11,3.92001e-08,3.92001e-08,3.92001e-08,22.512735,1.529281,3.82603e-06,172.097
gre_115,3,421,115,115,0,r,1,0,3.66087,2,7,421,0,100.0,3,418,0.713,0,421,0.0,2.556,2.383328,2.65072,2.651584,2.440512,2.332576,2.339584,1.07245,0.964266,0.963952,1.047321,1.095784,1.092502,0,4.36234e-08,4.36234e-08,1.0962e-15,0.0,0.0,0.0,3.503584,0.729539,6.71384e-06,30.498
t2d_q4_a_39,3,87025,9801,9801,0,r,1,0,8.879196,4,9,452,86573,0.519,41676,45349,47.89,43242,43783,49.689,89.08371,89.540482,92.738846,100.504028,91.72493,90.333984,94.353249,0.994899,0.960587,0.88637,0.971205,0.986159,0.944151,0,4.49533e-08,1.21565e-13,2.1001e-10,5.3916e-10,5.3916e-10,5.3916e-10,46.590111,1.912073,9.13996e-06,98.4078
arc130,2,1282,130,130,0,r,1,0,9.861538,1,124,1044,238,81.435,1186,96,92.512,1172,110,91.42,3.494496,3.880064,5.089376,4.022464,3.933632,4.060512,3.959968,0.900628,0.686626,0.868745,0.888364,0.860605,0.882456,0,1.91448e-08,3.60805e-13,1.2119e-12,1.20602e-12,1.20602e-12,1.20602e-12,2.859808,1.221934,1.37782e-05,109.504
rat,3,268908,3136,9408,0,r,1,0,85.748724,46,90,262636,6272,97.668,74327,194581,27.64,0,268908,0.0,98.60675,107.777504,115.087517,109.17421,100.332863,98.372253,99.838753,0.91491,0.856798,0.903206,0.982796,1.002384,0.98766,0,2.7006e-08,8.13701e-09,3.24496e-10,0.0,0.0,0.0,58.865826,1.67511,1.00098e-05,236.048
tem27623_m,5,439469,27623,27623,1,r,1,0,15.909532,6,28,438615,854,99.806,216953,222516,49.367,172427,267042,39.235,281.90921,318.517365,331.355743,332.965393,305.269287,296.104584,304.998383,0.885067,0.850775,0.846662,0.923477,0.95206,0.924297,0,4.57266e-08,3.69902e-08,2.59905e-10,2.63347e-10,2.63347e-10,2.63347e-10,153.175644,1.840431,8.82344e-06,218.532
lp_standgub,3,3339,361,1383,0,r,1,0,9.249307,1,745,100,3239,2.995,76,3263,2.276,1,3338,0.03,7.012256,8.297344,8.67936,7.134784,7.589312,7.109248,7.716768,0.845121,0.807923,0.982827,0.923965,0.986357,0.908704,0,7.91347e-08,6.69459e-10,7.42098e-10,0.0,0.0,0.0,6.036352,1.161671,3.31739e-05,101.41
r05,3,104145,5190,9690,0,r,1,0,20.066474,1,501,85500,18645,82.097,0,104145,0.0,24,104121,0.023,124.147072,123.254143,121.697632,127.069954,122.141472,121.378082,124.916992,1.007245,1.020127,0.976998,1.01642,1.022813,0.993837,0,3.0644e-08,1.04882e-08,0.0,6.33779e-10,6.33779e-10,6.33779e-10,66.654877,1.862535,8.01139e-06,169.799
t2d_q9_a_39,5,87025,9801,9801,0,r,1,0,8.879196,4,9,452,86573,0.519,41676,45349,47.89,43242,43783,49.689,89.03373,89.581985,93.550339,100.486015,91.624573,90.285889,94.394974,0.99388,0.95172,0.886031,0.971723,0.986131,0.943204,0,4.31956e-08,1.29097e-13,2.10032e-10,5.56327e-10,5.56327e-10,5.56327e-10,46.373505,1.919927,7.68082e-06,87.29
hydr1c_a_49,3,19503,5308,5308,0,r,1,0,3.674265,1,12,7308,12195,37.471,18221,1282,93.427,18075,1428,92.678,12.135424,14.919008,16.391872,15.861728,14.55664,14.412736,15.88544,0.81342,0.740332,0.765076,0.833669,0.841993,0.763934,0,3.9527e-08,1.26861e-13,6.2522e-11,3.15337e-10,3.15337e-10,3.15337e-10,9.805792,1.237577,6.74287e-06,39.7611
lop163,3,935,163,163,0,r,1,0,5.736196,3,6,935,0,100.0,488,447,52.193,5,930,0.535,2.56592,2.752256,3.693376,2.814944,2.801664,2.738464,2.746272,0.932297,0.694736,0.911535,0.915856,0.936992,0.934328,0,4.32055e-08,4.32055e-08,1.12087e-09,2.7386e-09,2.7386e-09,2.7386e-09,2.269152,1.130784,7.73121e-06,17.3464
g7jac080,3,293976,23670,23670,0,r,1,0,12.419772,2,153,215529,78447,73.315,251096,42880,85.414,238923,55053,81.273,232.856445,260.846527,285.240356,273.5755,261.686951,255.675903,265.268768,0.892695,0.816352,0.85116,0.889828,0.910748,0.877813,0,4.45522e-08,1.91965e-14,1.33888e-11,7.41911e-09,7.41911e-09,7.41911e-09,129.316315,1.800673,6.37838e-06,649.891
add32,2,23884,4960,4960,0,r,1,0,4.815323,2,32,23884,0,100.0,12609,11275,52.793,2522,21362,10.559,20.52496,23.700928,24.591648,26.255199,21.000671,21.022177,24.470112,0.865998,0.834631,0.781748,0.977348,0.976348,0.838777,0,5.47102e-08,5.47102e-08,7.34451e-10,1.27772e-08,1.27772e-08,1.27772e-08,15.290752,1.342312,6.30651e-06,84.8388
opf_3754,5,158273,15435,15435,1,r,1,0,10.254163,2,64,53018,105255,33.498,123369,34904,77.947,44786,113487,28.297,143.649216,155.072678,175.628357,173.389053,149.765244,145.938843,155.906723,0.926335,0.817916,0.828479,0.959163,0.984311,0.921379,0,4.25523e-08,2.77434e-12,2.0653e-10,2.07357e-09,2.07357e-09,2.07357e-09,76.850365,1.869207,7.83741e-06,136.149
oscil_dcop_42,2,1544,430,430,0,r,1,0,3.590698,1,13,662,882,42.876,1386,158,89.767,1288,256,83.42,2.611808,2.993408,3.138464,2.979296,2.947328,2.978368,3.280992,0.87252,0.832193,0.876653,0.886161,0.876926,0.796042,0,4.02836e-08,3.28623e-14,1.42634e-10,2.01365e-10,2.01365e-10,2.01365e-10,3.4584,0.755207,3.39499e-06,18.121
m80pi_n1,2,9927,4028,4028,0,r,1,1,2.464499,0,8,1883,8044,18.968,1856,8071,18.696,30,9897,0.302,7.983008,8.566976,10.326368,10.302816,7.93664,7.943616,8.42144,0.931835,0.77307,0.774837,1.005842,1.004959,0.947939,0,2.63507e-08,1.73912e-09,4.91024e-11,3.26002e-09,3.26002e-09,3.26002e-09,7.130304,1.119589,5.73166e-06,23.5556
g7jac020,3,45465,5850,5850,0,r,1,0,7.771795,2,60,31945,13520,70.263,40149,5316,88.307,37670,7795,82.855,26.696545,32.097534,35.518623,33.914818,30.769407,30.733088,33.621506,0.831732,0.751621,0.787165,0.867633,0.868658,0.794032,0,4.33371e-08,3.88888e-14,2.37328e-11,1.12334e-08,1.12334e-08,1.12334e-08,17.591488,1.517583,5.85857e-06,102.475
bayer05,3,27836,3268,3268,0,r,1,0,8.517748,1,73,19350,8486,69.514,27808,28,99.899,27836,0,100.0,30.47616,33.782398,37.77248,35.127136,33.861088,33.796993,34.712158,0.902131,0.806835,0.867596,0.900035,0.901742,0.877968,0,5.6695e-08,1.32285e-14,1.46479e-12,5.6695e-08,5.6695e-08,5.6695e-08,16.995935,1.793144,2.63733e-06,116.764
m3plates,3,6639,11107,11107,1,r,1,4468,0.597731,0,1,6639,0,100.0,0,6639,0.0,6639,0,100.0,8.401984,8.900128,10.546432,9.055424,6.427328,6.397344,9.439744,0.94403,0.796666,0.92784,1.307228,1.313355,0.890065,0,4.45181e-08,4.45181e-08,0.0,4.45181e-08,4.45181e-08,4.45181e-08,8.162912,1.029288,3.57825e-06,22.3944
bcsstk04,4,3648,132,132,1,r,1,0,27.636364,15,46,252,3396,6.908,2636,1012,72.259,1824,1824,50.0,4.808768,5.178016,5.42352,5.370752,5.073024,5.0704,5.0128,0.928689,0.886651,0.895362,0.94791,0.9484,0.959298,0,4.53183e-08,2.17231e-14,1.35664e-10,1.0278e-10,1.0278e-10,1.0278e-10,4.079296,1.178823,7.79294e-06,19.9185
bloweybl,3,120000,30003,30003,1,r,1,0,3.9996,1,10001,40006,79994,33.338,40002,79998,33.335,20001,99999,16.667,299.145203,353.549805,305.303894,305.873749,353.349915,302.038483,311.313507,0.846119,0.979828,0.978002,0.846598,0.990421,0.960913,0,2.46947e-08,2.26394e-10,2.18879e-10,9.24655e-17,9.24655e-17,9.24655e-17,212.496902,1.407763,0.000147506,1133.59
nemsafm,2,2826,334,2348,0,r,1,0,8.461078,2,20,294,2532,10.403,0,2826,0.0,0,2826,0.0,4.999648,5.326592,6.46352,5.09328,5.013408,5.06352,5.105376,0.93862,0.773518,0.981617,0.997255,0.987386,0.979291,0,3.14036e-08,1.40091e-08,0.0,0.0,0.0,0.0,3.799104,1.316007,8.62939e-06,21.4559
tsopf_rs_b2052_c1_b,3,11811,25626,421,0,r,1,14233,0.460899,0,2,11777,34,99.712,10564,1247,89.442,10999,812,93.125,14.23424,14.830752,17.586945,15.989184,9.619808,9.571936,15.910816,0.959779,0.809364,0.890242,1.47968,1.487081,0.894627,0,4.21728e-08,4.17581e-08,1.461e-10,2.98903e-08,2.98903e-08,2.98903e-08,12.906336,1.102888,4.55033e-06,45.3178
g7jac040,3,114671,11790,11790,0,r,1,0,9.726124,2,120,81336,33335,70.93,98567,16104,85.956,93412,21259,81.461,113.495872,124.653473,140.200485,132.113922,127.820061,123.893822,128.271271,0.910491,0.809526,0.859076,0.887935,0.916074,0.884811,0,4.46882e-08,3.29348e-14,1.96406e-11,8.22491e-09,8.22491e-09,8.22491e-09,60.951809,1.862059,7.04541e-06,257.116
t2d_q9_a_44,5,87025,9801,9801,0,r,1,0,8.879196,4,9,311,86714,0.357,26534,60491,30.49,27102,59923,31.143,89.131073,89.619873,92.519394,98.326111,92.526115,90.170364,94.194717,0.994546,0.963377,0.906484,0.963307,0.988474,0.946243,0,4.8585e-08,1.21989e-12,3.62542e-10,9.08896e-10,9.08896e-10,9.08896e-10,46.967682,1.897711,7.62367e-06,89.5336
spal_004,0,46168124,10203,321696,0,r,1,0,4524.955797,13,6029,46168124,0,100.0,2261748,43906376,4.899,0,46168124,0.0,13156.267578,7762.260742,7789.654297,13897.882812,12921.176758,12932.792969,12925.759766,1.694902,1.688941,0.946638,1.018194,1.01728,1.017833,0,3.67805e-08,3.67805e-08,4.21264e-10,0.0,0.0,0.0,8348.469727,1.57589,4.58582e-05,56945.5
case9_b2_02,2,14453,14454,1,0,r,1,1,0.999931,0,1,14427,26,99.82,14434,19,99.869,14453,0,100.0,10.3424,10.94864,12.496192,11.645504,11.302432,11.444512,11.657216,0.944629,0.827644,0.888102,0.91506,0.903699,0.88721,0,3.0506e-08,1.01872e-13,1.40229e-13,3.0506e-08,3.0506e-08,3.0506e-08,8.911616,1.160553,5.87352e-06,40.9356
hydr1c_a_16,3,23567,5308,5308,0,r,1,0,4.439902,1,14,18235,5332,77.375,21818,1749,92.579,21563,2004,91.497,22.9256,27.095425,28.244287,27.732737,26.405825,26.335552,27.767136,0.846106,0.81169,0.826662,0.868202,0.870519,0.825638,0,4.27937e-08,4.01356e-12,7.18289e-11,8.23255e-10,8.23255e-10,8.23255e-10,14.947744,1.533716,8.87099e-06,55.9453
case9_b1_04,2,14453,14454,1,0,r,1,1,0.999931,0,1,14425,28,99.806,14436,17,99.882,14453,0,100.0,10.265408,10.974016,11.70304,11.682752,11.273088,11.412224,11.660768,0.935429,0.877157,0.878681,0.910612,0.89951,0.880337,0,2.13707e-09,4.90581e-14,5.1167e-13,2.13707e-09,2.13707e-09,2.13707e-09,9.73168,1.054844,1.81252e-06,43.4726
deter4,3,19231,3235,9133,0,r,1,0,5.944668,2,30,6833,12398,35.531,0,19231,0.0,0,19231,0.0,16.351328,20.0432,20.600256,17.010368,16.503136,16.398081,16.896929,0.815804,0.793744,0.961257,0.990801,0.997149,0.96771,0,3.77758e-08,2.49988e-08,0.0,0.0,0.0,0.0,11.581856,1.411806,7.56253e-06,60.0572
rw136,3,479,136,136,0,r,1,0,3.522059,1,4,477,2,99.582,0,479,0.0,2,477,0.418,2.67616,3.096256,2.657312,4.300032,3.117024,2.529344,2.613984,0.864321,1.007093,0.622358,0.858563,1.058045,1.023786,0,4.23396e-08,4.08376e-08,0.0,1.11775e-08,1.11775e-08,1.11775e-08,3.31152,0.808136,5.78743e-06,34.6281
s80pi_n,3,10261,4182,4182,0,r,1,0,2.453611,1,12,1881,8380,18.332,1854,8407,18.068,23,10238,0.224,8.360384,8.894944,11.29408,10.42608,8.353184,8.241088,8.439232,0.939903,0.740245,0.801872,1.000862,1.014476,0.990657,0,2.93621e-08,1.44809e-09,2.64552e-11,7.36815e-10,7.36815e-10,7.36815e-10,6.42896,1.300426,5.35591e-06,43.9679
orbitraising_1,2,2906,442,442,1,r,1,0,6.574661,1,14,1671,1235,57.502,769,2137,26.462,223,2683,7.674,3.64928,4.006688,4.078944,4.249568,3.822848,3.844384,4.17824,0.910797,0.894663,0.858741,0.954597,0.94925,0.873401,0,3.58915e-08,3.69477e-09,3.98947e-10,3.69899e-09,3.69899e-09,3.69899e-09,3.615296,1.0094,7.95709e-06,33.9177
lp_ship04s,3,4400,402,1506,0,r,1,42,10.945274,0,66,28,4372,0.636,28,4372,0.636,128,4272,2.909,6.049376,6.839904,7.055936,6.276608,5.91872,5.874976,6.393856,0.884424,0.857346,0.963797,1.022075,1.029685,0.946123,0,3.02504e-08,6.9304e-11,6.9304e-11,4.17044e-09,4.17044e-09,4.17044e-09,4.916352,1.23046,6.93113e-06,40.5445
deter1,3,32187,5527,15737,0,r,1,0,5.823593,2,30,11585,20602,35.993,0,32187,0.0,0,32187,0.0,26.421824,32.60384,33.507488,27.790176,26.749344,26.64896,27.440865,0.81039,0.788535,0.950761,0.987756,0.991477,0.962864,0,3.5936e-08,2.46114e-08,0.0,0.0,0.0,0.0,18.322687,1.442028,7.63057e-06,79.4298
delf_a_01,3,13741,3128,6599,0,r,1,0,4.392903,1,19,4993,8748,36.337,11832,1909,86.107,9014,4727,65.599,13.27504,14.811552,17.876225,16.787807,14.262784,14.14224,16.110464,0.896263,0.742609,0.790755,0.930747,0.93868,0.824001,0,4.33017e-08,2.8243e-11,1.16051e-10,6.26955e-09,6.26955e-09,6.26955e-09,9.047488,1.467262,7.7148e-06,50.7347
tuma1,0,87760,22967,22967,1,r,1,0,3.821135,1,5,33302,54458,37.947,22322,65438,25.435,926,86834,1.055,57.287647,59.144096,55.138466,57.86515,58.373695,56.206272,59.361984,0.968611,1.038978,0.99002,0.981395,1.019239,0.965056,0,2.85897e-08,7.41579e-09,7.66882e-10,2.88802e-09,2.88802e-09,2.88802e-09,31.240448,1.833765,6.75502e-06,72.6398
delf_a_30,3,15462,3199,6669,0,r,1,0,4.833385,2,21,6296,9166,40.719,13322,2140,86.16,9622,5840,62.23,13.807392,15.5312,17.292513,17.582111,14.56688,14.52832,16.622849,0.88901,0.798461,0.785309,0.947862,0.950378,0.830627,0,4.15221e-08,3.03336e-11,9.51123e-11,5.42252e-09,5.42252e-09,5.42252e-09,10.22128,1.350848,7.72847e-06,52.4258
jan99jac040sc,3,82842,13694,13694,0,r,1,0,6.049511,2,68,44226,38616,53.386,11384,71458,13.742,2777,80065,3.352,63.991489,69.080032,79.161026,71.514236,65.176994,64.343742,67.142815,0.926338,0.808371,0.894808,0.981811,0.994525,0.953065,0,2.53547e-08,2.25461e-09,5.6743e-11,1.71862e-08,1.71862e-08,1.71862e-08,37.321121,1.714619,6.80306e-06,258.757
large_a_34,3,20586,4273,8612,0,r,1,0,4.817692,2,21,8411,12175,40.858,18065,2521,87.754,13476,7110,65.462,17.623169,19.932352,22.80896,22.544928,18.677441,18.673952,21.390528,0.884149,0.772642,0.781691,0.943554,0.94373,0.823877,0,4.57532e-08,3.1041e-11,1.25769e-10,1.95082e-08,1.95082e-08,1.95082e-08,12.83264,1.373308,7.99953e-06,58.6375
scsd8-2r_a_10,3,95170,4330,30310,0,r,1,0,21.979215,10,24,69200,25970,72.712,0,95170,0.0,0,95170,0.0,90.333153,90.911011,109.722305,92.339714,89.468605,89.046051,90.797279,0.993644,0.823289,0.97827,1.009663,1.014454,0.994888,0,3.64312e-08,3.17003e-08,0.0,0.0,0.0,0.0,44.308033,2.038753,8.70325e-06,101.93
tem27623,5,439469,27623,27623,1,r,1,0,15.909532,6,28,46,439423,0.01,223799,215670,50.925,101662,337807,23.133,281.764252,318.415741,289.635529,330.915924,299.808868,290.150299,301.251862,0.884894,0.972824,0.851468,0.939813,0.971098,0.935311,0,4.36248e-08,6.80193e-16,4.4064e-10,3.90118e-10,3.90118e-10,3.90118e-10,153.146942,1.839829,8.50105e-06,218.039
scfxm1-2b,3,111052,19036,33047,0,r,1,0,5.833789,1,57,37026,74026,33.341,22469,88583,20.233,8053,102999,7.252,87.015678,99.191711,100.637314,97.183136,91.187202,89.080322,94.176804,0.877247,0.864646,0.895378,0.954253,0.976823,0.923961,0,3.60169e-08,1.15025e-09,2.66645e-10,5.08336e-10,5.08336e-10,5.08336e-10,54.007168,1.611188,7.44352e-06,210.13
t2dal,2,37465,4257,4257,1,r,1,0,8.800799,4,9,35681,1784,95.238,29256,8209,78.089,28160,9305,75.163,36.873344,40.166817,42.575809,41.8176,39.223423,39.226273,40.640926,0.918005,0.866063,0.881766,0.940085,0.940017,0.907296,0,5.4741e-08,3.52978e-09,8.78252e-11,7.36787e-11,7.36787e-11,7.36787e-11,21.187296,1.740352,7.44379e-06,43.8927
bcsstm03,3,112,112,112,1,r,1,0,1.0,1,1,60,52,53.571,98,14,87.5,112,0,100.0,2.065376,2.190432,3.3544,2.312064,2.280672,2.212224,2.257504,0.942908,0.615721,0.893304,0.9056,0.93362,0.914894,0,4.30545e-08,8.81454e-12,2.31239e-10,4.30545e-08,4.30545e-08,4.30545e-08,2.011232,1.026921,2.42713e-06,32.598
cavity02,3,7327,317,317,0,r,1,0,23.113565,1,62,6457,870,88.126,3432,3895,46.84,81,7246,1.106,8.67536,9.567616,9.87616,9.509888,8.92864,8.890048,8.920736,0.906742,0.878414,0.912246,0.971633,0.975851,0.972494,0,4.11735e-08,8.64024e-09,5.31239e-10,2.14509e-09,2.14509e-09,2.14509e-09,6.210144,1.396966,8.339e-06,62.4076
lp_stocfor1,1,501,117,165,0,r,1,0,4.282051,1,15,168,333,33.533,387,114,77.246,350,151,69.86,2.389536,2.635456,3.554752,2.675872,2.822656,2.785312,2.791584,0.906688,0.672209,0.892993,0.846556,0.857906,0.855979,0,3.62665e-08,1.05797e-10,1.87913e-10,1.74364e-10,1.74364e-10,1.74364e-10,3.221344,0.741782,1.09063e-05,33.381
c-43,5,123675,11125,11125,1,r,1,0,11.116854,2,2620,84991,38684,68.721,61482,62193,49.713,14974,108701,12.108,107.94445,117.566048,132.210175,131.153503,114.332703,111.625183,115.689056,0.91816,0.816461,0.823039,0.944126,0.967026,0.933057,0,2.33826e-08,3.66715e-11,1.30575e-11,1.50547e-11,1.50547e-11,1.50547e-11,58.288288,1.851906,4.83449e-06,97.3183
g7jac050sc,3,157990,14760,14760,0,r,1,0,10.70393,2,149,79934,78056,50.594,37988,120002,24.045,8751,149239,5.539,143.276291,159.001953,180.053986,173.740036,148.443268,145.816635,152.473724,0.901098,0.795741,0.824659,0.965192,0.982579,0.939679,0,3.14625e-08,4.96845e-11,1.57318e-11,1.12846e-10,1.12846e-10,1.12846e-10,78.462364,1.826051,8.84633e-06,356.162
lfat5000,0,79966,19994,19994,1,r,1,0,3.9995,2,5,0,79966,0.0,64974,14992,81.252,54978,24988,68.752,53.64909,51.736256,54.5224,64.922852,61.011551,59.561375,76.195389,1.036973,0.983983,0.826351,0.879327,0.900736,0.704099,0,4.85959e-08,0.0,2.17011e-11,2.16986e-11,2.16986e-11,2.16986e-11,29.236704,1.834991,6.44108e-06,70.997
tumorantiangiogenesis_8,3,4776,490,490,1,r,1,0,9.746939,2,486,2632,2144,55.109,4736,40,99.162,4776,0,100.0,7.384672,8.49008,10.30912,8.81184,8.320192,8.308864,8.384448,0.8698,0.716324,0.83804,0.88756,0.88877,0.880758,0,3.49158e-09,6.28465e-16,3.16194e-12,3.49158e-09,3.49158e-09,3.49158e-09,6.690784,1.103708,2.21291e-06,58.8641
case9_b2_05,2,14453,14454,1,0,r,1,1,0.999931,0,1,14425,28,99.806,14451,2,99.986,14453,0,100.0,10.416352,11.055392,11.745344,11.731136,11.347456,11.508704,11.825056,0.942197,0.886849,0.887924,0.917946,0.905085,0.880871,0,8.70637e-09,1.96793e-18,6.67688e-16,8.70637e-09,8.70637e-09,8.70637e-09,9.683168,1.075717,4.27176e-07,41.1538
tsopf_rs_b300_c1,3,1474325,14538,14538,0,r,1,0,101.411817,1,209,1429269,45056,96.944,1428302,46023,96.878,1442032,32293,97.81,487.472229,499.074036,514.542969,511.948242,489.753265,488.206116,493.494781,0.976753,0.947389,0.95219,0.995342,0.998497,0.987796,0,4.1481e-08,1.20714e-10,1.25638e-12,7.00666e-10,7.00666e-10,7.00666e-10,281.078003,1.734295,7.1616e-06,1247.3
oscil_dcop_38,1,1544,430,430,0,r,1,0,3.590698,1,13,662,882,42.876,1386,158,89.767,1288,256,83.42,2.75504,2.967776,3.25792,2.956992,2.966176,2.971584,3.280416,0.928318,0.845644,0.931704,0.928819,0.927128,0.839845,0,2.8115e-08,6.69609e-14,1.72626e-10,2.55831e-10,2.55831e-10,2.55831e-10,3.352288,0.821839,3.35977e-06,35.252
large_a_05,3,19489,4250,8586,0,r,1,0,4.585647,1,21,7419,12070,38.068,16916,2573,86.798,12946,6543,66.427,17.529633,19.733152,23.005665,22.468416,18.730145,18.618912,21.118752,0.888334,0.76197,0.78019,0.935905,0.941496,0.830051,0,3.97218e-08,2.40611e-11,1.23348e-10,1.80293e-08,1.80293e-08,1.80293e-08,11.865664,1.477341,8.4308e-06,62.1575
scsd8-2c_a_2,3,7170,330,2310,0,r,1,0,21.727273,10,24,5200,1970,72.524,0,7170,0.0,0,7170,0.0,8.372064,8.9264,9.94528,8.799456,8.418432,8.417632,8.520928,0.937899,0.841813,0.95143,0.994492,0.994587,0.98253,0,3.62351e-08,3.09638e-08,0.0,0.0,0.0,0.0,5.647712,1.482381,8.84848e-06,34.8653
c-52,3,202716,23948,23948,1,r,1,0,8.46484,2,1714,118474,84242,58.443,202712,4,99.998,202716,0,100.0,236.953979,256.153931,271.640533,264.11084,264.288605,257.102417,266.205536,0.925045,0.872307,0.897176,0.896573,0.921633,0.890117,0,2.19936e-09,6.71097e-16,5.94403e-16,2.19936e-09,2.19936e-09,2.19936e-09,128.461411,1.844554,6.89604e-07,306.868
large_a_15,3,19749,4271,8608,0,r,1,0,4.623976,1,21,7417,12332,37.556,17109,2640,86.632,13028,6721,65.968,17.555679,19.790176,22.748257,22.440577,18.748705,18.656576,21.310335,0.887091,0.771737,0.782319,0.936368,0.940991,0.823811,0,4.46549e-08,2.81009e-11,1.452e-10,2.02629e-08,2.02629e-08,2.02629e-08,11.919712,1.472827,7.14098e-06,60.832
scsd8-2r_a_09,3,47650,2170,15190,0,r,1,0,21.958525,10,24,34640,13010,72.697,0,47650,0.0,0,47650,0.0,43.019169,46.713631,53.858658,44.826626,43.248001,43.142719,44.315006,0.920913,0.798742,0.959679,0.994709,0.997136,0.970758,0,3.88848e-08,3.55004e-08,0.0,0.0,0.0,0.0,23.429312,1.836126,8.95833e-06,56.0106
fd18,2,63406,16428,16428,0,r,1,0,3.85963,1,6,11860,51546,18.705,62386,1020,98.391,61884,1522,97.6,35.083233,32.657185,40.224449,34.323425,32.40749,32.506046,34.035519,1.074288,0.872187,1.022137,1.082566,1.079283,1.030783,0,2.90665e-08,2.42929e-15,1.18706e-11,1.18642e-11,1.18642e-11,1.18642e-11,20.579201,1.704791,5.89403e-06,68.6379
lp_grow7,3,2612,140,301,0,r,1,0,18.657143,5,22,2331,281,89.242,1596,1016,61.103,0,2612,0.0,4.818144,5.247008,5.83408,5.372064,4.892512,4.867872,4.87536,0.918265,0.825862,0.896889,0.9848,0.989784,0.988264,0,3.12648e-08,2.05017e-08,5.44495e-10,0.0,0.0,0.0,4.24096,1.136097,1.05089e-05,34.1797
problem1,3,2779,415,415,0,r,1,0,6.696386,4,9,2264,515,81.468,34,2745,1.223,0,2779,0.0,3.729728,3.839648,4.56592,4.026112,3.81312,3.801664,3.812064,0.971372,0.816862,0.926385,0.97813,0.981078,0.978401,0,4.08458e-08,1.62054e-08,1.41977e-10,0.0,0.0,0.0,2.783488,1.339948,7.12842e-06,32.4988
chipcool0_e,2,20082,20082,20082,1,r,1,0,1.0,1,1,20082,0,100.0,17239,2843,85.843,20082,0,100.0,13.47696,14.43168,16.138432,18.543488,14.872416,14.979712,15.4112,0.933846,0.835085,0.726776,0.906172,0.899681,0.874491,0,4.73864e-08,4.73864e-08,8.75268e-11,4.73864e-08,4.73864e-08,4.73864e-08,11.731744,1.14876,3.55612e-06,46.6076
mark3jac020,3,56175,9129,9129,0,r,1,0,6.153467,2,44,35666,20509,63.491,53547,2628,95.322,49380,6795,87.904,37.840385,44.641792,50.801697,47.983456,44.177536,44.079105,46.844833,0.847645,0.744865,0.788613,0.856553,0.858465,0.807781,0,2.03344e-08,4.91346e-14,1.49489e-11,4.61911e-10,4.61911e-10,4.61911e-10,25.027552,1.511949,4.30783e-06,263.939
abacus_shell_hd_m,5,206474,23412,23412,0,r,1,0,8.819153,4,12,197163,9311,95.49,194623,11851,94.26,192142,14332,93.059,208.775558,222.084198,233.371078,231.647232,227.553146,220.707611,231.560089,0.940074,0.894608,0.901265,0.91748,0.945937,0.901604,0,4.58308e-08,5.26176e-10,7.12941e-12,6.53278e-12,6.53278e-12,6.53278e-12,109.684029,1.903427,6.61329e-06,181.064
delf_a_32,3,15451,3196,6667,0,r,1,0,4.834481,2,21,6306,9145,40.813,13294,2157,86.04,9588,5863,62.054,13.818272,15.511296,17.30784,17.565857,14.499936,14.479456,16.622305,0.890852,0.798382,0.786655,0.952988,0.954336,0.831309,0,4.96319e-08,3.08057e-11,9.60412e-11,4.73941e-09,4.73941e-09,4.73941e-09,10.17184,1.358483,7.6428e-06,54.3726
bcsstk28,3,219024,4410,4410,1,r,1,0,49.665306,16,94,1012,218012,0.462,52270,166754,23.865,0,219024,0.0,115.219742,132.293152,121.148956,126.6063,116.469025,115.434273,116.982719,0.870943,0.951058,0.910063,0.989274,0.998142,0.98493,0,8.7171e-08,2.16797e-14,1.66212e-10,0.0,0.0,0.0,64.997955,1.772667,1.43778e-05,124.272
hydr1c_a_60,3,19486,5308,5308,0,r,1,0,3.671063,1,12,7288,12198,37.401,18204,1282,93.421,18058,1428,92.672,12.024,14.9704,17.253759,15.893088,14.465664,14.406016,15.876608,0.803185,0.696892,0.756555,0.83121,0.834651,0.757341,0,4.26568e-08,1.12418e-13,6.20366e-11,2.851e-10,2.851e-10,2.851e-10,9.5672,1.256794,6.98592e-06,56.8691
rajat13,0,48922,7598,7598,0,r,1,0,6.4388,1,5412,12655,36267,25.868,48062,860,98.242,36172,12750,73.938,57.193439,73.869186,67.880287,74.271935,88.994431,76.867714,68.682526,0.774253,0.842563,0.770055,0.642663,0.74405,0.832722,0,3.01259e-08,7.83629e-13,4.02835e-11,2.77885e-08,2.77885e-08,2.77885e-08,41.608097,1.374575,8.14718e-06,591.956
bips98_1450_c,3,20,4,11305,0,r,1,0,5.0,5,5,9,11,45.0,5,15,25.0,0,20,0.0,2.247616,2.275808,2.38592,2.370848,2.275648,2.263392,2.268064,0.987612,0.942033,0.948022,0.987682,0.99303,0.990984,0,3.6698e-08,3.31952e-09,9.25115e-10,0.0,0.0,0.0,3.043808,0.738422,7.7969e-06,31.7934
shermanacd,3,53329,6136,6136,0,r,1,0,8.691167,1,5181,52878,451,99.154,46145,7184,86.529,28805,24524,54.014,55.959518,63.282082,67.075073,69.506432,60.217087,60.145599,65.231712,0.884287,0.834282,0.805098,0.929296,0.930401,0.857858,0,4.44003e-08,3.78935e-09,5.53615e-11,1.72751e-09,1.72751e-09,1.72751e-09,31.875744,1.755552,8.48145e-06,583.152
rat_a_3,3,268908,3136,9408,0,r,1,0,85.748724,46,90,262636,6272,97.668,74327,194581,27.64,0,268908,0.0,98.559517,107.875267,116.822914,109.116707,100.274818,98.152992,99.782112,0.913643,0.843666,0.903249,0.982894,1.004142,0.987747,0,2.77177e-08,8.73285e-09,3.32829e-10,0.0,0.0,0.0,57.384159,1.717539,1.00811e-05,235.466
bips98_1450,0,44678,11305,11305,0,r,1,0,3.952057,1,30,6324,38354,14.155,44674,4,99.991,44678,0,100.0,22.513697,27.650688,27.433727,28.747423,27.755903,27.683071,28.374657,0.814218,0.820658,0.783155,0.811132,0.813266,0.793444,0,2.33409e-08,7.536609999999999e-27,3.97002e-23,2.33409e-08,2.33409e-08,2.33409e-08,16.825279,1.338088,4.19238e-06,69.1778
t2d_q9_a_41,5,87025,9801,9801,0,r,1,0,8.879196,4,9,315,86710,0.362,32924,54101,37.833,34092,52933,39.175,89.108162,89.586655,92.484573,99.698433,92.515869,90.464706,94.465919,0.994659,0.963492,0.893777,0.963166,0.985005,0.943284,0,3.8998e-08,6.65446e-13,2.79176e-10,7.18041e-10,7.18041e-10,7.18041e-10,46.086464,1.9335,7.70105e-06,87.3507
sme3db,3,2081063,29067,29067,0,r,1,0,71.595383,24,345,44144,2036919,2.121,437926,1643137,21.043,0,2081063,0.0,921.120544,977.628052,955.335938,980.789856,932.391235,919.012024,926.034485,0.942199,0.964185,0.939162,0.987912,1.002294,0.994694,0,4.49153e-08,1.87402e-12,4.40709e-10,0.0,0.0,0.0,589.004944,1.563859,1.00678e-05,1881.01
t2d_q9_a_43,3,87025,9801,9801,0,r,1,0,8.879196,4,9,311,86714,0.357,26708,60317,30.69,27318,59707,31.391,89.104576,89.551102,93.559456,98.298561,92.395164,90.260574,94.223068,0.995014,0.952385,0.906469,0.964386,0.987193,0.945677,0,4.69377e-08,1.26044e-12,3.46631e-10,8.90567e-10,8.90567e-10,8.90567e-10,45.52528,1.957255,8.46235e-06,90.4508
scsd8-2b_a_3,3,112770,5130,35910,0,r,1,0,21.982456,10,24,82000,30770,72.714,0,112770,0.0,0,112770,0.0,106.508003,111.749985,129.388672,108.952164,105.522461,105.160095,107.255394,0.953092,0.823163,0.977567,1.00934,1.012818,0.993032,0,3.81444e-08,3.33714e-08,0.0,0.0,0.0,0.0,53.259296,1.999801,9.06867e-06,119.774
cavity19,3,138187,4562,4562,0,r,1,0,30.290881,1,62,128746,9441,93.168,67429,70758,48.795,21903,116284,15.85,103.631554,115.9104,125.134399,115.871971,106.487389,105.483772,108.012733,0.894066,0.828162,0.894363,0.973181,0.982441,0.959438,0,4.75015e-08,1.02894e-08,4.69143e-10,1.30935e-09,1.30935e-09,1.30935e-09,56.92128,1.820612,8.72879e-06,176.514
t2d_q4_a_22,3,87025,9801,9801,0,r,1,0,8.879196,4,9,11255,75770,12.933,31585,55440,36.294,33786,53239,38.823,89.183037,89.471298,96.560768,100.379105,92.473282,90.207199,94.368835,0.996778,0.923595,0.888462,0.96442,0.988647,0.945048,0,4.71283e-08,6.3245e-11,2.58856e-10,7.14336e-10,7.14336e-10,7.14336e-10,45.890369,1.943393,7.56585e-06,91.7251
lp_agg,3,2862,488,615,0,r,1,0,5.864754,2,19,1704,1158,59.539,1590,1272,55.556,1930,932,67.435,4.224032,4.429856,4.843712,4.534048,4.432512,4.375648,4.540416,0.953537,0.872065,0.931625,0.952966,0.96535,0.930318,0,4.41855e-08,2.5523e-10,4.43891e-11,4.36331e-10,4.36331e-10,4.36331e-10,4.0888,1.033074,6.32631e-06,33.9973
kineticbatchreactor_5,2,80767,7641,7641,1,r,1,0,10.570213,1,2636,72254,8513,89.46,80682,85,99.895,80767,0,100.0,72.992516,75.377251,84.590881,78.414467,75.442787,75.553215,77.315971,0.968363,0.862889,0.930855,0.967521,0.966107,0.944081,0,4.5915e-08,3.08795e-14,3.64689e-13,4.5915e-08,4.5915e-08,4.5915e-08,38.312737,1.905176,3.81173e-06,177.994
model1,3,3028,362,798,0,r,1,0,8.364641,2,58,2028,1000,66.975,836,2192,27.609,472,2556,15.588,5.4312,6.0048,6.2936,5.877056,5.664736,5.621408,5.705344,0.904476,0.862972,0.924136,0.958774,0.966164,0.95195,0,2.99755e-08,1.90299e-08,7.40715e-10,6.16527e-09,6.16527e-09,6.16527e-09,4.920064,1.103888,6.89319e-06,36.9539
t2d_q9_a_09,5,87025,9801,9801,0,r,1,0,8.879196,4,9,65269,21756,75.0,0,87025,0.0,0,87025,0.0,89.106178,89.465508,107.591293,92.425308,89.952126,88.559036,92.863457,0.995984,0.828191,0.964089,0.990596,1.006178,0.95954,0,4.46006e-08,1.0291e-08,0.0,0.0,0.0,0.0,45.399586,1.962709,8.17717e-06,87.0037
gre_216a,3,876,216,216,0,r,1,0,4.055556,2,5,876,0,100.0,64,812,7.306,0,876,0.0,2.759456,2.817184,3.326624,2.807328,2.802176,2.7784,2.779488,0.979509,0.829506,0.982947,0.984755,0.993182,0.992793,0,2.38001e-08,2.38001e-08,6.1304e-15,0.0,0.0,0.0,3.23936,0.851852,6.15354e-06,31.4699
t2d_q4_a_29,3,87025,9801,9801,0,r,1,0,8.879196,4,9,1621,85404,1.863,44917,42108,51.614,46629,40396,53.581,89.114334,89.537666,94.292351,100.447807,91.001923,89.780899,94.249855,0.995272,0.945086,0.887171,0.979258,0.992576,0.945512,0,5.15729e-08,6.09509e-13,2.09673e-10,5.54826e-10,5.54826e-10,5.54826e-10,45.472546,1.959739,8.68757e-06,95.1319
lp_cre_a,3,18168,3516,7248,0,r,1,88,5.167235,0,360,35,18133,0.193,6,18162,0.033,3,18165,0.017,15.62624,17.881281,16.915968,16.295809,15.440224,15.383232,16.026655,0.873888,0.923757,0.958912,1.012047,1.015797,0.975016,0,3.92145e-08,8.0797e-11,7.77342e-12,9.09155e-12,9.09155e-12,9.09155e-12,11.170976,1.398825,6.56918e-06,79.7055
c-53,5,372213,30235,30235,1,r,1,0,12.310666,2,4468,254385,117828,68.344,132923,239290,35.712,18424,353789,4.95,304.294556,332.855469,361.470795,351.275787,318.41098,311.696594,323.539276,0.914194,0.841823,0.866255,0.955666,0.976252,0.940518,0,6.58198e-08,6.09759e-10,3.17245e-11,2.25403e-10,2.25403e-10,2.25403e-10,166.031906,1.832747,2.18108e-05,265.043
viscoplastic1_c_1,2,61166,4326,4326,0,r,1,0,14.139159,7,37,57566,3600,94.114,31348,29818,51.251,5129,56037,8.385,39.256096,43.553089,46.556065,48.888927,39.289726,39.340961,40.815041,0.901339,0.8432,0.802965,0.999144,0.997843,0.961805,0,4.7318e-08,1.15758e-08,4.59915e-10,2.27068e-10,2.27068e-10,2.27068e-10,22.360001,1.755639,8.99077e-06,67.0384
lp_lotfi,0,1136,153,366,0,r,1,0,7.424837,1,133,40,1096,3.521,860,276,75.704,872,264,76.761,3.712512,4.028544,3.787328,3.81568,3.836448,3.790496,3.848576,0.921552,0.980246,0.972962,0.967695,0.979426,0.964646,0,3.42131e-08,1.67104e-11,2.88397e-10,2.63423e-08,2.63423e-08,2.63423e-08,4.230016,0.877659,1.6629e-05,45.5073
impcol_c,1,411,137,137,0,r,1,0,3.0,1,8,77,334,18.735,12,399,2.92,32,379,7.786,2.262528,2.366432,3.498976,2.38336,2.805056,2.772864,2.426656,0.956093,0.646626,0.949302,0.806589,0.815953,0.932365,0,6.4352e-08,9.49067e-10,4.37304e-12,5.80538e-08,5.80538e-08,5.80538e-08,3.225568,0.701436,6.25185e-06,38.4954
bcsstk15,5,117816,3948,3948,1,r,1,0,29.841945,1,44,31100,86716,26.397,90843,26973,77.106,5156,112660,4.376,86.635101,91.156387,100.756737,103.263809,87.689827,86.671715,88.441566,0.950401,0.859844,0.838969,0.987972,0.999578,0.979574,0,4.62837e-08,2.58761e-14,1.19347e-10,2.28073e-11,2.28073e-11,2.28073e-11,44.361473,1.952936,7.54036e-06,80.9879
t2d_q4_a_04,3,87025,9801,9801,0,r,1,0,8.879196,4,9,64561,22464,74.187,0,87025,0.0,0,87025,0.0,89.126785,89.601662,106.158974,92.550339,90.075775,88.700928,92.889664,0.9947,0.83956,0.963009,0.989465,1.004801,0.959491,0,4.14351e-08,5.29853e-09,0.0,0.0,0.0,0.0,46.602657,1.912483,8.01658e-06,100.875
c-26,3,34537,4307,4307,1,r,1,0,8.018807,2,438,21475,13062,62.18,30478,4059,88.247,22314,12223,64.609,38.922783,43.644352,48.367775,46.997215,43.10387,42.732319,43.742462,0.891817,0.804726,0.828193,0.903,0.910851,0.889817,0,1.30714e-08,3.71229e-12,6.58505e-12,1.30712e-08,1.30712e-08,1.30712e-08,22.460768,1.732923,3.19058e-06,89.0799
goodwin,3,324784,7320,7320,0,r,1,0,44.369399,1,112,227409,97375,70.019,244668,80116,75.333,51003,273781,15.704,179.582779,203.809662,204.493958,207.015747,180.954758,178.718887,186.679108,0.88113,0.878181,0.867484,0.992418,1.004834,0.961986,0,3.57863e-08,5.95909e-11,8.45155e-11,1.98094e-11,1.98094e-11,1.98094e-11,99.363968,1.807323,9.22115e-06,421.871
muu,5,170134,7102,7102,1,r,1,0,23.955787,12,49,170134,0,100.0,47952,122182,28.185,0,170134,0.0,148.381378,159.44313,164.38649,178.272095,149.229721,147.69133,150.577698,0.930623,0.902637,0.832331,0.994315,1.004672,0.985414,0,4.77635e-08,4.77635e-08,5.82081e-10,0.0,0.0,0.0,75.82032,1.957013,8.21055e-06,104.633
case9_a_05,5,147972,14454,14454,1,r,1,0,10.237443,1,7210,104071,43901,70.332,147968,4,99.997,147946,26,99.982,133.777222,143.135391,154.567673,148.130432,148.249695,145.745026,148.829437,0.93462,0.865493,0.903104,0.902378,0.917885,0.898863,0,2.43916e-08,1.19939e-15,1.6489e-15,3.87983e-16,3.87983e-16,3.87983e-16,71.119583,1.881018,4.29357e-06,90.3569
t2d_q4_a_31,3,87025,9801,9801,0,r,1,0,8.879196,4,9,2724,84301,3.13,37488,49537,43.077,39177,47848,45.018,89.125473,89.5672,94.621567,100.372063,92.816803,90.509666,94.322685,0.995068,0.941915,0.887951,0.96023,0.984707,0.9449,0,3.97811e-08,5.45433e-12,2.13756e-10,5.78194e-10,5.78194e-10,5.78194e-10,45.488449,1.959299,9.24761e-06,99.2757
t2d_q9_a_24,3,87025,9801,9801,0,r,1,0,8.879196,4,9,10957,76068,12.591,18338,68687,21.072,18570,68455,21.339,89.131294,89.564926,96.493027,97.080032,91.652222,90.036224,94.128227,0.995158,0.923707,0.918122,0.972495,0.989949,0.946914,0,4.25052e-08,2.18329e-10,4.30553e-10,1.17988e-09,1.17988e-09,1.17988e-09,46.425472,1.919879,7.82896e-06,103.599
wm2,3,2942,207,260,0,r,1,0,14.21256,1,107,2426,516,82.461,1708,1234,58.056,155,2787,5.269,4.1864,4.654656,5.179392,4.863232,4.344992,4.316192,4.736128,0.899401,0.80828,0.860827,0.9635,0.969929,0.883929,0,3.93595e-08,7.3383e-09,2.61544e-10,5.70204e-09,5.70204e-09,5.70204e-09,3.709856,1.128453,6.61421e-06,46.7294
lhr04c,3,82682,4101,4101,0,r,1,0,20.161424,1,63,77547,5135,93.789,43423,39259,52.518,9754,72928,11.797,91.57827,99.530846,106.802979,101.334946,93.57869,92.615906,95.333244,0.920099,0.857451,0.903719,0.978623,0.988796,0.960612,0,4.19944e-08,2.88402e-08,4.90353e-10,1.13643e-08,1.13643e-08,1.13643e-08,46.3312,1.9766,7.95034e-06,127.247
bcsstm04,3,132,132,132,1,r,1,0,1.0,1,1,132,0,100.0,66,66,50.0,132,0,100.0,2.11472,2.179648,2.274912,2.282784,2.27248,2.220736,2.26224,0.970212,0.929583,0.926378,0.930578,0.952261,0.93479,0,4.27432e-08,4.27432e-08,0.0,4.27432e-08,4.27432e-08,4.27432e-08,2.940768,0.719105,3.21406e-06,39.1064
scsd8-2r_a_05,3,12010,550,3850,0,r,1,0,21.836364,10,24,8720,3290,72.606,0,12010,0.0,0,12010,0.0,12.468704,13.494976,15.553184,12.954656,12.570656,12.555264,12.936608,0.923952,0.801682,0.962488,0.99189,0.993106,0.963831,0,3.06311e-08,2.72428e-08,0.0,0.0,0.0,0.0,7.921984,1.573937,9.94819e-06,38.4165
t2d_q9_a_15,3,87025,9801,9801,0,r,1,0,8.879196,4,9,31261,55764,35.922,2503,84522,2.876,1272,85753,1.462,89.110367,89.668739,100.628349,93.411263,90.170753,88.773407,92.991997,0.993773,0.885539,0.953957,0.98824,1.003796,0.958258,0,4.69356e-08,1.92299e-09,3.14958e-10,6.41731e-10,6.41731e-10,6.41731e-10,46.090687,1.93337,8.01647e-06,95.4865
hvdc1,3,159981,24842,24842,0,r,1,0,6.43994,2,181,21111,138870,13.196,112831,47150,70.528,65705,94276,41.071,109.696068,119.560158,127.182655,131.501053,115.037025,112.417854,125.313347,0.917497,0.862508,0.834184,0.953572,0.975789,0.875374,0,4.58776e-08,1.23256e-12,1.03468e-10,1.52428e-10,1.52428e-10,1.52428e-10,65.832993,1.666278,6.06406e-06,208.11
cbuckle_g,5,514896,13681,13681,1,r,1,1069,37.635845,0,361,488411,26485,94.856,422019,92877,81.962,225916,288980,43.876,321.444,364.333344,376.307465,363.184723,323.212799,320.198181,345.421143,0.88228,0.854206,0.88507,0.994527,1.003891,0.930586,0,4.67283e-08,5.89368e-10,1.3497e-10,7.93551e-11,7.93551e-11,7.93551e-11,182.524857,1.761097,8.80899e-06,279.305
pd_b,3,6323,8081,12406,0,r,1,3710,0.782453,0,14,1193,5130,18.868,6174,149,97.644,6220,103,98.371,6.927392,7.680032,8.856512,8.318752,6.050496,5.827616,8.204736,0.902,0.782181,0.832744,1.14493,1.188718,0.844316,0,7.07426e-08,5.14294e-12,2.66799e-11,1.18266e-10,1.18266e-10,1.18266e-10,7.003648,0.989112,6.60073e-06,48.5548
flowmeter0_e,2,9669,9669,9669,1,r,1,0,1.0,1,1,9662,7,99.928,8789,880,90.899,9669,0,100.0,7.540736,8.000352,8.439488,9.914688,8.342656,8.376192,8.416864,0.942551,0.893506,0.760562,0.903877,0.900258,0.895908,0,4.81125e-08,4.62279e-08,1.7693e-12,4.81125e-08,4.81125e-08,4.81125e-08,7.239904,1.041552,3.95273e-06,40.4402
sih4,3,171903,5041,5041,1,r,1,0,34.100972,13,205,138758,33145,80.719,112748,59155,65.588,0,171903,0.0,111.024132,121.886467,132.63353,131.917313,111.986816,110.721245,112.925407,0.910882,0.837074,0.841619,0.991404,1.002736,0.983163,0,4.13357e-08,2.47064e-09,5.67891e-10,0.0,0.0,0.0,59.110977,1.878232,8.81005e-06,119.954
glass_10nn,3,2986,214,214,1,r,1,0,13.953271,10,24,2984,2,99.933,30,2956,1.005,0,2986,0.0,3.999456,4.3544,4.393184,4.332704,4.29264,4.060672,4.26976,0.918486,0.910377,0.923085,0.931701,0.984925,0.936693,0,4.69207e-08,4.6522e-08,2.62442e-10,0.0,0.0,0.0,4.087072,0.978563,8.8595e-06,39.704
t2d_q4_a_30,3,87025,9801,9801,0,r,1,0,8.879196,4,9,2990,84035,3.436,43036,43989,49.452,44832,42193,51.516,89.102592,89.549408,94.330368,100.518974,91.544319,89.866051,94.382561,0.99501,0.94458,0.886426,0.973327,0.991504,0.944058,0,5.05632e-08,2.55559e-12,2.24975e-10,5.90568e-10,5.90568e-10,5.90568e-10,46.709408,1.907594,7.24469e-06,96.2184
li,3,1350309,22695,22695,0,r,1,0,59.498083,11,108,738435,611874,54.686,782905,567404,57.98,441489,908820,32.695,589.738037,669.036926,658.209106,656.825562,630.25238,620.261902,620.452515,0.881473,0.895974,0.897861,0.935717,0.950789,0.950497,0,3.56999e-08,2.54443e-14,9.16055e-11,2.29942e-14,2.26271e-14,9.5808e-16,324.732635,1.816073,9.06443e-06,1285.12
oscil_dcop_47,1,1544,430,430,0,r,1,0,3.590698,1,13,662,882,42.876,1386,158,89.767,1288,256,83.42,2.663872,3.142272,5.614656,3.052704,3.276672,3.937856,3.333408,0.847753,0.47445,0.872627,0.812981,0.676478,0.799144,0,2.96046e-08,3.68192e-14,1.79846e-10,2.74639e-10,2.74639e-10,2.74639e-10,2.572192,1.035643,2.78251e-06,32.5655
wm3,3,2948,207,260,0,r,1,0,14.241546,1,107,2417,531,81.988,1750,1198,59.362,157,2791,5.326,4.173568,4.668512,4.792672,4.874304,4.340576,4.314848,4.717536,0.893982,0.870823,0.856239,0.961524,0.967257,0.884692,0,6.00707e-08,6.26155e-09,3.27639e-10,4.5528e-09,4.5528e-09,4.5528e-09,3.729248,1.119145,5.5145e-06,41.903
ck104,3,992,104,104,0,r,1,0,9.538462,6,10,982,10,98.992,619,373,62.399,0,992,0.0,2.800512,2.875744,4.130496,3.251456,2.878976,2.790624,2.8488,0.973839,0.678009,0.86131,0.972746,1.003543,0.98305,0,3.64142e-08,2.56907e-08,3.24306e-10,0.0,0.0,0.0,2.270624,1.233367,4.26569e-06,31.3973
bodyy5,3,129281,18589,18589,1,r,1,0,6.954704,3,9,76484,52797,59.161,96493,32788,74.638,57256,72025,44.288,77.010559,82.06781,98.02269,93.3535,80.160927,78.751007,81.335587,0.938377,0.78564,0.824935,0.960699,0.977899,0.946825,0,4.72936e-08,4.52431e-11,2.651e-10,3.39858e-10,3.39858e-10,3.39858e-10,46.797729,1.645605,5.14957e-06,79.955
case9,5,147972,14454,14454,1,r,1,0,10.237443,1,7210,93743,54229,63.352,93675,54297,63.306,25444,122528,17.195,133.876068,143.121918,155.86557,154.509476,136.613663,134.409531,141.40007,0.935399,0.85892,0.866459,0.979961,0.996031,0.946789,0,3.41966e-08,1.94367e-11,1.17023e-12,4.02412e-09,4.02412e-09,4.02412e-09,70.62352,1.89563,6.11453e-06,78.1737
delf_a_09,3,14971,3148,6622,0,r,1,0,4.755718,2,21,5925,9046,39.577,12763,2208,85.251,9139,5832,61.045,13.529792,15.284832,17.934273,17.345152,14.446528,14.419072,16.476896,0.885178,0.75441,0.780033,0.936543,0.938326,0.821137,0,4.71716e-08,2.61593e-11,9.02037e-11,5.39758e-09,5.39758e-09,5.39758e-09,10.083456,1.341781,7.87511e-06,57.5834
raefsky3,3,1488768,21200,21200,0,r,1,0,70.224906,32,80,1487804,964,99.935,1482006,6762,99.546,1477936,10832,99.272,585.006287,672.17926,695.60199,722.925476,678.258606,671.552429,678.3974,0.870313,0.841007,0.809221,0.862512,0.871125,0.862336,0,4.19158e-08,9.19385e-09,4.15694e-12,4.02414e-08,4.02414e-08,4.02414e-08,322.280731,1.815207,5.86693e-06,1011.12
kineticbatchreactor_4,2,74869,7105,7105,1,r,1,0,10.537509,1,2426,66673,8196,89.053,74814,55,99.927,74869,0,100.0,63.735809,70.706367,77.682816,73.292992,70.614624,70.648254,72.363297,0.901415,0.820462,0.869603,0.902587,0.902157,0.880775,0,4.74199e-08,2.64867e-14,1.81713e-13,4.74199e-08,4.74199e-08,4.74199e-08,35.67712,1.786462,2.8449e-06,171.087
pd_rhs,3,6323,8081,12406,0,r,1,3710,0.782453,0,14,1193,5130,18.868,6174,149,97.644,6220,103,98.371,6.940864,7.678016,9.88992,8.317856,6.07232,5.828544,8.183296,0.903992,0.701812,0.834454,1.143033,1.19084,0.848175,0,4.98456e-08,4.02481e-12,1.8843e-11,4.29131e-11,4.29131e-11,4.29131e-11,6.801824,1.020442,5.8417e-06,38.8309
tsopf_fs_b300_c1_b,2,29213,29214,1,0,r,1,1,0.999966,0,1,28471,742,97.46,28511,702,97.597,29213,0,100.0,18.983744,20.01376,22.632959,21.515425,20.568577,20.982689,21.468832,0.948535,0.838765,0.882332,0.922949,0.904734,0.884247,0,3.86355e-08,4.77288e-12,8.78405e-12,3.86355e-08,3.86355e-08,3.86355e-08,16.182016,1.173138,3.72639e-06,54.8178
scsd8-2c_a_1,4,1890,90,630,0,r,1,0,21.0,10,24,1360,530,71.958,0,1890,0.0,0,1890,0.0,3.80208,3.886624,4.3296,3.838656,3.835264,3.854912,3.833504,0.978247,0.87816,0.990472,0.991348,0.986295,0.991803,0,3.7961e-08,3.6001e-08,0.0,0.0,0.0,0.0,3.363456,1.130409,1.1964e-05,62.7009
worms20_10nn,5,240826,20055,20055,1,r,1,0,12.008277,10,19,240826,0,100.0,48412,192414,20.102,0,240826,0.0,181.580261,193.15654,199.530457,226.042557,184.213287,180.415009,188.429535,0.940068,0.910038,0.803301,0.985707,1.006459,0.963651,0,4.46199e-08,4.46199e-08,1.11053e-09,0.0,0.0,0.0,95.773788,1.895929,8.13172e-06,140.998
nopss_11k_c,4,5,1,11685,0,r,1,0,5.0,5,5,5,0,100.0,1,4,20.0,0,5,0.0,2.219232,2.239936,2.257248,2.353824,2.254656,2.247872,2.247648,0.990757,0.983158,0.94282,0.984289,0.987259,0.987357,0,7.51299e-08,7.51299e-08,2.37342e-08,0.0,0.0,0.0,3.119648,0.711373,3.77965e-06,29.8346
g7jac060sc,3,203316,17730,17730,0,r,1,0,11.467343,2,153,104779,98537,51.535,39441,163875,19.399,9754,193562,4.797,172.992996,192.755264,218.942307,204.345474,177.772324,175.008698,181.584763,0.897475,0.790131,0.846571,0.973115,0.988482,0.952685,0,4.0481e-08,1.07394e-10,2.03847e-11,1.40199e-10,1.40199e-10,1.40199e-10,95.059036,1.819848,7.66534e-06,472.685
rdb5000,2,29600,5000,5000,0,r,1,0,5.92,4,6,0,29600,0.0,0,29600,0.0,0,29600,0.0,19.185951,21.036257,21.00864,20.10096,19.052416,19.124319,19.714497,0.912042,0.913241,0.954479,1.007009,1.003223,0.97319,0,4.31377e-08,0.0,0.0,0.0,0.0,0.0,13.599744,1.410758,7.19721e-06,43.6974
light_in_tissue_q,3,25,14641,1,0,r,1,14616,0.001708,0,1,25,0,100.0,0,25,0.0,25,0,100.0,7.441696,7.477792,8.374976,8.34736,2.238432,2.189824,7.989984,0.995173,0.888563,0.891503,3.324513,3.398308,0.931378,0,2.21453e-08,2.21453e-08,0.0,2.21453e-08,2.21453e-08,2.21453e-08,7.171264,1.037711,2.6248e-06,36.3778
bcsstk36,5,1143140,23052,23052,1,r,1,0,49.589623,8,178,26301,1116839,2.301,637819,505321,55.795,66923,1076217,5.854,586.578247,677.473267,614.653137,640.692749,598.640625,590.913208,600.351013,0.865832,0.954324,0.915538,0.97985,0.992664,0.977059,0,4.4913e-08,2.05995e-14,2.64274e-10,4.59361e-11,4.59361e-11,4.59361e-11,329.995636,1.777533,9.25372e-06,469.218
bips07_1998,3,62198,15066,15066,0,r,1,0,4.128369,1,27,9318,52880,14.981,62194,4,99.994,62198,0,100.0,56.042656,61.706432,72.158493,64.493118,61.717281,61.540031,63.425888,0.908214,0.776661,0.868971,0.908055,0.91067,0.883593,0,4.47753e-08,6.93198e-19,8.22402e-15,4.47753e-08,4.47753e-08,4.47753e-08,36.943615,1.516978,3.06125e-06,92.8854
t2d_q4_a_43,3,87025,9801,9801,0,r,1,0,8.879196,4,9,311,86714,0.357,26708,60317,30.69,27318,59707,31.391,89.114944,89.556099,92.488541,98.326912,92.419746,90.216476,94.237823,0.995074,0.963524,0.906313,0.964241,0.98779,0.945639,0,4.66973e-08,1.48805e-12,3.58517e-10,8.91646e-10,8.91646e-10,8.91646e-10,46.43251,1.919236,7.75341e-06,94.1821
oscil_dcop_40,2,1544,430,430,0,r,1,0,3.590698,1,13,662,882,42.876,1386,158,89.767,1288,256,83.42,2.761824,2.96448,3.236768,2.942816,2.942112,2.998944,3.272832,0.931639,0.853266,0.938497,0.938722,0.920932,0.843864,0,3.53698e-08,4.34874e-14,1.50462e-10,2.1938e-10,2.1938e-10,2.1938e-10,3.362496,0.821361,5.35917e-06,35.8042
t2d_q9_a_26,3,87025,9801,9801,0,r,1,0,8.879196,4,9,10951,76074,12.584,17537,69488,20.152,17667,69358,20.301,89.126045,89.615517,96.148323,96.844543,91.629471,89.987167,93.950722,0.994538,0.926964,0.9203,0.972679,0.990431,0.948647,0,4.39262e-08,2.44053e-10,4.43891e-10,1.09758e-09,1.09758e-09,1.09758e-09,46.301662,1.924899,8.19824e-06,92.2233
baxter,0,111576,27441,30733,0,r,1,0,4.066033,1,2951,13395,98181,12.005,90765,20811,81.348,111576,0,100.0,117.570946,127.179199,124.391808,146.467651,128.979431,126.331459,130.623749,0.924451,0.945166,0.802709,0.911548,0.930655,0.900073,0,3.96815e-08,1.13207e-13,7.14344e-11,3.96815e-08,3.96815e-08,3.96815e-08,72.083008,1.631049,5.48498e-06,466.357
abacus_shell_ld_m,5,206474,23412,23412,0,r,1,0,8.819153,4,12,197163,9311,95.49,194623,11851,94.26,192142,14332,93.059,208.816193,222.12999,232.380066,231.698654,227.62822,220.754883,231.631104,0.940063,0.898598,0.90124,0.917356,0.945919,0.901503,0,4.28854e-08,4.73126e-10,4.04429e-12,2.24079e-12,2.24079e-12,2.24079e-12,110.137566,1.895958,6.22819e-06,180.21
dynamicsoaringproblem_4,2,36516,3191,3191,1,r,1,0,11.443435,2,1196,21092,15424,57.761,22564,13952,61.792,4544,31972,12.444,29.20368,32.421055,35.781952,35.67664,30.093727,30.130688,30.836992,0.900763,0.816157,0.818566,0.970424,0.969234,0.947034,0,7.07866e-09,3.43407e-12,4.55233e-12,8.7852e-12,8.7852e-12,8.7852e-12,17.012863,1.716565,1.13808e-06,43.478
bayer10,3,94926,13436,13436,0,r,1,0,7.065049,1,27,83299,11627,87.752,80047,14879,84.326,67324,27602,70.923,63.214657,68.855042,76.832573,76.182716,72.480675,71.304771,75.821152,0.918083,0.822759,0.829777,0.872159,0.886542,0.833734,0,5.60209e-08,3.82224e-11,1.24156e-11,1.51999e-09,1.51999e-09,1.51999e-09,37.249439,1.697063,5.05938e-06,292.696
nemeth01,3,725054,9506,9506,1,r,1,0,76.273301,31,96,664530,60524,91.652,509714,215340,70.3,0,725054,0.0,276.94574,315.937225,341.271973,316.559509,281.959625,274.224548,282.639313,0.876585,0.81151,0.874862,0.982218,1.009923,0.979856,0,4.36083e-08,4.08588e-09,2.031e-10,0.0,0.0,0.0,157.448608,1.75896,9.31344e-06,353.765
nemeth16,3,587012,9506,9506,1,r,1,0,61.751736,28,69,587012,0,100.0,387152,199860,65.953,0,587012,0.0,262.758148,308.537811,315.568909,291.359131,267.90097,263.271484,270.651794,0.851624,0.832649,0.901836,0.980803,0.99805,0.970835,0,4.51181e-08,4.51181e-08,2.62431e-10,0.0,0.0,0.0,145.824387,1.801881,9.24745e-06,263.506
goodwin_040,3,561677,17922,17922,0,r,1,0,31.340085,1,62,561036,641,99.886,156736,404941,27.905,641,561036,0.114,397.870911,445.854492,457.568542,450.354187,404.306305,397.836609,406.809204,0.892378,0.869533,0.883462,0.984083,1.000086,0.978028,0,4.16479e-08,3.98495e-08,4.11546e-10,1.21065e-08,1.21065e-08,1.21065e-08,217.384583,1.830263,8.19792e-06,513.266
large_a_01,3,18313,4239,8573,0,r,1,0,4.320123,1,20,6478,11835,35.374,16109,2204,87.965,12708,5605,69.393,17.103489,19.1136,22.113695,21.64304,18.498337,18.464384,20.578976,0.894833,0.773434,0.790254,0.924596,0.926296,0.831115,0,5.29833e-08,2.42737e-11,1.62976e-10,1.93115e-08,1.93115e-08,1.93115e-08,11.458944,1.492589,8.07175e-06,59.986
t2d_q4_a_09,3,87025,9801,9801,0,r,1,0,8.879196,4,9,65269,21756,75.0,0,87025,0.0,0,87025,0.0,89.100319,89.604225,106.589378,92.482979,90.03421,88.606941,92.936256,0.994376,0.835921,0.963424,0.989627,1.005568,0.958725,0,4.56647e-08,1.01955e-08,0.0,0.0,0.0,0.0,46.187519,1.929099,8.10083e-06,92.044
scfxm1-2b_a_3,3,111052,19036,33047,0,r,1,0,5.833789,1,57,37026,74026,33.341,22469,88583,20.233,8053,102999,7.252,87.017921,99.336189,101.671074,97.243584,91.122658,89.28035,94.17942,0.875994,0.855877,0.894845,0.954954,0.974659,0.923959,0,3.46331e-08,1.09143e-09,2.33467e-10,4.95843e-10,4.95843e-10,4.95843e-10,54.74995,1.58937,7.58021e-06,209.509
mimo8x8_system,2,48872,13309,13309,0,r,1,0,3.672102,1,32,6909,41963,14.137,48868,4,99.992,48872,0,100.0,25.408672,30.819937,31.385887,32.144993,30.870176,30.875263,31.682592,0.824423,0.809557,0.79044,0.823082,0.822946,0.801976,0,6.27635e-08,7.80449e-27,4.0971800000000004e-23,6.27635e-08,6.27635e-08,6.27635e-08,18.921185,1.342869,3.35059e-06,75.4589
s3rmq4m1,0,281111,5489,5489,1,r,1,0,51.213518,13,54,200905,80206,71.468,229079,52032,81.491,139422,141689,49.597,144.944229,168.787964,154.783356,159.064697,156.273819,154.899963,157.81366,0.858736,0.936433,0.911228,0.927502,0.935728,0.918452,0,4.40386e-08,2.87653e-11,1.74798e-10,1.16891e-10,1.16891e-10,1.16891e-10,82.573662,1.755332,8.87053e-06,188.159
tsopf_rs_b162_c1_b,3,2645,5374,49,0,r,1,2775,0.492185,0,2,2645,0,100.0,1904,741,71.985,2553,92,96.522,4.36016,4.740224,4.879648,5.37472,4.135264,3.85424,4.842592,0.919822,0.89354,0.811235,1.054385,1.131263,0.900377,0,4.14555e-08,4.14555e-08,1.50413e-10,9.39313e-09,9.39313e-09,9.39313e-09,4.728128,0.922175,4.75844e-06,35.5458
oscil_dcop_24,1,1544,430,430,0,r,1,0,3.590698,1,13,662,882,42.876,1386,158,89.767,1288,256,83.42,2.759424,2.948864,3.237344,2.958784,2.983904,2.982368,3.283136,0.935758,0.852373,0.932621,0.92477,0.925246,0.840484,0,4.47331e-08,1.33618e-13,3.7295e-10,5.09846e-10,5.09846e-10,5.09846e-10,3.38768,0.814547,5.29157e-06,32.9346
c-28,0,30590,4598,4598,1,r,1,0,6.652893,2,386,16830,13760,55.018,30093,497,98.375,30563,27,99.912,23.024416,26.949408,27.042336,28.418688,27.864223,27.812063,27.451712,0.854357,0.851421,0.810186,0.826307,0.827857,0.838724,0,2.02501e-08,4.80579e-12,2.77165e-11,2.02501e-08,2.02501e-08,2.02501e-08,16.228577,1.418758,2.64312e-06,76.1783
t2d_q9_a_03,3,87025,9801,9801,0,r,1,0,8.879196,4,9,60397,26628,69.402,0,87025,0.0,0,87025,0.0,89.127617,89.683708,105.693794,92.518562,90.101219,88.647842,92.958687,0.993799,0.843263,0.963348,0.989194,1.005412,0.958787,0,4.94692e-08,2.26988e-09,0.0,0.0,0.0,0.0,46.159328,1.930869,7.48331e-06,94.7108
flowmeter5_e,2,9669,9669,9669,1,r,1,0,1.0,1,1,9662,7,99.928,8789,880,90.899,9669,0,100.0,7.549408,8.02032,8.448256,9.911264,8.350752,8.381664,8.426784,0.941285,0.893606,0.7617,0.904039,0.900705,0.895883,0,5.25249e-08,4.78114e-08,1.81152e-12,5.25249e-08,5.25249e-08,5.25249e-08,7.217536,1.045981,3.4969e-06,41.0573
stokes64s,5,140034,12546,12546,1,r,1,0,11.161645,5,13,109688,30346,78.33,67424,72610,48.148,32768,107266,23.4,113.977539,120.852928,137.74115,136.82132,118.231613,115.537888,121.052193,0.943109,0.827476,0.833039,0.964019,0.986495,0.941557,0,4.51217e-08,5.99301e-09,3.72072e-10,2.28898e-10,2.28898e-10,2.28898e-10,59.988609,1.899986,8.17913e-06,75.7807
delf_a_35,2,15479,3193,6663,0,r,1,0,4.847792,2,21,6365,9114,41.12,13314,2165,86.013,9603,5876,62.039,13.8624,15.581312,18.107361,17.579935,14.468832,14.485536,16.680672,0.889681,0.765567,0.788535,0.958087,0.956982,0.831046,0,4.75016e-08,2.91751e-11,9.5606e-11,3.15935e-09,3.15935e-09,3.15935e-09,9.391712,1.476025,8.72051e-06,55.3041
large_a_07,3,19637,4249,8587,0,r,1,0,4.621558,2,21,7380,12257,37.582,16977,2660,86.454,12841,6796,65.392,17.496799,19.687616,22.719616,22.478559,18.625759,18.5872,21.151009,0.888721,0.770119,0.778377,0.939387,0.941336,0.827232,0,4.4333e-08,2.23033e-11,1.23959e-10,2.20297e-08,2.20297e-08,2.20297e-08,12.565568,1.39244,8.28022e-06,67.7026
large_a_19,3,19579,4297,8625,0,r,1,0,4.556435,1,21,7153,12426,36.534,16909,2670,86.363,12844,6735,65.601,17.742048,20.030336,22.76688,22.728031,18.925407,18.809025,21.582848,0.885759,0.779292,0.780624,0.937472,0.943273,0.822044,0,3.69312e-08,2.63727e-11,1.44269e-10,1.97681e-08,1.97681e-08,1.97681e-08,12.679776,1.39924,7.99206e-06,59.0981
hydr1c_a_24,3,19486,5308,5308,0,r,1,0,3.671063,1,12,7298,12188,37.453,18204,1282,93.421,18058,1428,92.672,12.030816,14.973984,16.921312,15.88592,14.481184,14.39856,15.89664,0.803448,0.710986,0.757326,0.83079,0.835557,0.756815,0,4.67384e-08,1.33906e-13,6.75438e-11,3.15309e-10,3.15309e-10,3.15309e-10,9.600224,1.253181,8.72584e-06,62.7668
std1_jac2_db,3,498771,21982,21982,0,r,1,0,22.689974,1,211,424212,74559,85.051,495135,3636,99.271,463832,34939,92.995,485.399109,529.348694,532.257568,546.731262,538.14917,530.358643,536.823059,0.916974,0.911963,0.88782,0.901979,0.915228,0.904207,0,6.15474e-08,2.67197e-14,5.52373e-13,9.21185e-11,9.21185e-11,9.21184e-11,256.050293,1.895718,1.33652e-05,533.406
t2d_q9_a_01,3,87025,9801,9801,0,r,1,0,8.879196,4,9,77224,9801,88.738,0,87025,0.0,0,87025,0.0,89.136414,89.604637,105.886017,92.499489,90.083839,88.717186,92.940704,0.994775,0.841815,0.963642,0.989483,1.004725,0.959068,0,4.59877e-08,1.52124e-08,0.0,0.0,0.0,0.0,45.991329,1.938113,8.14329e-06,91.276
c-44,3,85000,10728,10728,1,r,1,0,7.923192,2,780,55361,29639,65.131,34110,50890,40.129,2086,82914,2.454,63.079327,61.980991,72.443199,69.712158,67.25219,63.830593,68.463806,1.017721,0.870742,0.904854,0.937952,0.98823,0.921353,0,5.52014e-08,6.83244e-11,1.95884e-11,1.05776e-11,1.05776e-11,1.05776e-11,34.508671,1.827927,5.90162e-06,136.842
rdb200l,3,1120,200,200,0,r,1,0,5.6,4,6,720,400,64.286,0,1120,0.0,0,1120,0.0,2.749344,2.780384,3.64672,2.769824,2.803296,2.767936,2.775552,0.988836,0.753922,0.992606,0.980754,0.993283,0.990558,0,4.38341e-08,6.72438e-09,0.0,0.0,0.0,0.0,2.271712,1.210252,6.79113e-06,30.7719
lns_3937,2,25407,3937,3937,0,r,1,0,6.453391,1,11,15444,9963,60.786,23763,1644,93.529,23187,2220,91.262,17.394464,20.063776,20.525633,21.126656,19.91424,20.011072,20.703487,0.866959,0.847451,0.823342,0.873469,0.869242,0.840171,0,4.9556e-08,1.0906100000000001e-18,3.48647e-11,2.27081e-11,2.27081e-11,2.27081e-11,12.141408,1.432656,6.89578e-06,42.134
mark3jac040sc,3,113435,18289,18289,0,r,1,0,6.202362,2,44,54941,58494,48.434,112535,900,99.207,111644,1791,98.421,83.607452,94.491615,103.890465,98.554977,96.555519,94.763069,97.507454,0.884813,0.804765,0.848333,0.8659,0.882279,0.857447,0,2.93745e-08,5.79652e-13,1.21813e-11,2.36676e-09,2.36676e-09,2.36676e-09,52.217121,1.60115,6.03942e-06,497.252
t2d_q9_a_04,3,87025,9801,9801,0,r,1,0,8.879196,4,9,64561,22464,74.187,0,87025,0.0,0,87025,0.0,89.1408,89.660545,106.192162,92.537277,90.045441,88.650429,92.929283,0.994203,0.839429,0.963296,0.989954,1.005532,0.959233,0,4.27147e-08,5.39757e-09,0.0,0.0,0.0,0.0,45.956608,1.939673,7.88214e-06,95.5539
oscil_dcop_07,1,1544,430,430,0,r,1,0,3.590698,1,13,606,938,39.249,1386,158,89.767,1288,256,83.42,2.767264,3.029568,3.778272,2.951936,2.959744,2.984832,3.275168,0.913419,0.732415,0.93744,0.934967,0.927109,0.844923,0,2.55349e-08,4.38737e-14,1.37252e-10,1.65864e-10,1.65864e-10,1.65864e-10,3.374176,0.82013,5.9686e-06,32.8586
ex9,5,99471,3363,3363,1,r,1,0,29.578055,10,50,18318,81153,18.415,38368,61103,38.572,3553,95918,3.572,72.777283,77.529472,89.144958,87.739746,73.645248,72.986206,74.531967,0.938705,0.816393,0.829468,0.988214,0.997137,0.976457,0,4.70882e-08,2.04615e-14,3.35175e-10,9.3826e-11,9.3826e-11,9.3826e-11,37.824478,1.924079,8.57454e-06,68.6889
msc10848,3,1229778,10848,10848,1,r,1,0,113.364491,45,723,2466,1227312,0.201,937824,291954,76.26,7692,1222086,0.625,367.798035,417.968994,373.072815,428.460724,370.972168,365.450867,368.105011,0.879965,0.985861,0.858417,0.991444,1.006423,0.999166,0,4.3504e-08,6.94811e-14,1.09132e-11,1.11567e-12,1.11828e-12,1.11567e-12,219.703583,1.674065,1.8061e-05,563.973
nemeth02,5,394808,9506,9506,1,r,1,0,41.532506,17,52,394808,0,100.0,346290,48518,87.711,17,394791,0.004,230.252731,260.006409,265.644318,275.838348,233.070114,229.145218,233.579865,0.885566,0.866771,0.834738,0.987912,1.004833,0.985756,0,4.6428e-08,4.6428e-08,9.33921e-11,1.79901e-10,1.79901e-10,1.79901e-10,131.257889,1.754201,8.58071e-06,213.442
scsd8-2r_a_01,1,1890,90,630,0,r,1,0,21.0,10,24,1360,530,71.958,0,1890,0.0,0,1890,0.0,3.806144,3.875264,4.360448,3.83456,3.849344,3.852288,3.8352,0.982164,0.872879,0.99259,0.988777,0.988022,0.992424,0,3.47631e-08,3.52893e-08,0.0,0.0,0.0,0.0,3.521632,1.08079,7.35138e-06,32.8518
south31,3,112398,18425,36321,0,r,1,0,6.100299,1,177,41835,70563,37.22,3832,108566,3.409,436,111962,0.388,76.65184,82.30912,95.440063,81.40451,78.769981,76.699997,78.555069,0.931268,0.803141,0.941617,0.97311,0.999372,0.975772,0,4.81549e-08,5.56622e-10,3.41922e-11,4.99288e-11,4.99288e-11,4.99288e-11,46.893887,1.634581,1.77626e-05,123.207
testbig,3,61639,17613,31223,0,r,1,0,3.499631,1,5,0,61639,0.0,0,61639,0.0,1,61638,0.002,42.656834,43.159969,45.13213,43.909695,43.927296,42.647743,43.430145,0.988343,0.945154,0.971467,0.971078,1.000213,0.982194,0,2.9285e-08,0.0,0.0,4.5572e-11,4.5572e-11,4.5572e-11,24.235201,1.760119,6.83241e-06,82.696
cavity01,2,7327,317,317,0,r,1,0,23.113565,8,62,6760,567,92.261,3128,4199,42.691,0,7327,0.0,8.440128,9.244416,10.0896,9.771424,8.526528,8.56096,8.688,0.912997,0.836518,0.863756,0.989867,0.985886,0.97147,0,5.54159e-08,1.18837e-08,5.99565e-10,0.0,0.0,0.0,6.048672,1.395369,9.6386e-06,41.2383
hydr1c_a_21,3,19484,5308,5308,0,r,1,0,3.670686,1,12,7292,12192,37.426,18201,1283,93.415,18056,1428,92.671,12.036768,14.971488,17.168863,15.886272,14.463936,14.39504,15.89744,0.803979,0.701081,0.757684,0.832192,0.836175,0.757151,0,5.02707e-08,1.57474e-13,7.18192e-11,4.03136e-10,4.03136e-10,4.03136e-10,9.584928,1.255802,7.21571e-06,56.401
flowmeter5,2,67391,9669,9669,0,r,1,0,6.9698,4,11,62163,5228,92.242,62169,5222,92.251,61359,6032,91.049,35.88195,39.146305,42.750431,42.71904,38.515743,38.525055,43.002495,0.916611,0.839335,0.839952,0.931618,0.931393,0.834416,0,4.51043e-08,1.75889e-11,1.7935e-11,1.7576e-11,1.7576e-11,1.7576e-11,23.910048,1.500706,7.25042e-06,74.256
bayer03,2,56196,6747,6747,0,r,1,0,8.329035,1,34,49268,6928,87.672,55181,1015,98.194,51350,4846,91.377,59.320866,66.053085,73.307678,69.353951,65.646141,65.730461,67.973213,0.898079,0.809204,0.855335,0.903646,0.902487,0.872709,0,4.49145e-08,5.93568e-16,2.30199e-12,1.45394e-10,1.45394e-10,1.45394e-10,33.955425,1.747022,4.87964e-06,241.651
japanesevowelssmall_10nn,5,131144,9961,9961,1,r,1,0,13.165746,10,30,131144,0,100.0,122,131022,0.093,0,131144,0.0,96.684067,105.897758,110.283104,99.645821,99.085983,96.428482,99.167427,0.912994,0.87669,0.970277,0.975759,1.002651,0.974958,0,4.46324e-08,4.46324e-08,6.57275e-11,0.0,0.0,0.0,51.89344,1.863127,8.2727e-06,89.1876
lp_bandm,3,2494,305,472,0,r,1,0,8.177049,1,72,946,1548,37.931,813,1681,32.598,194,2300,7.779,4.820416,5.317888,5.401952,5.356096,4.87216,4.848128,5.190752,0.906453,0.892347,0.899987,0.98938,0.994284,0.928655,0,4.84818e-08,5.27176e-10,3.51166e-10,9.66469e-10,9.66469e-10,9.66469e-10,4.22256,1.141586,9.87303e-06,38.0658
t2dah_b,3,245,11445,1,0,r,1,11200,0.021407,0,1,245,0,100.0,2,243,0.816,245,0,100.0,6.361856,6.423328,7.869408,7.040576,2.27456,2.244064,6.89264,0.99043,0.808429,0.903599,2.796961,2.834971,0.922993,0,3.51874e-08,3.51874e-08,2.36629e-10,3.51874e-08,3.51874e-08,3.51874e-08,6.207616,1.024847,3.39518e-06,36.5595
t2dal_bci,2,37465,4257,4257,1,r,1,0,8.800799,4,9,35681,1784,95.238,29256,8209,78.089,28160,9305,75.163,36.998241,40.320255,44.112896,41.936192,39.201408,39.34,40.762978,0.917609,0.838717,0.882251,0.943799,0.940474,0.907643,0,3.32975e-08,2.2193e-09,5.99371e-11,4.92815e-11,4.92815e-11,4.92815e-11,21.57984,1.714482,6.59478e-06,40.5534
lhr11c,3,233741,10964,10964,0,r,1,0,21.318953,1,63,213357,20384,91.279,97857,135884,41.866,12361,221380,5.288,241.329056,270.87793,292.890167,273.653931,245.923737,244.27449,248.796768,0.890914,0.823958,0.881877,0.981317,0.987942,0.969985,0,4.03299e-08,3.02078e-08,6.42589e-10,5.91774e-09,5.91774e-09,5.91774e-09,127.003807,1.900172,8.05203e-06,257.823
poisson3da,3,352762,13514,13514,0,r,1,0,26.103448,6,110,352762,0,100.0,52618,300144,14.916,0,352762,0.0,291.183868,308.012115,316.737122,333.55191,292.578705,289.359589,295.700439,0.945365,0.919323,0.872979,0.995233,1.006305,0.984726,0,4.3135e-08,4.3135e-08,4.54295e-10,0.0,0.0,0.0,148.196091,1.964855,8.86009e-06,338.903
hydr1c_a_36,3,19503,5308,5308,0,r,1,0,3.674265,1,12,7310,12193,37.481,18220,1283,93.422,18075,1428,92.678,12.051264,14.967872,16.303776,15.885088,14.465728,14.408608,15.905376,0.805142,0.73917,0.758653,0.833091,0.836393,0.757685,0,7.86861e-08,1.38962e-13,8.27894e-11,3.66497e-10,3.66497e-10,3.66497e-10,9.592896,1.25627,6.57228e-06,56.505
pivtol,1,306,102,102,0,r,1,0,3.0,2,4,304,2,99.346,0,306,0.0,0,306,0.0,2.256864,2.277728,2.372704,2.264736,2.30096,2.270624,2.276736,0.99084,0.951178,0.996524,0.980836,0.99394,0.991272,0,2.53981e-08,1.33513e-08,0.0,0.0,0.0,0.0,3.105088,0.726828,5.69312e-06,30.3995
t2dal_e,3,4257,4257,4257,1,r,1,0,1.0,1,1,4257,0,100.0,2203,2054,51.75,4257,0,100.0,4.365792,4.83328,4.868608,5.334592,4.86016,4.823776,4.858688,0.903277,0.896723,0.818393,0.898282,0.905057,0.898554,0,4.15802e-08,4.15802e-08,3.24237e-10,4.15802e-08,4.15802e-08,4.15802e-08,4.71456,0.926023,3.50747e-06,33.3634
t2dal_e,3,4257,4257,4257,1,r,1,0,1.0,1,1,4257,0,100.0,2203,2054,51.75,4257,0,100.0,4.353504,4.666528,4.885216,5.342912,4.863232,4.8432,4.863808,0.932921,0.891159,0.814819,0.895187,0.89889,0.895081,0,3.99701e-08,3.99701e-08,3.43249e-10,3.99701e-08,3.99701e-08,3.99701e-08,4.795712,0.907791,3.55818e-06,33.3634
t2dal_e,3,4257,4257,4257,1,r,1,0,1.0,1,1,4257,0,100.0,2203,2054,51.75,4257,0,100.0,4.365792,4.83328,4.868608,5.334592,4.86016,4.823776,4.858688,0.903277,0.896723,0.818393,0.898282,0.905057,0.898554,0,4.15802e-08,4.15802e-08,3.24237e-10,4.15802e-08,4.15802e-08,4.15802e-08,4.71456,0.926023,3.50747e-06,43.743
t2dal_e,3,4257,4257,4257,1,r,1,0,1.0,1,1,4257,0,100.0,2203,2054,51.75,4257,0,100.0,4.353504,4.666528,4.885216,5.342912,4.863232,4.8432,4.863808,0.932921,0.891159,0.814819,0.895187,0.89889,0.895081,0,3.99701e-08,3.99701e-08,3.43249e-10,3.99701e-08,3.99701e-08,3.99701e-08,4.795712,0.907791,3.55818e-06,43.743
chipcool0_b,3,246,20082,1,0,r,1,19836,0.01225,0,1,246,0,100.0,4,242,1.626,246,0,100.0,10.249376,10.36576,12.144448,11.365312,2.268832,2.239584,10.95968,0.988772,0.843956,0.901812,4.517468,4.576464,0.935189,0,4.54561e-08,4.54561e-08,5.55313e-10,4.54561e-08,4.54561e-08,4.54561e-08,9.126688,1.123012,3.76304e-06,41.1029
hydr1c_a_14,3,19503,5308,5308,0,r,1,0,3.674265,1,12,7307,12196,37.466,18218,1285,93.411,18075,1428,92.678,12.036032,14.967264,17.368799,15.884736,14.474272,14.42208,15.911648,0.804157,0.692969,0.757711,0.831547,0.834556,0.756429,0,4.08643e-08,1.09074e-13,6.37094e-11,3.33553e-10,3.33553e-10,3.33553e-10,8.853984,1.359392,1.26956e-05,60.0736
dynamicsoaringproblem_6,3,36741,3431,3431,1,r,1,0,10.70854,2,1286,22195,14546,60.409,19221,17520,52.315,4137,32604,11.26,31.164127,34.382561,38.341919,38.280514,31.962368,31.923616,32.673119,0.906393,0.812795,0.814099,0.975026,0.976209,0.953816,0,6.50256e-08,3.49007e-11,1.76861e-11,1.92047e-11,1.92047e-11,1.92047e-11,18.018463,1.729566,8.88473e-06,41.7108
hydr1c,3,23752,5308,5308,0,r,1,0,4.474755,1,14,8133,15619,34.241,22046,1706,92.817,21558,2194,90.763,22.681503,26.633823,27.91856,27.382624,25.760864,25.682049,27.373632,0.851605,0.812417,0.828317,0.880464,0.883166,0.828589,0,4.17492e-08,9.75772e-14,7.06025e-11,1.11437e-09,1.11437e-09,1.11437e-09,15.656512,1.448695,6.39504e-06,74.5449
cavity16,3,138187,4562,4562,0,r,1,0,30.290881,8,62,128740,9447,93.164,68524,69663,49.588,20185,118002,14.607,103.312637,114.772224,124.341187,115.14045,104.830849,103.856895,107.015457,0.900154,0.83088,0.897275,0.985518,0.99476,0.965399,0,5.33379e-08,1.17542e-08,5.06582e-10,3.26008e-10,3.26008e-10,3.26008e-10,55.666882,1.855908,8.24523e-06,159.076
maragal_6,3,537694,21255,10152,0,r,1,4,25.297295,0,5941,497381,40313,92.503,293157,244537,54.521,68,537626,0.013,487.800323,524.972168,544.298218,507.38324,490.795288,485.742249,495.918915,0.929193,0.8962,0.961404,0.993898,1.004237,0.983629,0,3.30184e-08,1.72499e-08,4.5559e-10,5.46004e-10,5.46004e-10,5.46004e-10,262.32373,1.859536,8.67641e-06,1380.76
nemsemm1,1,1053986,3945,75352,0,r,1,0,267.170089,1,8085,928415,125571,88.086,91105,962881,8.644,58,1053928,0.006,232.658691,252.204224,247.88208,237.295578,241.823654,240.318756,240.472702,0.922501,0.938586,0.980459,0.962101,0.968125,0.967506,0,3.85928e-08,4.67869e-10,1.21851e-11,3.29344e-12,3.29351e-12,3.29344e-12,156.353851,1.488027,1.14655e-05,2127.37
mesh3e1,1,1889,289,289,1,r,1,0,6.536332,4,9,640,1249,33.88,512,1377,27.104,0,1889,0.0,3.254816,3.331552,3.795968,3.268736,3.291168,3.277248,3.278944,0.976967,0.85744,0.995742,0.988955,0.993155,0.992642,0,3.60933e-08,1.62024e-09,1.61408e-14,0.0,0.0,0.0,3.381152,0.962635,6.37551e-06,32.9163
tsopf_rs_b39_c7,5,252446,14098,14098,0,r,1,0,17.906512,2,32,210082,42364,83.219,210001,42445,83.187,2170,250276,0.86,286.433441,301.1008,323.489258,321.704895,283.969879,282.720245,288.879517,0.951288,0.88545,0.890361,1.008675,1.013134,0.991533,0,3.41295e-08,7.37417e-11,2.77874e-12,7.01429e-11,7.01429e-11,7.01429e-11,141.127777,2.029604,5.75538e-06,193.298
t2d_q9_a_31,3,87025,9801,9801,0,r,1,0,8.879196,4,9,2724,84301,3.13,37488,49537,43.077,39177,47848,45.018,89.143074,89.700706,94.660095,100.383904,92.874115,90.599747,94.398781,0.993783,0.941718,0.888022,0.959827,0.983922,0.944324,0,4.31195e-08,5.1643e-12,2.22928e-10,5.71789e-10,5.71789e-10,5.71789e-10,45.504417,1.958998,8.64139e-06,93.8281
tols4000,3,8784,4000,4000,0,r,1,0,2.196,1,90,487,8297,5.544,8021,763,91.314,8784,0,100.0,7.896,8.65488,9.338816,9.330784,8.7888,8.765152,8.895776,0.912318,0.845503,0.846231,0.898416,0.90084,0.887612,0,3.76493e-08,7.55487e-16,2.02983e-11,3.76493e-08,3.76493e-08,3.76493e-08,6.916192,1.141669,4.99077e-06,40.9268
tols340,3,2196,340,340,0,r,1,0,6.458824,1,90,483,1713,21.995,2066,130,94.08,1378,818,62.75,3.822688,4.351008,5.273568,4.830112,4.915008,4.610624,5.828,0.878575,0.724877,0.791428,0.777758,0.829104,0.655918,0,4.61137e-08,4.76186e-13,1.1675e-10,3.89174e-08,3.89174e-08,3.89174e-08,4.11856,0.928161,6.05866e-06,38.7843
oscil_dcop_28,2,1544,430,430,0,r,1,0,3.590698,1,13,662,882,42.876,1386,158,89.767,1288,256,83.42,2.756768,3.0312,3.259904,2.95024,2.945632,2.954368,3.27536,0.909464,0.845659,0.934422,0.935883,0.933116,0.841669,0,1.4271e-08,3.34458e-14,1.83853e-10,2.43582e-10,2.43582e-10,2.43582e-10,3.39104,0.812956,3.54757e-06,31.1938
oscil_dcop_52,1,1544,430,430,0,r,1,0,3.590698,1,13,662,882,42.876,1386,158,89.767,1288,256,83.42,2.755168,2.95312,4.06784,2.93504,2.938048,2.990048,3.28112,0.932969,0.677305,0.938716,0.937755,0.921446,0.839703,0,3.49786e-08,5.05565e-14,2.37387e-10,3.30157e-10,3.30157e-10,3.30157e-10,3.491712,0.789059,6.44339e-06,31.6715
large_a_20,3,19574,4300,8624,0,r,1,0,4.552093,1,21,7146,12428,36.508,16896,2678,86.319,12834,6740,65.567,17.712769,20.046656,22.240768,22.787745,18.936001,18.836416,21.631329,0.883577,0.79641,0.777294,0.935402,0.940347,0.818848,0,4.1296e-08,2.69868e-11,1.4206e-10,2.0063e-08,2.0063e-08,2.0063e-08,12.683296,1.396543,6.82875e-06,63.3273
kineticbatchreactor_8,2,85194,8052,8052,1,r,1,0,10.580477,1,2720,76478,8716,89.769,85054,140,99.836,85194,0,100.0,77.234207,79.485153,88.560768,82.742332,79.467812,79.518013,81.462402,0.971681,0.872104,0.93343,0.971893,0.971279,0.948096,0,3.32286e-08,1.43757e-14,6.73684e-13,3.32286e-08,3.32286e-08,3.32286e-08,39.980385,1.931802,3.38482e-06,186.302
c-30,5,65693,5321,5321,1,r,1,0,12.345988,2,2110,32520,33173,49.503,65466,227,99.654,65677,16,99.976,49.945698,57.505409,56.847935,59.739391,57.403168,57.507614,58.734432,0.868539,0.878584,0.83606,0.870086,0.868506,0.850365,0,8.06602e-09,5.54141e-13,3.48391e-12,8.06602e-09,8.06602e-09,8.06602e-09,28.835903,1.732066,3.18054e-06,50.8949
fs_183_4,3,1069,183,183,0,r,1,0,5.84153,2,72,903,166,84.471,1060,9,99.158,1069,0,100.0,3.253312,3.434656,3.819904,3.795776,3.479744,3.455872,3.587328,0.947202,0.851674,0.857088,0.934929,0.941387,0.90689,0,1.58403e-08,9.95888e-15,2.59167e-12,1.58403e-08,1.58403e-08,1.58403e-08,3.735616,0.87089,5.90419e-06,38.3261
ex40,3,458012,7740,7740,0,r,1,0,59.174677,6,89,457076,936,99.796,141942,316070,30.991,3314,454698,0.724,201.015457,229.878784,236.170212,226.727203,203.58551,200.458466,203.694336,0.874441,0.851147,0.886596,0.987376,1.002779,0.986849,0,4.79778e-08,3.76863e-08,3.2833e-10,7.89971e-11,7.89971e-11,7.89971e-11,112.392029,1.788521,9.5629e-06,424.256
t2d_q4_a_40,5,87025,9801,9801,0,r,1,0,8.879196,4,9,369,86656,0.424,38536,48489,44.282,40062,46963,46.035,89.148514,89.730972,92.561218,100.356483,92.582657,90.587135,94.491325,0.993509,0.96313,0.888318,0.962907,0.984119,0.943457,0,4.63206e-08,4.31409e-13,2.27704e-10,6.15835e-10,6.15835e-10,6.15835e-10,46.593922,1.913308,7.97585e-06,89.776
lf10000_e,5,99982,19998,19998,1,r,1,0,4.9996,3,5,0,99982,0.0,69990,29992,70.003,49994,49988,50.003,81.145821,86.670784,84.223358,103.803299,84.711746,83.596291,104.732445,0.936253,0.96346,0.781727,0.957905,0.970687,0.774792,0,4.06172e-08,0.0,1.64896e-13,1.16308e-13,1.16308e-13,1.16308e-13,47.48893,1.708731,6.6904e-06,76.3686
t2dal_bci_b,3,124,4257,1,0,r,1,4133,0.029128,0,1,124,0,100.0,0,124,0.0,124,0,100.0,3.61872,3.722496,3.840672,3.803328,2.266592,2.207232,3.812128,0.972122,0.94221,0.951461,1.596547,1.639483,0.949265,0,2.8337e-08,2.8337e-08,0.0,2.8337e-08,2.8337e-08,2.8337e-08,4.138272,0.874452,3.40913e-06,30.0237
bcsstk20,3,3135,485,485,1,r,1,0,6.463918,2,11,10,3125,0.319,2608,527,83.19,1967,1168,62.743,4.025504,4.522336,5.00528,4.82032,4.722048,4.46032,5.298336,0.890138,0.804252,0.835111,0.852491,0.902515,0.759768,0,2.97909e-08,3.06243e-16,6.45171e-11,6.79168e-10,6.79168e-10,6.79168e-10,2.919328,1.378915,7.5174e-06,31.0257
t2dah_a,5,176117,11445,11445,1,r,1,0,15.388117,8,21,170590,5527,96.862,149559,26558,84.92,138152,37965,78.443,121.353378,138.173859,144.852325,142.796097,138.480545,134.253632,138.38269,0.878266,0.837773,0.849837,0.876321,0.903911,0.87694,0,3.27642e-08,2.70878e-09,5.85327e-11,4.53616e-11,4.53616e-11,4.53616e-11,66.562721,1.823143,8.48552e-06,105.074
case9_b2_04,2,14453,14454,1,0,r,1,1,0.999931,0,1,14425,28,99.806,14435,18,99.875,14453,0,100.0,10.365952,10.949344,12.791808,11.706304,11.408736,11.42752,11.654304,0.946719,0.810359,0.885502,0.908598,0.907104,0.889453,0,5.38089e-09,4.57306e-14,2.28067e-13,5.38089e-09,5.38089e-09,5.38089e-09,9.62368,1.07713,1.16013e-06,40.9598
viscoplastic1_c_2,2,61166,4326,4326,0,r,1,0,14.139159,7,37,60512,654,98.931,15642,45524,25.573,0,61166,0.0,39.29184,43.498753,45.785919,48.774815,38.947105,39.084736,40.324898,0.903287,0.858164,0.805576,1.008851,1.005299,0.974382,0,4.61622e-08,3.79866e-08,4.18548e-10,0.0,0.0,0.0,22.482752,1.747644,8.5623e-06,61.6745
lfat5000_e,0,79966,19994,19994,1,r,1,0,3.9995,2,5,0,79966,0.0,64974,14992,81.252,54978,24988,68.752,53.770561,51.760063,54.4688,64.91584,61.059902,59.597729,76.170212,1.038843,0.987181,0.828312,0.88062,0.902225,0.705926,0,5.43325e-08,0.0,3.30109e-11,3.30101e-11,3.30101e-11,3.30101e-11,28.94928,1.857406,6.78546e-06,65.3998
s80pi_n1_e,3,4028,4028,4028,1,r,1,0,1.0,1,1,4028,0,100.0,2400,1628,59.583,4028,0,100.0,4.317056,4.75008,5.519712,5.358272,4.824128,4.785504,4.810368,0.908839,0.782116,0.805681,0.894888,0.902111,0.897448,0,2.34125e-08,2.34125e-08,1.31517e-10,2.34125e-08,2.34125e-08,2.34125e-08,4.698688,0.918779,3.16033e-06,33.7756
xingo_afonso_itaipu,2,48735,13250,13250,0,r,1,0,3.678113,1,32,6878,41857,14.113,48731,4,99.992,48735,0,100.0,25.294975,30.629984,32.217537,31.902945,30.660641,30.670656,31.44256,0.825824,0.785131,0.792873,0.824998,0.824729,0.804482,0,5.45926e-08,1.2702500000000001e-26,5.909810000000001e-23,5.45926e-08,5.45926e-08,5.45926e-08,18.718016,1.351371,3.7123e-06,77.2628
c-41,3,101745,9769,9769,1,r,1,0,10.415089,2,939,63146,38599,62.063,48480,53265,47.649,8258,93487,8.116,96.996254,100.333534,117.238914,115.184067,100.177597,97.449341,104.099236,0.966738,0.827338,0.842098,0.968243,0.995351,0.931767,0,5.14364e-08,4.23128e-11,1.94043e-11,1.72842e-11,1.72842e-11,1.72842e-11,48.56176,1.997379,5.5091e-06,152.839
hydr1c_a_08,3,23010,5308,5308,0,r,1,0,4.334966,1,14,7279,15731,31.634,21303,1707,92.581,20820,2190,90.482,21.801952,24.922239,26.735519,25.664448,24.093311,24.02496,25.699104,0.874799,0.815468,0.8495,0.904896,0.907471,0.848355,0,3.75755e-08,8.79881e-14,7.20111e-11,2.29123e-09,2.29123e-09,2.29123e-09,15.159328,1.438187,7.36928e-06,61.2112
bips07_1693,3,49044,13275,13275,0,r,1,0,3.694463,1,30,6879,42165,14.026,49040,4,99.992,49044,0,100.0,25.435425,30.915487,31.302879,32.152191,30.883841,30.876192,31.701792,0.822741,0.812559,0.791095,0.823584,0.823788,0.802334,0,1.76252e-08,1.01992e-26,4.4268900000000004e-23,1.76252e-08,1.76252e-08,1.76252e-08,18.891264,1.346412,3.09706e-06,76.5533
t2d_q4_a_07,3,87025,9801,9801,0,r,1,0,8.879196,4,9,65269,21756,75.0,0,87025,0.0,0,87025,0.0,89.122398,89.618851,107.354561,92.511902,90.055168,88.679108,92.88739,0.99446,0.830169,0.963361,0.989642,1.004999,0.959467,0,4.4027e-08,1.01093e-08,0.0,0.0,0.0,0.0,46.530239,1.915365,7.96589e-06,91.705
k3plates,0,378927,11107,11107,0,r,1,0,34.116053,15,58,274,378653,0.072,247606,131321,65.344,152748,226179,40.311,250.666306,277.780121,259.744904,279.76828,263.089569,259.8255,265.073914,0.902391,0.965048,0.895978,0.952779,0.964749,0.945647,0,4.3616e-08,1.69737e-14,1.00793e-10,3.73266e-11,3.73266e-11,3.73266e-11,135.128357,1.855024,8.7415e-06,338.793
hydr1c_a_43,3,19510,5308,5308,0,r,1,0,3.675584,1,12,7318,12192,37.509,18226,1284,93.419,18082,1428,92.681,12.043456,14.968832,16.975489,15.879456,14.46912,14.413728,15.878976,0.804569,0.709462,0.75843,0.832356,0.835555,0.758453,0,4.2736e-08,1.15172e-13,6.50486e-11,3.25828e-10,3.25828e-10,3.25828e-10,9.62768,1.25092,6.96178e-06,56.1766
lpi_chemcom,3,1590,288,744,0,r,1,0,5.520833,3,11,288,1302,18.113,0,1590,0.0,0,1590,0.0,2.997152,3.282752,3.27344,3.236576,3.185952,3.137952,3.1976,0.913,0.915597,0.926026,0.94074,0.95513,0.937313,0,2.92445e-08,1.07934e-08,0.0,0.0,0.0,0.0,3.281024,0.913481,6.93643e-06,32.1075
large_a_30,3,20752,4301,8632,0,r,1,0,4.824924,2,21,8481,12271,40.868,18224,2528,87.818,13560,7192,65.343,17.738943,20.060801,22.22224,22.711872,18.884289,18.75152,21.224577,0.884259,0.798252,0.781043,0.939349,0.946,0.835774,0,5.18215e-08,2.96384e-11,1.36166e-10,2.06257e-08,2.06257e-08,2.06257e-08,12.666784,1.40043,7.00183e-06,64.3813
t2d_q9_a_33,5,87025,9801,9801,0,r,1,0,8.879196,4,9,2565,84460,2.947,24630,62395,28.302,25239,61786,29.002,89.127647,89.658051,93.550751,98.211296,92.419838,90.379875,94.310173,0.994084,0.95272,0.907509,0.964378,0.986145,0.945048,0,5.18915e-08,1.99879e-11,3.51824e-10,9.21317e-10,9.21317e-10,9.21317e-10,45.966846,1.938955,7.74829e-06,87.9822
scsd8-2r_a_07,3,23890,1090,7630,0,r,1,0,21.917431,10,24,17360,6530,72.666,0,23890,0.0,0,23890,0.0,22.650496,24.608671,28.280832,23.577568,22.869087,22.761791,23.271105,0.920427,0.800913,0.96068,0.990442,0.99511,0.973331,0,3.61018e-08,3.27183e-08,0.0,0.0,0.0,0.0,12.400992,1.826507,8.98583e-06,43.6808
human_gene1,0,24669643,22283,22283,1,r,1,0,1107.106,1,7939,24647360,22283,99.91,0,24669643,0.0,393,24669250,0.002,5515.575195,3844.717529,3888.990723,5495.13623,5515.097168,5426.859863,5511.84668,1.434585,1.418254,1.003719,1.000087,1.016347,1.000676,0,3.27242e-08,3.01106e-08,0.0,1.53279e-09,1.53279e-09,1.53279e-09,3800.72583,1.45119,3.78339e-05,14641.3
raefsky6,3,137845,3402,3402,0,r,1,0,40.518812,1,165,115692,22153,83.929,136458,1387,98.994,130317,7528,94.539,82.950943,94.081596,100.984612,97.278397,94.349693,93.640739,95.171936,0.881691,0.821422,0.852717,0.879186,0.885842,0.87159,0,5.65586e-08,1.07338e-14,2.82739e-12,5.65467e-08,5.65467e-08,5.65467e-08,45.4776,1.823996,4.08776e-06,271.623
rail_20209_e,5,139473,20209,20209,1,r,1,0,6.901529,4,11,139473,0,100.0,7252,132221,5.2,7712,131761,5.529,101.16256,118.160637,124.172287,105.361404,104.838432,101.430527,105.664833,0.856144,0.814695,0.960148,0.964938,0.997358,0.957391,0,4.59462e-08,4.59462e-08,3.80735e-10,9.80268e-10,9.80268e-10,9.80268e-10,60.854015,1.662381,8.02371e-06,98.9887
t2d_q9_a_32,5,87025,9801,9801,0,r,1,0,8.879196,4,9,2574,84451,2.958,29319,57706,33.69,30432,56593,34.969,89.196899,89.694717,93.614365,99.271484,92.60656,90.616226,94.409058,0.99445,0.952812,0.898515,0.963181,0.984337,0.944792,0,4.54269e-08,1.2589e-11,2.85582e-10,7.59703e-10,7.59703e-10,7.59703e-10,45.985855,1.939659,7.97537e-06,87.8808
ex31,3,115357,3909,3909,0,r,1,0,29.510617,9,75,115039,318,99.724,59641,55716,51.701,0,115357,0.0,88.151039,93.779968,98.189026,100.882462,89.330818,88.159645,89.913918,0.939977,0.897769,0.873799,0.986793,0.999902,0.980394,0,6.65502e-08,1.89702e-08,1.421e-10,0.0,0.0,0.0,44.227295,1.993137,7.94778e-06,280.59
c-40,5,81501,9941,9941,1,r,1,0,8.198471,2,1619,36200,45301,44.417,17166,64335,21.062,6848,74653,8.402,92.781731,95.103683,115.548065,114.873055,96.631294,94.318748,101.193634,0.975585,0.802971,0.807689,0.960162,0.983704,0.916873,0,4.29604e-08,6.38816e-10,8.86976e-11,2.83974e-10,2.83974e-10,2.83974e-10,48.203648,1.924787,8.11139e-06,61.11
mixtank_new,3,1995041,29957,29957,0,r,1,0,66.596822,11,154,1992784,2257,99.887,1103575,891466,55.316,118406,1876635,5.935,846.971985,956.591125,976.194946,910.982666,859.908813,847.237793,861.055786,0.885406,0.867626,0.929734,0.984956,0.999686,0.983644,0,4.17691e-08,1.0694e-08,8.80207e-11,4.84863e-12,4.84866e-12,4.84863e-12,471.313507,1.797046,8.71993e-06,1578.88
s80pi_n_e,3,4063,4182,4182,1,r,1,119,0.971545,0,1,4063,0,100.0,2409,1654,59.291,4063,0,100.0,4.34048,4.8112,4.869632,5.453696,4.833824,4.794752,4.833888,0.902162,0.891336,0.795879,0.897939,0.905256,0.897927,0,6.15889e-08,6.15889e-08,1.10052e-10,6.15889e-08,6.15889e-08,6.15889e-08,4.673184,0.928806,6.48046e-06,33.1374
hydr1c_a_26,3,19510,5308,5308,0,r,1,0,3.675584,1,12,7323,12187,37.535,18225,1285,93.414,18082,1428,92.681,12.048288,14.970496,16.315329,15.884352,14.47312,14.411136,15.891488,0.804802,0.738464,0.7585,0.83246,0.83604,0.75816,0,4.27949e-08,1.11808e-13,6.49475e-11,3.65328e-10,3.65328e-10,3.65328e-10,9.611808,1.253488,7.39775e-06,54.9421
delf_a_16,3,14951,3161,6629,0,r,1,0,4.729832,2,21,5846,9105,39.101,12732,2219,85.158,9124,5827,61.026,13.676576,15.43856,17.096928,17.480831,14.458368,14.453056,16.51104,0.885871,0.799943,0.782376,0.945928,0.946276,0.828329,0,3.77216e-08,2.50003e-11,1.00456e-10,2.8206e-09,2.8206e-09,2.8206e-09,10.119968,1.351445,9.06878e-06,52.3529
case9_b2_11,2,14134,14454,1,0,r,1,320,0.977861,0,1,14125,9,99.936,14128,6,99.958,14134,0,100.0,10.378304,10.961824,11.756032,11.741312,11.028,11.27792,11.686016,0.946768,0.882807,0.883913,0.941087,0.920232,0.888096,0,6.18941e-08,1.02784e-15,2.01443e-13,6.18941e-08,6.18941e-08,6.18941e-08,9.616352,1.079235,3.83483e-06,46.2492
lp_share1b,3,1179,117,253,0,r,1,0,10.076923,1,37,5,1174,0.424,516,663,43.766,405,774,34.351,3.218848,3.28032,3.294752,3.515072,3.279232,3.273568,3.360096,0.98126,0.976962,0.915727,0.981586,0.983284,0.957963,0,2.70985e-08,1.3024e-11,3.70415e-10,2.5752e-10,2.5752e-10,2.5752e-10,3.321696,0.969037,8.54923e-06,39.4227
activsg10k,3,137736,20000,20000,0,r,1,0,6.8868,4,36,9853,127883,7.154,52573,85163,38.169,13858,123878,10.061,93.848381,107.345917,106.285568,109.362816,97.762398,94.7752,104.031357,0.874261,0.882983,0.858138,0.959964,0.990221,0.902116,0,3.95314e-08,7.67694e-12,4.02486e-10,2.09898e-10,2.09898e-10,2.09898e-10,57.716576,1.626021,6.90645e-06,189.517
scagr7-2b,3,35885,9743,13847,0,r,1,0,3.683157,1,10,8711,27174,24.275,0,35885,0.0,1,35884,0.003,20.450527,25.89344,33.655231,21.529888,20.450336,20.348961,21.14352,0.789796,0.607648,0.949867,1.000009,1.004991,0.967224,0,2.8903e-08,4.41572e-09,0.0,2.26079e-11,2.26079e-11,2.26079e-11,14.937024,1.369117,7.83075e-06,80.6883
case9_b1_10,2,13936,14454,1,0,r,1,518,0.964162,0,1,13922,14,99.9,13923,13,99.907,13936,0,100.0,10.371552,10.960064,11.798656,11.767712,10.950112,11.02848,11.675136,0.946304,0.879045,0.881357,0.947164,0.940434,0.888345,0,2.82796e-08,3.45017e-13,9.19335e-13,2.82796e-08,2.82796e-08,2.82796e-08,9.638976,1.076001,4.13952e-06,51.1949
photogrammetry2,2,37056,4472,936,0,r,1,0,8.286225,4,9,37056,0,100.0,3317,33739,8.951,0,37056,0.0,38.732834,42.10688,44.571392,45.102558,38.290848,38.403969,39.619678,0.919869,0.869007,0.858772,1.011543,1.008563,0.977616,0,4.17794e-08,4.17794e-08,5.77275e-10,0.0,0.0,0.0,21.63632,1.790177,7.73924e-06,67.2202
scsd8-2r_a_06,3,14210,650,4550,0,r,1,0,21.861538,10,24,10320,3890,72.625,0,14210,0.0,0,14210,0.0,14.44896,15.5376,17.522655,14.95552,14.49664,14.484,14.920448,0.929935,0.824587,0.966129,0.996711,0.997581,0.9684,0,3.74273e-08,3.21649e-08,0.0,0.0,0.0,0.0,8.724352,1.656164,9.29592e-06,39.379
p05,2,59045,5090,9590,0,r,1,0,11.600196,1,501,40500,18545,68.592,0,59045,0.0,14,59031,0.024,47.932449,53.965984,51.968128,49.770687,47.331135,47.606689,48.903168,0.888197,0.922343,0.963066,1.012704,1.006843,0.98015,0,3.27658e-08,9.04092e-09,0.0,6.98469e-10,6.98469e-10,6.98469e-10,28.734337,1.668124,8.06463e-06,102.575
large_a_23,3,19904,4312,8634,0,r,1,0,4.615955,2,21,7271,12633,36.53,17210,2694,86.465,12967,6937,65.148,17.717825,20.050688,23.279327,22.784737,18.956545,18.905632,21.215328,0.883652,0.761097,0.777618,0.934655,0.937172,0.835143,0,4.71327e-08,1.82407e-11,1.26528e-10,2.10597e-08,2.10597e-08,2.10597e-08,11.939872,1.483921,8.679e-06,60.6299
delf_a_24,3,15656,3207,6666,0,r,1,0,4.881821,2,21,6337,9319,40.476,13474,2182,86.063,9676,5980,61.804,13.881056,15.552064,18.260992,17.596449,14.512704,14.488,16.739008,0.892554,0.760148,0.788856,0.956476,0.958107,0.829264,0,4.94479e-08,2.42804e-11,1.12491e-10,2.92554e-09,2.92554e-09,2.92554e-09,10.14048,1.368876,7.8493e-06,53.4698
large_a_26,3,20543,4297,8632,0,r,1,0,4.780777,2,21,8261,12282,40.213,17941,2602,87.334,13392,7151,65.19,17.734016,20.033728,22.299328,22.739073,18.858335,18.755808,21.249792,0.885208,0.795271,0.779892,0.940381,0.945521,0.83455,0,4.06603e-08,2.85485e-11,1.34496e-10,2.07208e-08,2.07208e-08,2.07208e-08,12.657248,1.401096,7.6355e-06,64.1625
mbeaflw,3,49920,496,496,0,r,1,48,100.645161,0,484,25842,24078,51.767,30047,19873,60.19,215,49705,0.431,15.439616,19.451136,19.413824,19.715776,15.130816,15.071776,15.9008,0.793764,0.79529,0.78311,1.020409,1.024406,0.970996,0,4.97124e-08,4.16606e-11,8.20601e-11,1.96048e-09,1.96048e-09,1.96048e-09,9.820896,1.572119,6.54953e-06,100.299
lf10000,5,99982,19998,19998,1,r,1,0,4.9996,3,5,0,99982,0.0,69990,29992,70.003,49994,49988,50.003,81.229698,86.552002,83.380157,103.804703,84.668449,83.684448,104.867996,0.938507,0.974209,0.782524,0.959386,0.970667,0.77459,0,4.32927e-08,0.0,1.76957e-13,1.26001e-13,1.26001e-13,1.26001e-13,47.290752,1.717666,6.40219e-06,77.7368
hydr1c_a_11,3,23563,5308,5308,0,r,1,0,4.439148,1,14,21219,2344,90.052,21335,2228,90.544,21559,2004,91.495,22.989056,27.06352,26.653601,26.533504,26.404768,26.313889,27.784767,0.849448,0.862512,0.866416,0.87064,0.873647,0.827398,0,5.11389e-08,1.57243e-11,1.71613e-11,3.07565e-10,3.07565e-10,3.07565e-10,15.674784,1.466627,1.20128e-06,55.5564
nemeth26,4,1511760,9506,9506,1,r,1,0,159.03219,62,193,1511760,0,100.0,1171506,340254,77.493,0,1511760,0.0,384.684723,430.282135,434.753021,457.444733,379.716705,378.937073,375.170105,0.894029,0.884835,0.840943,1.013083,1.015168,1.025361,0,4.47424e-08,4.47424e-08,1.5872e-10,0.0,0.0,0.0,243.220825,1.581627,1.0395e-05,636.912
delf_a_04,3,14343,3065,6534,0,r,1,0,4.679608,2,21,5738,8605,40.006,12316,2027,85.868,8915,5428,62.156,13.37152,14.992352,17.479679,17.015871,14.021024,13.975552,16.130465,0.891889,0.764975,0.785826,0.953676,0.956779,0.828961,0,4.9427e-08,2.83726e-11,1.02642e-10,1.58682e-09,1.58682e-09,1.58682e-09,8.985856,1.488063,7.78059e-06,54.7536
msc04515,5,97707,4515,4515,1,r,1,0,21.640532,6,27,15570,82137,15.935,48460,49247,49.597,714,96993,0.731,93.998398,94.90464,110.229118,113.793732,93.479073,93.350525,95.058334,0.990451,0.852755,0.826042,1.005556,1.00694,0.98885,0,4.07281e-08,1.00696e-14,3.65232e-10,9.15879e-11,9.15879e-11,9.15879e-11,46.623455,2.016118,8.47924e-06,67.5633
poli3,3,37849,16955,16955,0,r,1,0,2.232321,1,336,11650,26199,30.78,1812,36037,4.787,13071,24778,34.535,35.261761,44.903072,45.720127,40.075649,36.147999,35.644066,45.384094,0.785286,0.771252,0.87988,0.975483,0.989274,0.776963,0,2.88171e-08,1.30364e-08,3.92657e-10,1.76068e-08,1.76068e-08,1.76068e-08,25.38784,1.388923,8.39966e-06,162.681
hydr1c_a_55,3,19503,5308,5308,0,r,1,0,3.674265,1,12,7306,12197,37.461,18218,1285,93.411,18075,1428,92.678,12.066432,14.975104,16.30912,15.87328,14.479616,14.409568,15.892544,0.805766,0.739858,0.760173,0.833339,0.83739,0.759251,0,3.54228e-08,9.65944e-14,5.40047e-11,2.57808e-10,2.57808e-10,2.57808e-10,9.586592,1.258678,6.32302e-06,59.3495
stat96v1,4,588798,5995,197472,0,r,1,0,98.214846,95,666,435544,153254,73.972,15984,572814,2.715,0,588798,0.0,196.931778,207.010178,216.12262,206.415878,197.579239,198.257797,196.362335,0.951314,0.911204,0.954053,0.996723,0.993312,1.0029,0,4.02088e-08,2.40285e-08,6.34633e-10,0.0,0.0,0.0,117.87149,1.670733,1.02066e-05,607.159
hydr1c_a_09,3,23000,5308,5308,0,r,1,0,4.333082,1,14,7236,15764,31.461,21294,1706,92.583,20810,2190,90.478,21.796608,24.926464,26.700129,25.676352,24.088257,24.035681,25.697311,0.874436,0.816348,0.848898,0.904864,0.906844,0.848206,0,4.19207e-08,9.63662e-14,8.08447e-11,2.78642e-10,2.78642e-10,2.78642e-10,15.181888,1.435698,6.96528e-06,57.4337
fv1,5,85264,9604,9604,1,r,1,0,8.877968,4,9,75660,9604,88.736,0,85264,0.0,0,85264,0.0,87.525696,87.929604,103.053246,90.818016,88.405472,86.99987,91.244125,0.995406,0.849325,0.963748,0.990048,1.006044,0.959247,0,4.5425e-08,8.0361e-09,0.0,0.0,0.0,0.0,45.114594,1.940075,8.14665e-06,61.4573
hydr1c_a_47,3,19473,5308,5308,0,r,1,0,3.668613,1,12,7266,12207,37.313,18189,1284,93.406,18045,1428,92.667,12.040352,14.969152,16.891968,15.887936,14.459488,14.412992,15.877856,0.804344,0.712786,0.75783,0.832696,0.835382,0.758311,0,4.47834e-08,1.13211e-13,6.90294e-11,3.50937e-10,3.50937e-10,3.50937e-10,9.589632,1.255559,5.3808e-06,54.754
hydr1c_a_66,3,19510,5308,5308,0,r,1,0,3.675584,1,12,7306,12204,37.447,18228,1282,93.429,18082,1428,92.681,12.058784,14.967712,16.313343,15.886752,14.464288,14.398304,15.88032,0.805653,0.739198,0.759046,0.833694,0.837514,0.759354,0,4.37745e-08,1.22223e-13,7.40589e-11,3.11333e-10,3.11333e-10,3.11333e-10,9.595712,1.256685,9.02318e-06,54.3455
lns_131,1,536,131,131,0,r,1,0,4.091603,1,11,356,180,66.418,503,33,93.843,492,44,91.791,2.509152,2.733024,2.801632,2.7352,2.78048,2.757568,2.755392,0.918086,0.895604,0.917356,0.902417,0.909915,0.910633,0,4.76538e-08,1.80012e-17,7.97907e-11,4.50568e-10,4.50568e-10,4.50568e-10,3.234112,0.77584,7.86219e-06,31.5955
steam1,3,3762,240,240,0,r,1,0,15.675,9,21,1959,1803,52.073,3588,174,95.375,3762,0,100.0,4.327008,4.824672,5.822656,5.147936,4.85024,4.81872,4.831872,0.89685,0.743133,0.840533,0.892122,0.897958,0.895514,0,3.99771e-08,1.43423e-14,3.58116e-11,3.99771e-08,3.99771e-08,3.99771e-08,2.941728,1.470907,7.23397e-06,45.8131
deter7,3,37131,6375,18153,0,r,1,0,5.824471,2,30,13176,23955,35.485,0,37131,0.0,0,37131,0.0,30.136225,37.101856,37.276833,31.657185,30.385759,30.283648,31.257025,0.812257,0.808444,0.951955,0.991788,0.995132,0.964142,0,3.61229e-08,2.44016e-08,0.0,0.0,0.0,0.0,19.969055,1.509146,7.58456e-06,86.601
lowthrust_10,5,222005,18260,18260,1,r,1,0,12.157996,2,7100,164232,57773,73.977,133665,88340,60.208,30426,191579,13.705,172.384354,193.559357,208.475388,208.849472,179.176193,174.705734,186.994873,0.890602,0.826881,0.8254,0.962094,0.986713,0.921867,0,4.30392e-08,4.45595e-09,2.55994e-10,3.39933e-09,3.39933e-09,3.39933e-09,95.527328,1.804555,8.20026e-06,111.341
g7jac080sc,3,293976,23670,23670,0,r,1,0,12.419772,2,153,155889,138087,53.028,57257,236719,19.477,15407,278569,5.241,233.110596,261.014313,294.834412,274.522369,238.876221,235.474747,244.353317,0.893095,0.790649,0.84915,0.975864,0.98996,0.95399,0,5.13141e-08,1.23703e-10,1.75469e-11,4.15118e-11,4.15118e-11,4.15118e-11,129.370331,1.801886,4.5963e-06,678.724
s1rmt3m1,5,219521,5489,5489,1,r,1,0,39.992895,7,42,21708,197813,9.889,173663,45858,79.11,108829,110692,49.576,135.703323,153.488541,150.812988,146.11319,144.207642,141.720901,145.611069,0.884127,0.899812,0.928755,0.941027,0.957539,0.931957,0,4.08913e-08,4.13162e-14,2.18217e-10,1.47705e-10,1.47705e-10,1.47705e-10,78.930077,1.719285,8.74967e-06,125.237
case9_b2_06,2,14453,14454,1,0,r,1,1,0.999931,0,1,14425,28,99.806,14439,14,99.903,14453,0,100.0,10.368544,10.948448,12.5152,11.73024,11.41104,11.42736,11.672544,0.947033,0.828476,0.883916,0.908641,0.907344,0.888285,0,1.2653e-08,8.71398e-14,5.22638e-13,1.2653e-08,1.2653e-08,1.2653e-08,8.903808,1.164507,4.98769e-06,40.8677
exdata_1,3,2269501,6001,6001,1,r,1,0,378.187135,3,1503,2251475,18026,99.206,2268964,537,99.976,2269501,0,100.0,492.681549,406.831238,421.173889,412.947235,409.022522,407.080841,410.281036,1.211022,1.169782,1.193086,1.204534,1.210279,1.200839,0,4.47551e-08,4.64754e-15,2.48125e-13,4.47551e-08,4.47551e-08,4.47551e-08,308.915802,1.594873,3.94374e-06,1026.52
tsopf_rs_b39_c7_b,3,7053,14098,19,0,r,1,7059,0.500284,0,2,7047,6,99.915,3500,3553,49.624,7025,28,99.603,8.848,9.019744,10.615584,11.368096,6.887584,6.852672,9.846368,0.980959,0.833492,0.778318,1.28463,1.291175,0.898605,0,4.3358e-08,1.8209e-08,1.60661e-10,1.56755e-08,1.56755e-08,1.56755e-08,8.224544,1.075804,5.29308e-06,42.4409
nemeth13,5,474472,9506,9506,1,r,1,0,49.912897,21,59,474472,0,100.0,293530,180942,61.865,0,474472,0.0,246.737946,284.34906,290.885132,255.842361,250.096924,246.290649,250.321564,0.867729,0.848232,0.964414,0.986569,1.001816,0.985684,0,4.43883e-08,4.43883e-08,2.84794e-10,0.0,0.0,0.0,142.305191,1.733865,9.26299e-06,234.599
large_a_12,3,19617,4236,8576,0,r,1,0,4.63102,2,21,7363,12254,37.534,16951,2666,86.41,12823,6794,65.367,17.482592,19.648449,21.763617,22.428352,18.619137,18.574207,21.128256,0.88977,0.803294,0.779486,0.938958,0.941229,0.827451,0,4.02036e-08,2.3263e-11,1.3123e-10,1.85257e-08,1.85257e-08,1.85257e-08,12.600288,1.387476,8.3658e-06,57.2283
t2d_q4_a_16,5,87025,9801,9801,0,r,1,0,8.879196,4,9,31261,55764,35.922,1901,85124,2.184,907,86118,1.042,89.184639,89.728065,100.74118,93.369057,90.185501,88.832161,93.076675,0.993944,0.885285,0.955184,0.988902,1.003968,0.958185,0,4.50675e-08,1.8825e-09,2.45315e-10,6.26414e-10,6.26414e-10,6.26414e-10,46.533504,1.916568,7.99374e-06,88.0274
lhr17c,3,381975,17576,17576,0,r,1,0,21.732761,1,63,347970,34005,91.098,157777,224198,41.306,15011,366964,3.93,385.283264,433.196442,468.985596,437.402435,392.31601,389.490173,396.694916,0.889396,0.821525,0.880844,0.982074,0.989199,0.971233,0,4.06237e-08,3.09968e-08,6.84587e-10,5.81006e-09,5.81006e-09,5.81006e-09,202.559097,1.902078,8.1445e-06,396.548
scrs8-2r,3,58439,14364,27691,0,r,1,0,4.068435,1,15,16395,42044,28.055,6150,52289,10.524,12,58427,0.021,60.194592,60.748737,73.496094,65.723167,60.45792,59.744801,61.801376,0.990878,0.819018,0.915881,0.995644,1.007529,0.974001,0,3.7582e-08,1.59814e-09,2.51925e-10,2.60076e-11,2.60076e-11,2.60076e-11,35.7048,1.685896,7.16318e-06,103.918
lp_ship04l,3,6380,402,2166,0,r,1,42,15.870647,0,84,28,6352,0.439,28,6352,0.439,40,6340,0.627,6.071904,6.801952,6.323712,6.293728,5.860672,5.84976,6.274976,0.892671,0.96018,0.964755,1.036042,1.037975,0.967638,0,2.94508e-08,3.87461e-11,3.87461e-11,7.36398e-10,7.36398e-10,7.36398e-10,4.793248,1.266762,8.94256e-06,42.0822
m80pi_n1_e,3,4028,4028,4028,1,r,1,0,1.0,1,1,4028,0,100.0,2400,1628,59.583,4028,0,100.0,4.312544,4.722432,4.825728,5.365536,4.81936,4.773376,4.814912,0.913204,0.893657,0.803749,0.894838,0.903458,0.895664,0,4.93309e-08,4.93309e-08,3.31544e-10,4.93309e-08,4.93309e-08,4.93309e-08,4.69312,0.918908,3.83783e-06,32.4649
large_a_27,3,20431,4284,8624,0,r,1,0,4.769141,2,21,8098,12333,39.636,17836,2595,87.299,13329,7102,65.239,17.623297,19.978848,22.188128,22.617344,18.762783,18.645569,21.199104,0.882098,0.794267,0.779194,0.939269,0.945173,0.831323,0,3.84197e-08,2.59797e-11,1.27895e-10,1.98937e-08,1.98937e-08,1.98937e-08,12.655072,1.392588,8.02929e-06,59.787
kemelmacher,3,100875,28452,9693,0,r,1,0,3.545445,1,7,0,100875,0.0,2355,98520,2.335,1303,99572,1.292,66.675613,76.162369,70.468254,69.555069,69.086884,66.475166,68.935516,0.87544,0.946179,0.958602,0.965098,1.003015,0.967217,0,4.52484e-08,0.0,3.75317e-10,1.23013e-10,1.23013e-10,1.23013e-10,40.758976,1.635851,6.72209e-06,118.506
freeflyingrobot_16,2,44006,6078,6078,1,r,1,0,7.240211,1,1217,19569,24437,44.469,42531,1475,96.648,43006,1000,97.728,34.261215,41.638561,43.223618,43.425632,40.986401,41.450817,42.419231,0.822824,0.79265,0.788963,0.835917,0.826551,0.807681,0,7.53332e-08,3.56524e-16,8.05919e-13,7.53247e-08,7.53247e-08,7.53247e-08,23.545216,1.455124,2.69675e-07,168.649
plat362,3,5786,362,362,1,r,1,0,15.983425,4,19,5786,0,100.0,2522,3264,43.588,0,5786,0.0,5.768128,6.479712,6.768192,5.849248,5.829536,5.779136,5.831584,0.890183,0.852241,0.986132,0.989466,0.998095,0.989119,0,4.70524e-08,4.70524e-08,5.12729e-10,0.0,0.0,0.0,4.711552,1.224252,8.92853e-06,34.9231
scsd8-2b_a_2,3,7170,330,2310,0,r,1,0,21.727273,10,24,5200,1970,72.524,0,7170,0.0,0,7170,0.0,8.381312,8.928352,9.946304,8.786112,8.429472,8.414912,8.521888,0.93873,0.842656,0.953927,0.994287,0.996007,0.983504,0,3.72988e-08,3.27906e-08,0.0,0.0,0.0,0.0,5.80256,1.444416,8.9378e-06,36.9799
bcsstm22,3,138,138,138,1,r,1,0,1.0,1,1,138,0,100.0,8,130,5.797,138,0,100.0,2.125376,2.186208,3.075872,2.290048,2.275712,2.21808,2.243744,0.972175,0.690983,0.928092,0.933939,0.958205,0.947245,0,4.23481e-08,4.23481e-08,4.58487e-10,4.23481e-08,4.23481e-08,4.23481e-08,2.98576,0.711838,3.02052e-06,29.5991
abacus_shell_hd_e,3,19216,23412,23412,0,r,1,21808,0.820776,0,12,8,19208,0.042,2184,17032,11.366,592,18624,3.081,18.309889,23.085728,19.570496,21.975168,6.166912,5.96496,19.954048,0.793126,0.935586,0.833208,2.969053,3.069574,0.917603,0,4.22719e-08,7.31178e-16,4.41914e-10,2.54972e-10,2.54972e-10,2.54972e-10,14.475136,1.26492,9.35256e-06,87.5866
cz5108,2,51412,5108,5108,0,r,1,0,10.064996,1,27,354,51058,0.689,21601,29811,42.015,1,51411,0.002,47.760674,54.462238,50.759682,52.19075,47.468769,47.509632,48.897247,0.87695,0.940918,0.915118,1.006149,1.005284,0.976756,0,3.7017e-08,4.26305e-14,5.44132e-10,9.02419e-15,9.02419e-15,9.02419e-15,27.362593,1.745473,7.76304e-06,71.3248
breasttissue_10nn,3,1412,106,106,1,r,1,0,13.320755,10,27,1410,2,99.858,0,1412,0.0,0,1412,0.0,2.914752,3.278464,3.285408,3.111232,3.121088,2.962624,3.138496,0.88906,0.887181,0.936848,0.93389,0.983841,0.92871,0,3.41787e-08,3.22033e-08,0.0,0.0,0.0,0.0,3.301248,0.882924,7.19703e-06,40.7562
memplus,3,126150,17758,17758,0,r,1,0,7.103841,2,574,126146,4,99.997,88311,37839,70.005,26727,99423,21.187,85.072578,94.308289,96.188065,106.153793,85.952255,85.306557,98.849823,0.902069,0.88444,0.801409,0.989766,0.997257,0.860624,0,4.11371e-08,3.9372e-08,7.33001e-11,1.18617e-08,1.18617e-08,1.18617e-08,53.698368,1.584267,9.07278e-06,465.715
fs_183_3,3,1069,183,183,0,r,1,0,5.84153,2,72,901,168,84.284,1060,9,99.158,1069,0,100.0,3.255232,3.388,4.565472,3.792832,3.536096,3.438592,3.566176,0.960812,0.713011,0.858259,0.920572,0.946676,0.912807,0,4.26688e-08,1.79763e-14,4.20881e-11,4.26688e-08,4.26688e-08,4.26688e-08,2.792096,1.165874,2.93742e-06,37.7425
zd_jac2,3,1642833,22835,22835,0,r,1,0,71.943639,1,924,1519888,122945,92.516,1632578,10255,99.376,1621062,21771,98.675,625.881226,701.196167,709.185852,722.31311,709.24176,703.10675,711.672485,0.892591,0.882535,0.866496,0.882465,0.890165,0.879451,0,6.48079e-09,1.2534e-14,1.15054e-13,1.44403e-10,1.44403e-10,1.44403e-10,366.849274,1.706099,1.75545e-06,1748.66
t2d_q4_a_25,3,87025,9801,9801,0,r,1,0,8.879196,4,9,10951,76074,12.584,17613,69412,20.239,17775,69250,20.425,89.145569,89.675331,96.149246,96.935486,91.720673,90.017342,93.984734,0.994092,0.927158,0.919638,0.971924,0.990316,0.948511,0,4.49142e-08,2.26901e-10,4.12365e-10,1.10556e-09,1.10556e-09,1.10556e-09,46.287327,1.925917,7.88924e-06,91.791
large_a_17,3,19809,4287,8618,0,r,1,0,4.620714,1,21,7351,12458,37.109,17147,2662,86.562,13026,6783,65.758,17.617567,19.904224,22.073536,22.539616,18.854208,18.695265,21.376225,0.885117,0.798131,0.781627,0.93441,0.942355,0.824166,0,4.356e-08,2.25495e-11,1.45425e-10,2.07691e-08,2.07691e-08,2.07691e-08,12.658368,1.391772,7.32424e-06,60.3849
large_a_04,3,19717,4200,8536,0,r,1,0,4.694524,2,21,7842,11875,39.773,17152,2565,86.991,13158,6559,66.734,17.346687,19.547359,21.700129,22.088415,18.5464,18.528193,21.059072,0.887418,0.799382,0.78533,0.935313,0.936232,0.823716,0,4.34878e-08,2.53036e-11,1.29825e-10,1.9709e-08,1.9709e-08,1.9709e-08,12.349728,1.404621,8.59443e-06,61.4232
hamrle2,2,22162,5952,5952,0,r,1,0,3.723454,2,5,8332,13830,37.596,8082,14080,36.468,96,22066,0.433,12.48656,14.43136,13.80192,12.91312,12.42816,12.431872,12.940704,0.865238,0.904697,0.966967,1.004699,1.004399,0.964906,0,4.12257e-08,5.83894e-10,2.13789e-10,3.37887e-11,3.37887e-11,3.37887e-11,9.626944,1.297043,7.09724e-06,48.0469
t2d_q9_a_22,5,87025,9801,9801,0,r,1,0,8.879196,4,9,11255,75770,12.933,31585,55440,36.294,33786,53239,38.823,89.196129,89.61869,96.621437,100.469757,92.566208,90.380127,94.553123,0.995285,0.923151,0.887791,0.963593,0.9869,0.943344,0,5.30545e-08,6.86055e-11,2.86809e-10,7.9373e-10,7.9373e-10,7.9373e-10,45.622337,1.955098,7.992e-06,87.7538
g7jac040sc,3,114671,11790,11790,0,r,1,0,9.726124,2,120,56949,57722,49.663,22230,92441,19.386,4560,110111,3.977,113.567711,124.684227,143.290619,135.161255,116.542847,114.609917,119.362686,0.910843,0.792569,0.840239,0.974472,0.990906,0.951451,0,3.18744e-08,2.05371e-10,5.06839e-11,1.44943e-10,1.44943e-10,1.44943e-10,61.98317,1.832235,4.58843e-06,267.197
har_10nn,3,151736,10299,10299,1,r,1,0,14.733081,10,92,151736,0,100.0,0,151736,0.0,0,151736,0.0,104.444733,116.532928,120.798141,107.280609,107.415039,104.187775,107.00531,0.896268,0.864622,0.973566,0.972347,1.002466,0.976071,0,4.54495e-08,4.54495e-08,0.0,0.0,0.0,0.0,57.478752,1.817102,8.25622e-06,129.768
hydr1c_a_51,3,23540,5308,5308,0,r,1,0,4.434815,1,14,17939,5601,76.206,21792,1748,92.574,21536,2004,91.487,22.974527,27.053663,28.194176,27.738016,26.373505,26.277664,27.759935,0.849221,0.814868,0.828269,0.871122,0.874299,0.827615,0,4.72006e-08,3.66224e-12,8.81521e-11,2.70207e-10,2.70207e-10,2.70207e-10,15.688608,1.464408,6.82445e-06,58.1172
fem_3d_thermal1,5,430740,17880,17880,0,r,1,0,24.090604,12,27,428004,2736,99.365,237906,192834,55.232,324,430416,0.075,364.924957,384.656982,403.974518,441.228638,361.958405,360.850098,367.825317,0.948702,0.903337,0.827065,1.008196,1.011292,0.992115,0,4.57303e-08,3.476e-08,4.97444e-10,3.81512e-11,3.81512e-11,3.81512e-11,179.40329,2.034104,8.9462e-06,340.566
abacus_shell_ld_e,3,19216,23412,23412,0,r,1,21808,0.820776,0,12,8,19208,0.042,2184,17032,11.366,592,18624,3.081,18.315392,23.066879,20.601761,21.998753,6.187392,5.995232,19.958336,0.794013,0.889021,0.832565,2.960115,3.054993,0.917681,0,4.61389e-08,8.30911e-16,5.21141e-10,2.57987e-10,2.57987e-10,2.57987e-10,13.90768,1.316926,9.63815e-06,89.2397
ex1,3,4352,216,216,0,r,1,0,20.148148,8,49,4352,0,100.0,2189,2163,50.299,154,4198,3.539,6.3448,6.92032,6.998944,7.305696,6.396224,6.387232,6.524768,0.916836,0.906537,0.868473,0.99196,0.993357,0.972418,0,3.96707e-08,3.96707e-08,3.65695e-10,3.71917e-11,3.71917e-11,3.71917e-11,4.841696,1.31045,7.24397e-06,51.2158
gams30a,1,1287,354,531,0,r,1,0,3.635593,1,60,240,1047,18.648,0,1287,0.0,1,1286,0.078,3.264384,3.811872,4.545888,3.285856,3.596608,3.300224,3.744992,0.856373,0.718096,0.993465,0.907629,0.98914,0.871666,0,2.9738e-08,2.76076e-09,0.0,2.94414e-10,2.94414e-10,2.94414e-10,2.90112,1.125215,6.76937e-06,50.6377
lowthrust_4,5,160947,13562,13562,1,r,1,0,11.867497,2,5273,123179,37768,76.534,97197,63750,60.391,22531,138416,13.999,126.788574,141.805054,155.563751,155.70755,131.945953,128.685959,138.430145,0.894105,0.815026,0.814274,0.960913,0.985256,0.915903,0,4.38745e-08,5.60064e-09,1.99402e-10,3.66172e-09,3.66172e-09,3.66172e-09,70.574593,1.796519,8.50031e-06,106.702
bcsstm05,3,153,153,153,1,r,1,0,1.0,1,1,153,0,100.0,0,153,0.0,153,0,100.0,2.160928,2.216352,3.019648,2.239904,2.288736,2.227232,2.258944,0.974993,0.715622,0.964741,0.944158,0.97023,0.95661,0,4.16107e-08,4.16107e-08,0.0,4.16107e-08,4.16107e-08,4.16107e-08,2.012512,1.073747,3.04837e-06,36.9384
t2dal_bci_abottom,3,99,4257,4257,1,r,1,4158,0.023256,0,1,99,0,100.0,41,58,41.414,99,0,100.0,3.839264,4.073248,4.98176,4.292672,2.260032,2.221056,4.314816,0.942556,0.770664,0.894376,1.698765,1.728576,0.889786,0,3.73512e-08,3.73512e-08,3.88697e-10,3.73512e-08,3.73512e-08,3.73512e-08,4.52112,0.849184,3.38563e-06,31.465
hydr1c_a_44,3,19480,5308,5308,0,r,1,0,3.669932,1,12,7281,12199,37.377,18196,1284,93.409,18052,1428,92.669,12.066976,14.980096,16.304031,15.907744,14.46624,14.418688,15.887104,0.805534,0.740122,0.75856,0.834147,0.836898,0.759545,0,3.87754e-08,1.24429e-13,6.64221e-11,3.88192e-10,3.88192e-10,3.88192e-10,9.595392,1.25758,7.78135e-06,54.5243
cavity23,3,138187,4562,4562,0,r,1,0,30.290881,1,62,124704,13483,90.243,64354,73833,46.57,21903,116284,15.85,103.6633,116.101692,121.057571,115.974686,106.594109,105.651901,108.221603,0.892866,0.856314,0.893844,0.972505,0.981178,0.95788,0,4.39289e-08,8.4379e-09,4.5986e-10,1.04123e-09,1.04123e-09,1.04123e-09,57.28093,1.809735,8.50549e-06,204.536
legresley_4908,3,30482,4908,4908,0,r,1,0,6.210676,1,38,7901,22581,25.92,20889,9593,68.529,11988,18494,39.328,20.986368,24.109152,26.659296,25.599424,22.11952,22.093632,25.119776,0.870473,0.787206,0.819798,0.948771,0.949883,0.835452,0,5.41691e-08,7.2492e-12,2.17938e-10,1.69136e-10,1.69136e-10,1.69136e-10,14.424768,1.454884,1.16e-05,59.3862
t2d_q4_a_26,3,87025,9801,9801,0,r,1,0,8.879196,4,9,10951,76074,12.584,17537,69488,20.152,17667,69358,20.301,89.219872,89.637123,96.486366,96.91053,91.669632,90.049309,93.964958,0.995345,0.924689,0.920642,0.973276,0.990789,0.949502,0,4.50633e-08,2.69822e-10,4.7878e-10,1.2619e-09,1.2619e-09,1.2619e-09,46.267426,1.928352,8.18358e-06,104.725
poli,3,8188,4008,4008,0,r,1,0,2.042914,1,63,3227,4961,39.411,161,8027,1.966,3142,5046,38.373,8.882784,10.330176,12.148352,9.703264,9.460288,9.39872,10.848576,0.859887,0.731193,0.915443,0.938955,0.945106,0.818797,0,2.85044e-08,1.45089e-08,2.43308e-10,1.9861e-08,1.9861e-08,1.9861e-08,7.51408,1.182152,5.91775e-06,57.3323
delf_a_13,3,14948,3151,6626,0,r,1,0,4.743891,2,21,5894,9054,39.43,12749,2199,85.289,9151,5797,61.219,13.537312,15.271424,17.921247,17.361631,14.445248,14.41232,16.418592,0.886447,0.755378,0.779726,0.937146,0.939287,0.824511,0,4.70639e-08,2.57674e-11,9.31693e-11,3.36025e-09,3.36025e-09,3.36025e-09,10.082912,1.342599,8.54088e-06,75.7379
hydr1c_a_75,3,19468,5308,5308,0,r,1,0,3.667671,1,12,7245,12223,37.215,18184,1284,93.405,18040,1428,92.665,12.046016,14.965984,16.297344,15.885248,14.463872,14.40272,15.90624,0.804893,0.73914,0.758315,0.832835,0.836371,0.757314,0,3.69446e-08,1.06045e-13,5.73819e-11,2.8587e-10,2.8587e-10,2.8587e-10,9.612864,1.253114,6.52375e-06,71.4053
t2d_q4_a_34,3,87025,9801,9801,0,r,1,0,8.879196,4,9,2563,84462,2.945,23530,63495,27.038,23976,63049,27.551,89.160866,89.637856,93.576988,97.948578,92.337341,90.321922,94.195969,0.994679,0.952808,0.910282,0.965599,0.987145,0.946547,0,4.15338e-08,2.11955e-11,3.46519e-10,9.38267e-10,9.38267e-10,9.38267e-10,46.550014,1.915378,7.43651e-06,113.827
cq5,2,51571,5048,11748,0,r,1,0,10.216125,1,391,26111,25460,50.631,19024,32547,36.889,1309,50262,2.538,46.470978,52.620129,54.4104,51.314175,46.490688,46.56461,48.01107,0.883141,0.854083,0.905617,0.999576,0.997989,0.967922,0,3.57571e-08,4.37746e-10,4.38595e-11,4.47318e-11,4.47318e-11,4.47318e-11,25.982143,1.788574,1.34483e-05,121.538
lp_bore3d,3,1448,233,334,0,r,1,0,6.214592,1,73,544,904,37.569,514,934,35.497,247,1201,17.058,3.302784,3.82896,3.810112,3.779392,3.660384,3.468288,3.794432,0.86258,0.866847,0.873893,0.902305,0.952281,0.870429,0,8.1202e-08,2.61899e-10,2.05093e-10,2.08076e-10,2.08076e-10,2.08076e-10,3.71968,0.887922,1.02603e-05,39.1886
hydr1c_a_06,3,22983,5308,5308,0,r,1,0,4.329879,1,14,7294,15689,31.737,21277,1706,92.577,20793,2190,90.471,21.792864,24.91696,27.865728,25.671936,24.086048,24.043104,25.693439,0.87462,0.782067,0.848898,0.904792,0.906408,0.848188,0,5.01844e-08,1.08025e-13,8.66325e-11,4.65568e-10,4.65568e-10,4.65568e-10,14.454496,1.507688,7.44073e-06,69.2489
c-29,3,43731,5033,5033,1,r,1,0,8.688854,2,481,23961,19770,54.792,41741,1990,95.449,37221,6510,85.114,45.377151,50.771488,57.41856,54.527969,51.338593,51.156128,51.973122,0.893753,0.790287,0.832181,0.88388,0.887033,0.873089,0,1.01381e-07,1.29271e-12,5.6607e-12,1.0138e-07,1.0138e-07,1.0138e-07,26.08032,1.7399,3.09462e-06,96.9905
2d_27628_bjtcai,3,442898,27628,27628,0,r,1,0,16.030766,9,90,359307,83591,81.126,411254,31644,92.855,339083,103815,76.56,559.7005,592.299622,662.006165,634.631104,590.77948,578.520264,591.40686,0.944962,0.845461,0.88193,0.947393,0.967469,0.946388,0,4.2634e-08,7.77084e-13,5.95056e-11,6.05732e-11,6.05732e-11,6.05732e-11,274.801361,2.036746,7.67072e-06,887.991
lpi_bgetam,3,2537,400,816,0,r,1,0,6.3425,2,23,365,2172,14.387,1643,894,64.762,1305,1232,51.439,3.76448,3.868992,4.65232,4.121824,3.891744,3.829664,4.020608,0.972987,0.809162,0.913304,0.967299,0.982979,0.936296,0,3.25785e-08,2.54011e-11,1.13328e-10,1.71711e-09,1.71711e-09,1.71711e-09,3.7016,1.016987,6.06428e-06,42.4215
delf_a_17,3,14904,3176,6643,0,r,1,0,4.692695,1,21,5741,9163,38.52,12681,2223,85.085,9140,5764,61.326,13.725632,15.478624,17.720961,17.543936,14.473664,14.463968,16.563007,0.886748,0.774542,0.782358,0.948318,0.948953,0.828692,0,4.33313e-08,2.37176e-11,9.37288e-11,1.93676e-09,1.93676e-09,1.93676e-09,10.157952,1.35122,6.84169e-06,60.142
spacestation_2,2,5817,329,329,1,r,1,0,17.680851,1,43,2957,2860,50.834,2117,3700,36.393,70,5747,1.203,8.358848,8.937088,10.676672,9.979488,8.42352,8.463616,8.643648,0.935299,0.782908,0.837603,0.992322,0.987621,0.967051,0,4.57799e-08,7.0405e-10,2.5831e-10,1.07434e-10,1.07434e-10,1.07434e-10,5.829888,1.433792,8.3021e-06,47.186
model7,3,51027,3358,9582,0,r,1,0,15.195652,1,253,19335,31692,37.892,37547,13480,73.583,32776,18251,64.233,33.726208,39.53344,40.130688,40.317505,38.157631,38.145344,39.092991,0.853106,0.840409,0.836515,0.883865,0.88415,0.862718,0,5.23687e-08,4.19339e-11,1.41241e-10,1.06299e-10,1.06299e-10,1.06299e-10,18.697184,1.803812,1.24068e-05,99.3808
oscil_dcop_30,1,1544,430,430,0,r,1,0,3.590698,1,13,662,882,42.876,1386,158,89.767,1288,256,83.42,2.747296,2.963296,3.24848,2.94528,2.9512,2.99056,3.275968,0.927108,0.845717,0.932779,0.930908,0.918656,0.838621,0,5.83596e-08,7.34525e-14,2.3727e-10,3.10451e-10,3.10451e-10,3.10451e-10,3.35648,0.818505,3.453e-06,45.811
oscil_dcop_06,1,1544,430,430,0,r,1,0,3.590698,1,13,598,946,38.731,1386,158,89.767,1288,256,83.42,2.759328,2.951872,3.261376,2.94848,2.973984,2.982944,3.281344,0.934772,0.846063,0.935848,0.927822,0.925035,0.840914,0,5.83596e-08,8.5158e-14,2.54281e-10,3.23637e-10,3.23637e-10,3.23637e-10,3.34832,0.824093,3.45301e-06,41.6299
c-46,5,130397,14913,14913,1,r,1,0,8.743848,2,1397,84547,45850,64.838,14718,115679,11.287,3770,126627,2.891,139.609467,149.839645,173.916382,165.71431,143.509735,140.304443,149.471359,0.931726,0.802739,0.842471,0.972822,0.995047,0.934022,0,3.8501e-08,4.52477e-09,2.34432e-10,1.15042e-09,1.15042e-09,1.15042e-09,75.208382,1.856302,1.70385e-05,112.987
ns3da,3,1679599,20414,20414,0,r,1,0,82.27682,9,306,1679599,0,100.0,494679,1184920,29.452,0,1679599,0.0,702.846008,732.64801,741.730713,743.8125,711.403931,703.844604,705.024536,0.959323,0.947576,0.944924,0.98797,0.998581,0.99691,0,4.44309e-08,4.44309e-08,5.44094e-10,0.0,0.0,0.0,469.14563,1.49814,9.88967e-06,1631.59
t2d_q4_a_05,3,87025,9801,9801,0,r,1,0,8.879196,4,9,65281,21744,75.014,0,87025,0.0,0,87025,0.0,89.422852,89.727325,107.619362,92.582306,90.104996,88.728256,93.017311,0.996607,0.830918,0.965874,0.992429,1.007828,0.961357,0,4.49343e-08,8.57311e-09,0.0,0.0,0.0,0.0,46.266399,1.932782,7.80467e-06,94.6322
delf_a_18,3,14963,3196,6660,0,r,1,0,4.68179,2,21,5763,9200,38.515,12752,2211,85.224,9220,5743,61.619,13.810848,15.497088,17.303392,17.584352,14.513984,14.479488,16.649055,0.89119,0.798158,0.785406,0.951555,0.953822,0.829527,0,4.47897e-08,3.22513e-11,1.13722e-10,8.96975e-09,8.96975e-09,8.96975e-09,10.160992,1.359203,8.02565e-06,54.3497
wang4,3,177196,26068,26068,0,r,1,0,6.797453,4,7,177196,0,100.0,11494,165702,6.487,0,177196,0.0,106.253853,113.015549,115.164803,118.26339,106.728096,105.32589,108.29763,0.94017,0.922624,0.898451,0.995557,1.00881,0.981128,0,4.32425e-08,4.32425e-08,5.23702e-10,0.0,0.0,0.0,64.865761,1.638058,7.22323e-06,132.852
abacus_shell_ud,5,218484,23412,23412,0,r,1,0,9.332137,6,15,50456,168028,23.094,199720,18764,91.412,196938,21546,90.138,209.346848,222.35965,251.942459,232.355133,227.881027,221.276642,232.256256,0.941479,0.830931,0.900978,0.918667,0.946087,0.901362,0,4.08815e-08,1.34225e-14,1.89334e-11,6.21711e-12,6.21711e-12,6.21711e-12,110.333214,1.897406,8.65062e-06,196.456
linverse,5,95977,11999,11999,1,r,1,0,7.99875,5,9,51429,44548,53.585,38011,57966,39.604,1058,94919,1.102,64.674461,70.398079,65.416161,64.308739,67.177597,64.890404,66.829155,0.918696,0.988662,1.005687,0.962739,0.996672,0.967758,0,4.48119e-08,3.2787e-09,5.40241e-10,1.99389e-09,1.99389e-09,1.99389e-09,34.84016,1.856319,6.3541e-06,59.8274
t2d_q4_a_44,3,87025,9801,9801,0,r,1,0,8.879196,4,9,311,86714,0.357,26534,60491,30.49,27102,59923,31.143,89.180222,89.575165,93.643326,98.35968,92.577438,90.262276,94.227646,0.995591,0.952339,0.906675,0.963304,0.988012,0.946434,0,4.64484e-08,1.16399e-12,3.49714e-10,8.86554e-10,8.86554e-10,8.86554e-10,45.874527,1.944003,8.29892e-06,91.2826
oscil_dcop_51,1,1544,430,430,0,r,1,0,3.590698,1,13,662,882,42.876,1386,158,89.767,1288,256,83.42,2.7536,3.04096,3.24448,2.946208,2.95456,2.985824,3.287168,0.905503,0.848703,0.934625,0.931983,0.922224,0.837682,0,3.91311e-08,5.13022e-14,1.76239e-10,2.59487e-10,2.59487e-10,2.59487e-10,3.425344,0.80389,4.601e-06,32.3086
oscil_dcop_13,1,1544,430,430,0,r,1,0,3.590698,1,13,659,885,42.681,1386,158,89.767,1288,256,83.42,2.763552,3.026048,3.981312,2.959104,2.972032,3.00608,3.276512,0.913255,0.694131,0.933915,0.929853,0.919321,0.843443,0,3.91313e-08,6.4071e-14,1.82744e-10,2.6395e-10,2.6395e-10,2.6395e-10,3.385312,0.816336,4.60101e-06,32.1388
t2d_q4_a_27,5,87025,9801,9801,0,r,1,0,8.879196,4,9,10951,76074,12.584,17535,69490,20.149,17667,69358,20.301,89.174339,89.584381,96.215485,96.87133,91.609085,89.994781,93.913055,0.995423,0.926819,0.920544,0.973422,0.990883,0.949541,0,4.44852e-08,2.49585e-10,4.39728e-10,1.14389e-09,1.14389e-09,1.14389e-09,45.89603,1.942964,8.00129e-06,88.5403
t2d_q9_a_12,5,87025,9801,9801,0,r,1,0,8.879196,4,9,31562,55463,36.268,32938,54087,37.849,35397,51628,40.675,89.190369,89.564255,101.283394,101.075455,92.47773,90.654625,94.443619,0.995825,0.880602,0.882414,0.964452,0.983848,0.944377,0,4.35637e-08,2.92588e-10,3.17663e-10,8.62467e-10,8.62467e-10,8.62467e-10,45.895199,1.943349,8.61681e-06,88.1547
delf_a_20,3,15270,3213,6672,0,r,1,0,4.752568,2,21,5876,9394,38.481,13013,2257,85.219,9356,5914,61.27,13.897376,15.560192,17.35648,17.679008,14.507872,14.482624,16.719584,0.893137,0.800702,0.786095,0.95792,0.95959,0.831203,0,4.40631e-08,2.17961e-11,9.62246e-11,4.11394e-09,4.11394e-09,4.11394e-09,10.162336,1.367538,8.45285e-06,58.2351
bips07_1998_c,3,20,4,15066,0,r,1,0,5.0,5,5,12,8,60.0,7,13,35.0,0,20,0.0,2.236416,2.269216,2.378848,2.36048,2.27408,2.261696,2.273568,0.985546,0.940126,0.947441,0.983438,0.988823,0.983659,0,1.23782e-07,3.1219e-09,1.70556e-09,0.0,0.0,0.0,3.095488,0.722476,1.02941e-05,37.8127
oscil_dcop_23,3,1544,430,430,0,r,1,0,3.590698,1,13,659,885,42.681,1386,158,89.767,1288,256,83.42,2.760832,3.02144,3.963776,2.959296,2.974816,2.956352,3.28784,0.913747,0.696516,0.932935,0.928068,0.933864,0.83971,0,1.9914e-08,4.19409e-14,1.97801e-10,2.74299e-10,2.74299e-10,2.74299e-10,2.450016,1.126863,8.17063e-06,42.0384
rajat27,4,99777,20640,20640,0,r,1,0,4.834157,1,1801,90535,9242,90.737,97270,2507,97.487,93822,5955,94.032,90.780991,102.480164,108.285088,106.161057,117.63443,111.986786,105.014526,0.88584,0.838352,0.855125,0.771721,0.81064,0.864461,0,5.04633e-08,1.08787e-12,3.91181e-12,4.4862e-09,4.4862e-09,4.4862e-09,53.48621,1.697278,3.3266e-06,383.024
lp_cre_d,3,246614,8926,73948,0,r,1,2450,27.628725,0,808,70,246544,0.0279999999999999,0,246614,0.0,20,246594,0.008,200.728348,208.815323,206.747391,206.662598,161.121445,159.14183,203.921158,0.961272,0.970887,0.971285,1.24582,1.261317,0.984343,0,3.77822e-08,1.80564e-10,0.0,4.83207e-11,4.83207e-11,4.83207e-11,102.584831,1.956706,8.69822e-06,335.401
abacus_shell_ld_k,5,216082,23412,23412,0,r,1,0,9.22954,4,15,50455,165627,23.35,197326,18756,91.32,194536,21546,90.029,209.261414,222.276093,251.747101,232.275208,228.562149,221.232315,232.224701,0.941448,0.831237,0.90092,0.915556,0.94589,0.901116,0,4.53418e-08,1.29619e-14,2.15949e-11,5.27675e-12,5.27675e-12,5.27675e-12,109.742653,1.906838,8.51524e-06,203.954
epb1,3,95053,14734,14734,0,r,1,0,6.451269,3,7,95053,0,100.0,17971,77082,18.906,3165,91888,3.33,61.507584,58.001408,65.425407,77.272545,61.834656,61.101536,64.194176,1.06045,0.940118,0.795982,0.994711,1.006645,0.958149,0,4.55821e-08,4.55821e-08,5.55389e-10,7.28929e-10,7.28929e-10,7.28929e-10,35.133057,1.750704,7.26573e-06,94.9608
hydr1c_a_63,3,19491,5308,5308,0,r,1,0,3.672005,1,12,7305,12186,37.479,18210,1281,93.428,18063,1428,92.674,12.064416,14.974848,16.304768,15.87088,14.46272,14.418688,15.894944,0.805645,0.739932,0.76016,0.834173,0.836721,0.75901,0,4.12689e-08,1.07259e-13,5.20323e-11,2.5186e-10,2.5186e-10,2.5186e-10,9.587712,1.258321,9.00208e-06,55.2945
oscil_dcop_53,1,1544,430,430,0,r,1,0,3.590698,1,13,662,882,42.876,1386,158,89.767,1288,256,83.42,2.76288,3.005408,4.287712,2.941792,2.947072,2.984672,3.272896,0.919303,0.644372,0.939183,0.9375,0.92569,0.84417,0,3.93751e-08,3.53523e-14,1.25975e-10,1.64876e-10,1.64876e-10,1.64876e-10,2.462752,1.121867,4.58125e-06,31.0895
nemeth15,5,539802,9506,9506,1,r,1,0,56.785399,25,66,539802,0,100.0,347108,192694,64.303,0,539802,0.0,256.338379,299.434143,306.336823,278.900757,260.400696,256.613098,260.911255,0.856076,0.836786,0.919102,0.9844,0.998929,0.982473,0,4.51836e-08,4.51836e-08,2.97828e-10,0.0,0.0,0.0,144.139771,1.778401,9.43664e-06,241.882
delf_a_06,3,14605,3103,6575,0,r,1,0,4.706735,2,21,5718,8887,39.151,12433,2172,85.128,8923,5682,61.096,13.432736,15.088032,16.81776,17.109407,14.217408,14.052096,16.203585,0.890291,0.798723,0.785108,0.944809,0.955924,0.828998,0,4.94602e-08,2.49654e-11,9.50336e-11,6.36775e-09,6.36775e-09,6.36775e-09,9.85008,1.363719,7.65416e-06,54.3344
large_a_31,3,20643,4285,8623,0,r,1,0,4.817503,2,21,8395,12248,40.668,18103,2540,87.696,13499,7144,65.393,17.731232,20.004225,22.148672,22.604353,18.727327,18.640833,21.487648,0.886374,0.800555,0.784417,0.946811,0.951204,0.825183,0,3.84911e-08,3.14549e-11,1.44744e-10,2.06716e-08,2.06716e-08,2.06716e-08,12.684384,1.397879,8.03749e-06,60.9732
oscil_dcop_43,2,1544,430,430,0,r,1,0,3.590698,1,13,662,882,42.876,1386,158,89.767,1288,256,83.42,2.761248,2.956864,4.05984,2.986656,2.961216,2.967968,3.284928,0.933843,0.680137,0.924528,0.932471,0.93035,0.840581,0,3.91989e-08,3.71595e-14,1.62287e-10,2.04936e-10,2.04936e-10,2.04936e-10,3.3544,0.823172,5.88634e-06,31.8393
hydr1c_a_72,3,23553,5308,5308,0,r,1,0,4.437265,1,14,18441,5112,78.296,21798,1755,92.549,21549,2004,91.492,22.96352,27.063007,28.140287,27.744864,26.3936,26.320608,27.774879,0.848521,0.816037,0.827667,0.870041,0.872454,0.826773,0,6.01652e-08,5.62234e-12,7.13526e-11,7.493e-09,7.493e-09,7.493e-09,15.655808,1.466773,7.73517e-06,64.5068
hydr1c_a_46,3,19503,5308,5308,0,r,1,0,3.674265,1,12,7303,12200,37.446,18219,1284,93.416,18075,1428,92.678,12.060736,14.971648,17.358591,15.898976,14.484544,14.397568,15.891776,0.805572,0.694799,0.758586,0.832662,0.837693,0.758929,0,4.75426e-08,1.14536e-13,6.30446e-11,3.3829e-10,3.3829e-10,3.3829e-10,8.836992,1.364801,6.84858e-06,63.1473
delf_a_22,3,15260,3214,6672,0,r,1,0,4.747978,2,21,5888,9372,38.585,13036,2224,85.426,9366,5894,61.376,13.910304,15.555936,18.351007,17.680161,14.616032,14.531456,16.743872,0.894212,0.758013,0.786775,0.951716,0.957255,0.83077,0,5.14784e-08,2.72742e-11,1.07722e-10,7.69692e-09,7.69692e-09,7.69692e-09,10.168448,1.367987,6.87027e-06,53.7815
bodyy6,3,134748,19366,19366,1,r,1,0,6.957968,3,9,79444,55304,58.957,107923,26825,80.092,73553,61195,54.586,80.229469,84.883522,101.365059,94.718719,84.057213,82.189468,85.149826,0.945171,0.79149,0.847029,0.954463,0.976153,0.942215,0,4.44974e-08,4.42529e-12,1.42828e-10,1.76582e-10,1.76582e-10,1.76582e-10,48.389023,1.65801,5.59058e-06,86.2703
hydr1c_a_13,3,19503,5308,5308,0,r,1,0,3.674265,1,12,7306,12197,37.461,18218,1285,93.411,18075,1428,92.678,12.051008,14.976416,16.955263,15.895392,14.469984,14.413632,15.892288,0.804666,0.710753,0.758145,0.832828,0.836084,0.758293,0,4.9666e-08,1.12277e-13,6.75569e-11,2.98499e-10,2.98499e-10,2.98499e-10,9.59232,1.256318,7.53325e-06,57.2947
t2d_q4,3,87025,9801,9801,0,r,1,0,8.879196,4,9,77224,9801,88.738,0,87025,0.0,0,87025,0.0,89.145248,89.528931,105.940125,92.509277,90.036484,88.609756,92.875168,0.995714,0.841468,0.963636,0.990101,1.006043,0.959839,0,4.50685e-08,1.50189e-08,0.0,0.0,0.0,0.0,45.428993,1.962299,8.092e-06,92.1399
cavity24,3,138187,4562,4562,0,r,1,0,30.290881,8,62,123246,14941,89.188,61571,76616,44.556,20185,118002,14.607,103.273987,114.647293,120.499268,114.354141,104.778976,103.721886,106.991295,0.900797,0.857051,0.903107,0.985637,0.995682,0.965256,0,4.4561e-08,8.54975e-09,5.1091e-10,2.59531e-10,2.59531e-10,2.59531e-10,55.523968,1.859989,8.63993e-06,176.88
crystm03,5,583770,24696,24696,1,r,1,0,23.638241,8,27,583770,0,100.0,37152,546618,6.364,0,583770,0.0,502.226013,530.425476,547.663147,540.768433,498.844818,496.753723,506.605286,0.946836,0.917035,0.928727,1.006778,1.011016,0.991356,0,4.63839e-08,4.63839e-08,4.66092e-10,0.0,0.0,0.0,246.531326,2.037169,8.96633e-06,205.679
t2d_q9_a_17,3,87025,9801,9801,0,r,1,0,8.879196,4,9,31261,55764,35.922,1853,85172,2.129,895,86130,1.028,89.136322,89.538078,101.426338,93.302399,90.031075,88.73632,93.008896,0.995513,0.878828,0.955349,0.990062,1.004508,0.958363,0,4.19409e-08,1.95241e-09,2.69357e-10,6.07482e-10,6.07482e-10,6.07482e-10,45.443394,1.96148,8.08839e-06,93.5243
case9_b1_03,2,14453,14454,1,0,r,1,1,0.999931,0,1,14425,28,99.806,14439,14,99.903,14453,0,100.0,10.366496,10.96368,12.433024,11.690528,11.412448,11.430784,11.659424,0.945531,0.833787,0.886743,0.90835,0.906893,0.889109,0,9.0542e-08,2.12099e-14,6.4773e-13,9.0542e-08,9.0542e-08,9.0542e-08,9.591712,1.080776,3.55749e-06,50.2407
odepa400,1,1201,400,400,0,r,1,0,3.0025,2,5,3,1198,0.25,3,1198,0.25,0,1201,0.0,2.680832,2.802848,2.788128,2.75376,2.777088,2.76304,2.766752,0.956467,0.961517,0.973517,0.965339,0.970247,0.968946,0,2.51008e-08,8.81237e-12,8.81237e-12,0.0,0.0,0.0,3.224576,0.831375,6.6911e-06,30.8419
delf_a_02,3,14322,3098,6570,0,r,1,0,4.622983,1,20,5601,8721,39.108,12320,2002,86.022,8966,5356,62.603,13.448224,15.06224,17.725376,17.087393,14.185344,14.023872,16.222113,0.892844,0.758699,0.787026,0.948037,0.958952,0.829006,0,5.14295e-08,2.24383e-11,9.89183e-11,5.45601e-09,5.45601e-09,5.45601e-09,9.84464,1.366045,8.51023e-06,59.4129
sit100,2,61046,10262,10262,1,r,1,0,5.948743,2,10,32258,28788,52.842,19812,41234,32.454,0,61046,0.0,39.216671,44.347775,46.701569,45.910526,39.192383,39.601151,40.891266,0.884299,0.839729,0.854198,1.00062,0.990291,0.959048,0,2.87172e-08,1.21553e-08,2.10603e-10,0.0,0.0,0.0,25.619265,1.530749,6.7931e-06,55.2113
case9_b2_03,2,14453,14454,1,0,r,1,1,0.999931,0,1,14363,90,99.377,14438,15,99.896,14453,0,100.0,10.373344,10.95632,12.59968,11.692768,11.40304,11.431904,11.666336,0.946791,0.823302,0.887159,0.9097,0.907403,0.889169,0,2.9158e-08,2.21044e-14,1.86378e-13,2.9158e-08,2.9158e-08,2.9158e-08,8.900704,1.165452,4.26187e-06,41.8188
g7jac100,3,384636,29610,29610,0,r,1,0,12.990071,2,153,283508,101128,73.708,328400,56236,85.379,312583,72053,81.267,292.837982,328.769501,358.626648,345.20639,329.574707,321.980865,334.216095,0.890709,0.816554,0.848298,0.888533,0.909489,0.876194,0,4.56345e-08,1.54156e-14,1.16718e-11,7.47736e-09,7.47736e-09,7.47736e-09,163.32692,1.792956,5.90871e-06,884.178
hydr1c_a_02,3,22618,5308,5308,0,r,1,0,4.261115,1,14,6894,15724,30.48,20912,1706,92.457,20428,2190,90.317,21.791519,24.927904,26.753311,25.66704,24.091553,24.017056,25.691969,0.874182,0.814535,0.849008,0.904529,0.907335,0.848184,0,3.9228e-08,8.85295e-14,7.55734e-11,3.19996e-10,3.19996e-10,3.19996e-10,15.196512,1.433982,7.96337e-06,59.8734
tsopf_rs_b162_c1,3,205399,5374,5374,0,r,1,0,38.220878,3,77,188041,17358,91.549,187518,17881,91.295,1900,203499,0.925,133.169083,146.151077,152.767868,151.192642,134.611557,132.523712,136.30275,0.911174,0.871709,0.880791,0.989284,1.00487,0.97701,0,4.94491e-08,1.58883e-10,3.63421e-12,2.49043e-11,2.49043e-11,2.49043e-11,71.043388,1.874475,5.47383e-06,186.353
t2d_q4_a_21,3,87025,9801,9801,0,r,1,0,8.879196,4,9,11732,75293,13.481,42140,44885,48.423,44574,42451,51.22,89.155396,89.555267,95.73555,101.340286,91.660477,89.915169,94.329727,0.995535,0.931267,0.879763,0.97267,0.99155,0.945146,0,4.16992e-08,2.56924e-11,2.17544e-10,6.12796e-10,6.12796e-10,6.12796e-10,45.875969,1.943401,8.11791e-06,93.9888
hydr1c_a_20,3,19503,5308,5308,0,r,1,0,3.674265,1,12,7311,12192,37.487,18220,1283,93.422,18075,1428,92.678,12.035872,14.972576,17.158049,15.880288,14.474144,14.40352,15.899456,0.803861,0.701471,0.757913,0.831543,0.83562,0.756999,0,5.34794e-08,1.08885e-13,6.85928e-11,3.36827e-10,3.36827e-10,3.36827e-10,9.588256,1.255272,7.59389e-06,57.761
delf_a_07,3,14754,3147,6619,0,r,1,0,4.688275,2,21,5761,8993,39.047,12609,2145,85.462,9120,5634,61.814,13.56144,15.264032,18.048609,17.385441,14.43648,14.348672,16.443712,0.888457,0.751384,0.780046,0.939387,0.945136,0.824719,0,5.49776e-08,2.8521e-11,1.09923e-10,7.98932e-09,7.98932e-09,7.98932e-09,9.316224,1.45568,8.84879e-06,53.291
bcsstm06,3,420,420,420,1,r,1,0,1.0,1,1,20,400,4.762,208,212,49.524,420,0,100.0,2.26064,2.29248,3.438304,2.451584,2.324864,2.276096,2.282592,0.986111,0.657487,0.922114,0.972375,0.993209,0.990383,0,4.6061e-08,6.78389e-15,5.3012e-10,4.6061e-08,4.6061e-08,4.6061e-08,2.173184,1.040243,3.76064e-06,30.8388
odepb400,4,399,400,400,1,r,1,1,0.9975,0,1,399,0,100.0,0,399,0.0,399,0,100.0,2.249824,2.281504,3.110112,2.279648,2.293312,2.269152,2.263424,0.986114,0.72339,0.986917,0.981037,0.991482,0.993991,0,4.60262e-08,4.60262e-08,0.0,4.60262e-08,4.60262e-08,4.60262e-08,3.123424,0.720307,3.73128e-06,30.8732
model2,3,7607,379,1321,0,r,1,0,20.07124,1,138,1846,5761,24.267,5220,2387,68.621,4472,3135,58.788,10.273344,11.343584,11.877696,11.429312,10.57072,10.527616,11.282944,0.905652,0.864927,0.898859,0.971868,0.975847,0.91052,0,4.15552e-08,9.97822e-11,3.49477e-10,2.40711e-09,2.40711e-09,2.40711e-09,7.243136,1.418356,7.69384e-06,61.8128
kineticbatchreactor_7,2,84508,7968,7968,1,r,1,0,10.605924,1,2720,75917,8591,89.834,84375,133,99.843,84508,0,100.0,77.939774,78.688477,88.192093,82.552094,78.534462,78.618431,80.550591,0.990485,0.88375,0.944128,0.992428,0.991368,0.967588,0,5.04638e-08,1.93408e-14,1.02775e-12,5.04638e-08,5.04638e-08,5.04638e-08,39.274815,1.984472,3.55376e-06,204.748
large_a_16,3,19717,4265,8598,0,r,1,0,4.622978,1,21,7352,12365,37.288,17057,2660,86.509,12961,6756,65.735,17.573471,19.858015,21.900928,22.611488,18.693439,18.615583,21.252192,0.884956,0.802408,0.777192,0.940088,0.944019,0.826902,0,4.93094e-08,2.14276e-11,1.27119e-10,2.1025e-08,2.1025e-08,2.1025e-08,12.640448,1.390257,6.23764e-06,68.1025
case9_a_01,5,147972,14454,14454,1,r,1,0,10.237443,1,7210,93743,54229,63.352,93675,54297,63.306,25444,122528,17.195,133.910919,143.217529,154.482819,154.51619,136.705627,134.53479,141.563141,0.935018,0.866834,0.866647,0.979557,0.995363,0.945945,0,5.29992e-08,3.30162e-11,1.28025e-12,1.98241e-08,1.98241e-08,1.98241e-08,71.076767,1.884032,6.38937e-06,89.1036
t2d_q9_a_34,3,87025,9801,9801,0,r,1,0,8.879196,4,9,2563,84462,2.945,23530,63495,27.038,23976,63049,27.551,89.156349,89.538307,93.619423,97.946144,92.248253,90.281822,94.099167,0.995734,0.952327,0.910259,0.966483,0.987534,0.947472,0,4.52188e-08,2.12742e-11,3.78385e-10,9.85616e-10,9.85616e-10,9.85616e-10,45.882626,1.94314,7.46554e-06,95.5029
ex37,3,67591,3565,3565,0,r,1,0,18.959607,1,85,48162,19429,71.255,22562,45029,33.38,1651,65940,2.443,73.389664,81.888031,85.029442,81.294014,76.221954,75.932289,79.699165,0.89622,0.863109,0.902768,0.962842,0.966515,0.920834,0,4.43153e-08,2.49997e-09,4.40197e-10,7.19747e-10,7.19747e-10,7.19747e-10,39.281536,1.868299,8.47031e-06,124.925
olm5000,2,19996,5000,5000,0,r,1,0,3.9992,2,6,5000,14996,25.005,5000,14996,25.005,5000,14996,25.005,11.755584,14.586272,14.485632,14.465408,10.958784,10.972448,14.548192,0.805935,0.811534,0.812669,1.072709,1.071373,0.808044,0,4.03682e-08,1.34278e-14,1.34278e-14,1.34278e-14,1.34278e-14,1.34278e-14,9.208736,1.276569,7.38781e-06,47.4933
freeflyingrobot_9,2,39964,4778,4778,1,r,1,0,8.364169,1,957,18374,21590,45.976,38109,1855,95.358,35577,4387,89.023,43.142784,48.450878,55.531105,51.461185,45.419872,45.471264,49.383518,0.890444,0.776912,0.838356,0.949866,0.948792,0.873627,0,4.56908e-08,1.29025e-13,2.20035e-11,8.57191e-09,8.57191e-09,8.57191e-09,25.208672,1.711426,7.86487e-06,146.652
hydr1c_a_41,3,19468,5308,5308,0,r,1,0,3.667671,1,12,7275,12193,37.369,18186,1282,93.415,18040,1428,92.665,12.037504,14.969152,16.934368,15.875776,14.464224,14.39776,15.880992,0.804154,0.710833,0.758231,0.832226,0.836068,0.757982,0,4.39006e-08,1.24427e-13,6.67995e-11,3.696e-10,3.696e-10,3.696e-10,9.582848,1.256151,8.0772e-06,62.4011
cavity22,3,138187,4562,4562,0,r,1,0,30.290881,8,62,125669,12518,90.941,61417,76770,44.445,20185,118002,14.607,103.302719,114.634781,121.587517,116.554688,104.845917,103.758781,107.027458,0.901146,0.849616,0.886303,0.985281,0.995605,0.965198,0,4.71025e-08,9.48039e-09,4.79407e-10,2.77131e-10,2.77131e-10,2.77131e-10,55.51088,1.860945,8.7607e-06,170.455
kineticbatchreactor_3,3,53219,5082,5082,1,r,1,0,10.472058,1,1348,47155,6064,88.606,53161,58,99.891,53219,0,100.0,45.461472,50.397442,56.850529,52.296257,50.406944,50.403042,51.656544,0.902059,0.799667,0.869306,0.901889,0.901959,0.880072,0,5.11696e-08,2.8623e-14,3.94166e-13,5.11696e-08,5.11696e-08,5.11696e-08,25.191072,1.804666,4.67616e-06,130.673
mhda416,3,8562,416,416,0,r,1,0,20.581731,1,33,8176,386,95.492,7852,710,91.708,5774,2788,67.438,9.95856,10.904416,11.8256,11.425696,10.579136,10.548768,10.906528,0.913259,0.842119,0.871593,0.94134,0.94405,0.913082,0,2.34732e-08,1.43508e-10,3.61384e-11,2.38941e-11,2.38941e-11,2.38941e-11,6.732352,1.47921,8.75642e-06,43.7751
mhdb416,3,2312,416,416,1,r,1,0,5.557692,1,10,2299,13,99.438,1354,958,58.564,862,1450,37.284,3.67168,3.843456,4.647968,3.855616,3.914272,3.850976,4.139808,0.955307,0.789954,0.952294,0.938024,0.953441,0.88692,0,2.83789e-08,2.3312e-08,2.04429e-10,1.10877e-08,1.10877e-08,1.10877e-08,3.726688,0.985239,4.21041e-06,32.3578
hangglider_5,3,155246,16011,16011,1,r,1,0,9.696209,2,14231,107146,48100,69.017,141413,13833,91.09,123515,31731,79.561,193.036102,228.395355,242.239685,239.137054,218.818787,215.545563,233.619904,0.845184,0.796881,0.80722,0.882173,0.89557,0.826283,0,3.83638e-08,1.34796e-11,5.08604e-11,3.8362e-08,3.8362e-08,3.8362e-08,119.180672,1.619693,5.80015e-06,857.713
nos5,2,5172,468,468,1,r,1,0,11.051282,7,23,892,4280,17.247,1568,3604,30.317,0,5172,0.0,6.238784,6.510528,7.61664,6.92528,6.098528,6.104864,6.24816,0.958261,0.819099,0.900871,1.022998,1.021937,0.998499,0,3.91452e-08,1.10638e-14,2.00009e-10,0.0,0.0,0.0,4.754944,1.312063,8.50075e-06,35.3097
xingo3012,2,74386,20944,20944,0,r,1,0,3.551662,1,34,10780,63606,14.492,74382,4,99.995,74386,0,100.0,48.944962,46.229855,55.479233,48.953472,46.059586,46.165951,47.42688,1.058731,0.882221,0.999826,1.062644,1.060196,1.032009,0,2.51924e-08,1.2648600000000002e-18,1.37765e-14,2.51924e-08,2.51924e-08,2.51924e-08,27.94256,1.751628,9.96114e-07,101.494
lnsp_131,3,536,131,131,0,r,1,0,4.091603,1,11,356,180,66.418,503,33,93.843,492,44,91.791,2.493696,2.746336,2.82944,2.79056,2.804832,2.763008,2.781792,0.908008,0.881339,0.893618,0.889071,0.902529,0.896435,0,3.65488e-08,1.03329e-17,7.22535e-11,2.69488e-10,2.69488e-10,2.69488e-10,3.218112,0.774894,2.94821e-06,32.2277
lhr07,3,156508,7337,7337,0,r,1,0,21.331334,1,63,146183,10325,93.403,69314,87194,44.288,10731,145777,6.857,162.754883,182.591492,196.474884,185.477249,166.368454,165.020737,168.186905,0.891361,0.828375,0.877492,0.97828,0.986269,0.967702,0,3.34444e-08,2.80022e-08,5.36127e-10,6.29245e-09,6.29245e-09,6.29245e-09,86.332253,1.885215,8.16943e-06,198.699
rail_20209,5,139233,20209,20209,1,r,1,0,6.889653,3,11,139233,0,100.0,3950,135283,2.837,0,139233,0.0,100.98877,117.916031,123.877823,105.387039,104.686012,100.558815,103.692192,0.856446,0.815229,0.958266,0.964683,1.004276,0.973928,0,4.24101e-08,4.24101e-08,3.91427e-10,0.0,0.0,0.0,59.983295,1.683615,7.74185e-06,94.4395
freeflyingrobot_11,2,40054,5438,5438,1,r,1,0,7.365576,1,1089,17605,22449,43.953,38521,1533,96.173,38127,1927,95.189,31.003328,37.620159,39.233952,39.232544,36.697311,37.15712,38.299198,0.824115,0.790217,0.790245,0.844839,0.834385,0.809503,0,5.58251e-08,2.09581e-14,1.74007e-11,1.18349e-08,1.18349e-08,1.18349e-08,21.777439,1.423644,4.28576e-06,152.153
rajat05,3,1384,301,301,0,r,1,0,4.598007,1,26,1099,285,79.408,882,502,63.728,607,777,43.858,3.241312,3.449696,4.381216,3.442176,3.29168,3.289792,3.681408,0.939594,0.73982,0.941646,0.984698,0.985263,0.880454,0,4.95214e-08,8.62515e-09,3.50826e-10,7.30107e-09,7.30107e-09,7.30107e-09,2.701664,1.199747,5.81128e-06,41.5378
lp_israel,3,2443,174,316,0,r,1,0,14.04023,2,119,1195,1248,48.915,1667,776,68.236,1466,977,60.008,3.835904,4.319264,4.906336,4.513248,4.262848,4.146848,4.216416,0.888092,0.781827,0.849921,0.899845,0.925017,0.909755,0,3.80072e-08,2.48009e-11,1.80126e-10,7.53362e-11,7.53362e-11,7.53362e-11,3.712352,1.033281,9.65071e-06,46.9342
tsopf_rs_b300_c2_b,3,14209,28338,137,0,r,1,14263,0.501412,0,2,14203,6,99.958,13802,407,97.136,13945,264,98.142,15.664512,16.257153,18.590689,17.536833,11.387424,11.370496,17.489311,0.963546,0.8426,0.893235,1.375597,1.377645,0.895662,0,4.57666e-08,4.54084e-08,1.54431e-10,8.21847e-09,8.21847e-09,8.21847e-09,13.869696,1.129406,4.81306e-06,61.3857
human_gene2,0,18068388,14340,14340,1,r,1,0,1259.999163,1,7229,18054048,14340,99.921,0,18068388,0.0,318,18068070,0.002,3814.210449,2678.474854,2715.554932,3798.69458,3813.152588,3743.014893,3811.38501,1.424023,1.404579,1.004085,1.000277,1.019021,1.000741,0,3.68903e-08,3.41293e-08,0.0,2.05636e-09,2.05636e-09,2.05636e-09,2562.895508,1.488243,2.98122e-05,10229.6
sinc15,3,568526,11532,11532,0,r,1,0,49.299861,1,93,284796,283730,50.094,562543,5983,98.948,532101,36425,93.593,287.177795,297.439392,331.924225,304.751526,301.776642,296.321228,298.61499,0.9655,0.865191,0.942334,0.951624,0.969144,0.961699,0,4.54423e-08,4.191e-14,6.24905e-12,3.23669e-12,3.23639e-12,3.23633e-12,162.245987,1.770015,7.05408e-06,459.961
t2d_q4_a_20,3,87025,9801,9801,0,r,1,0,8.879196,4,9,8139,78886,9.352,46390,40635,53.307,48456,38569,55.681,89.167587,89.538338,95.767426,100.907166,90.647614,89.650909,94.125763,0.995859,0.931085,0.88366,0.983673,0.994609,0.947324,0,4.42918e-08,9.48809e-12,2.2136e-10,6.2895e-10,6.2895e-10,6.2895e-10,45.834431,1.945428,7.33332e-06,94.1291
large,3,20635,4282,8617,0,r,1,0,4.81901,2,21,8408,12227,40.746,18098,2537,87.705,13517,7118,65.505,17.675264,19.977119,22.82016,22.579391,18.782305,18.689632,21.473984,0.884775,0.774546,0.782805,0.941059,0.945726,0.823101,0,4.96091e-08,2.84451e-11,1.20553e-10,2.00947e-08,2.00947e-08,2.00947e-08,12.648032,1.397471,7.43322e-06,63.7424
abacus_shell_md_m,5,206474,23412,23412,0,r,1,0,8.819153,4,12,197163,9311,95.49,194623,11851,94.26,192142,14332,93.059,208.931747,222.219711,232.409378,231.783966,227.697983,220.823257,231.692291,0.940203,0.898982,0.901407,0.917583,0.946149,0.901764,0,4.23346e-08,4.98722e-10,5.35421e-12,7.76146e-12,7.76146e-12,7.76146e-12,110.208542,1.895785,5.78882e-06,182.181
t2d_q9_a_30,3,87025,9801,9801,0,r,1,0,8.879196,4,9,2990,84035,3.436,43036,43989,49.452,44832,42193,51.516,89.137314,89.52272,94.392128,100.522942,91.581886,89.839203,94.300034,0.995695,0.94433,0.886736,0.973307,0.992187,0.945252,0,3.9676e-08,2.25654e-12,2.38758e-10,6.32514e-10,6.32514e-10,6.32514e-10,45.410305,1.962931,7.31269e-06,92.5397
fp,3,848553,7548,7548,0,r,1,0,112.420906,18,957,783794,64759,92.368,848318,235,99.972,848553,0,100.0,274.420837,279.714783,289.950195,284.722046,282.218018,280.012634,283.032074,0.981074,0.946441,0.96382,0.972372,0.98003,0.969575,0,4.0136e-08,2.40852e-14,7.02981e-14,4.0136e-08,4.0136e-08,4.0136e-08,163.736282,1.675993,3.51153e-06,1004.97
hydr1c_a_04,3,22997,5308,5308,0,r,1,0,4.332517,1,14,7344,15653,31.935,21291,1706,92.582,20807,2190,90.477,21.81296,24.949856,27.361759,25.65984,24.079359,24.018721,25.675488,0.874272,0.797206,0.850082,0.905878,0.908165,0.849564,0,4.32956e-08,9.49599e-14,7.30917e-11,6.10835e-09,6.10835e-09,6.10835e-09,15.191936,1.435825,7.16162e-06,59.1292
tsopf_fs_b300,3,4400122,29214,29214,1,r,1,0,150.616896,1,13942,4307465,92657,97.894,4296420,103702,97.643,2416483,1983639,54.919,1206.569946,1187.992065,1228.169067,1228.758911,1165.482056,1159.632324,1162.314087,1.015638,0.982414,0.981942,1.035254,1.040476,1.038076,0,5.86872e-08,1.2238e-10,7.08179e-12,2.31653e-10,2.31653e-10,2.31653e-10,714.858459,1.687845,6.4301e-06,1730.83
bwm200,3,796,200,200,0,r,1,0,3.98,3,4,0,796,0.0,200,596,25.126,0,796,0.0,2.266976,2.2816,3.071008,2.673824,2.313984,2.28128,2.283008,0.993591,0.738186,0.84784,0.979685,0.99373,0.992978,0,5.10961e-08,0.0,3.78634e-10,0.0,0.0,0.0,3.178784,0.713158,6.23833e-06,36.5574
scagr7-2b_a_3,3,35885,9743,13847,0,r,1,0,3.683157,1,10,8711,27174,24.275,0,35885,0.0,1,35884,0.003,20.442272,25.861153,34.718945,21.517984,20.395231,20.345375,21.165279,0.790463,0.588793,0.950009,1.002306,1.004763,0.96584,0,4.04544e-08,5.88981e-09,0.0,2.05428e-12,2.05428e-12,2.05428e-12,14.970496,1.365504,7.39024e-06,85.8288
gt01r,3,430909,7980,7980,0,r,1,0,53.998622,1,90,275259,155650,63.879,342634,88275,79.514,35499,395410,8.238,212.083939,246.626144,231.578842,247.187866,218.741028,215.800705,217.876007,0.859941,0.915817,0.857987,0.969566,0.982777,0.973416,0,4.35082e-08,7.88381e-12,6.99294e-11,2.90857e-10,2.90857e-10,2.90857e-10,120.234428,1.76392,8.01992e-06,389.261
oscil_dcop_05,1,1544,430,430,0,r,1,0,3.590698,1,13,628,916,40.674,1386,158,89.767,1288,256,83.42,2.773312,2.971264,3.2648,2.953216,2.970272,2.96416,3.285088,0.933378,0.849458,0.939082,0.93369,0.935615,0.844212,0,3.95706e-08,8.59644e-14,2.09516e-10,2.89351e-10,2.89351e-10,2.89351e-10,3.382112,0.819994,6.93456e-06,33.3892
ted_a_unscaled,3,424587,10605,10605,0,r,1,0,40.036492,1,147,160457,264130,37.791,279141,145446,65.744,144088,280499,33.936,258.715576,290.080261,273.551697,284.530701,276.937469,271.904755,277.635864,0.891876,0.945765,0.909271,0.934202,0.951493,0.931852,0,4.34433e-08,2.28068e-14,1.12977e-10,2.12132e-14,2.15159e-14,7.4393e-18,140.707291,1.838679,8.59755e-06,431.925
oscil_dcop_04,3,1544,430,430,0,r,1,0,3.590698,1,13,622,922,40.285,1386,158,89.767,1288,256,83.42,2.762272,3.034368,3.259008,2.960736,2.971328,2.933728,3.278752,0.910329,0.847581,0.932968,0.929642,0.941557,0.842477,0,5.95998e-08,1.00444e-13,2.37822e-10,3.44752e-10,3.44752e-10,3.44752e-10,3.386656,0.815634,5.9634e-06,37.6037
t2d_q9_a_16,3,87025,9801,9801,0,r,1,0,8.879196,4,9,31261,55764,35.922,1901,85124,2.184,907,86118,1.042,89.118912,89.526237,100.696068,93.323997,90.052094,88.710716,92.961983,0.99545,0.885029,0.954941,0.989637,1.004601,0.95866,0,4.5875e-08,1.88874e-09,2.41216e-10,4.82362e-10,4.82362e-10,4.82362e-10,45.879456,1.942458,7.61773e-06,94.4274
bips07_2476,2,66498,16861,16861,0,r,1,0,3.943894,1,27,10091,56407,15.175,66494,4,99.994,66498,0,100.0,40.492352,39.953442,46.222782,41.605633,39.973919,39.978241,41.041634,1.013488,0.876026,0.973242,1.012969,1.01286,0.986616,0,4.86721e-08,9.18829e-19,6.70248e-15,4.86721e-08,4.86721e-08,4.86721e-08,23.657473,1.711609,5.06714e-06,102.684
scsd8-2c,3,112770,5130,35910,0,r,1,0,21.982456,10,24,82000,30770,72.714,0,112770,0.0,0,112770,0.0,106.459167,111.733185,129.425095,108.944,105.452385,105.208893,107.183556,0.952798,0.822554,0.977192,1.009547,1.011884,0.993242,0,3.85237e-08,3.38129e-08,0.0,0.0,0.0,0.0,52.909088,2.012115,8.62471e-06,116.734
bayer07,3,27836,3268,3268,0,r,1,0,8.517748,1,73,19348,8488,69.507,27808,28,99.899,27836,0,100.0,30.481249,33.79747,37.646591,35.149567,33.865311,33.799519,34.725056,0.90188,0.809668,0.867187,0.900073,0.901825,0.877788,0,8.09998e-08,1.05021e-14,8.83854e-13,8.09998e-08,8.09998e-08,8.09998e-08,17.002527,1.792748,3.78002e-06,87.834
fome11,3,71264,12142,24460,0,r,1,0,5.869214,2,228,180,71084,0.253,12,71252,0.017,0,71264,0.0,58.457985,62.430271,60.341122,60.087967,59.890945,58.174591,60.639969,0.936372,0.968792,0.972873,0.976074,1.004871,0.964017,0,2.65699e-08,6.52801e-10,5.21397e-11,0.0,0.0,0.0,33.655872,1.736933,8.99849e-06,171.711
psse1,3,57376,14318,11028,0,r,1,0,4.007264,1,18,3980,53396,6.937,40228,17148,70.113,29806,27570,51.949,51.444447,56.885025,59.490498,66.119583,54.030945,54.003807,68.51162,0.904358,0.864751,0.778052,0.952129,0.952608,0.750886,0,4.51886e-08,2.55734e-12,2.8689e-10,2.25682e-10,2.25682e-10,2.25682e-10,34.544865,1.489207,4.92743e-06,69.2374
cavity03,3,7327,317,317,0,r,1,0,23.113565,8,62,5689,1638,77.644,2804,4523,38.269,676,6651,9.226,8.430784,9.252864,10.041824,9.84224,8.626624,8.596352,8.842432,0.911154,0.839567,0.856592,0.977298,0.98074,0.953446,0,4.12307e-08,4.61856e-09,5.00509e-10,4.04872e-10,4.04872e-10,4.04872e-10,5.788864,1.45638,8.55959e-06,40.4612
goodwin_023,3,182168,6005,6005,0,r,1,0,30.336053,1,62,181799,369,99.797,51538,130630,28.291,369,181799,0.203,134.644455,150.402054,154.71965,151.639679,136.86496,134.933792,137.914246,0.89523,0.870248,0.887924,0.983776,0.997856,0.976291,0,4.23555e-08,3.95601e-08,4.31633e-10,1.51323e-08,1.51323e-08,1.51323e-08,73.729187,1.826203,7.65729e-06,199.341
chebyshev3,2,36879,4101,4101,0,r,1,0,8.992685,3,4101,36679,200,99.458,36806,73,99.802,36791,88,99.761,37.336193,43.530079,44.702656,44.047871,42.100288,42.256416,42.829922,0.85771,0.835212,0.847628,0.886839,0.883563,0.871732,0,1.61925e-08,8.12158e-14,5.60186e-13,4.79173e-13,4.79173e-13,4.79173e-13,21.510559,1.735715,9.51119e-06,463.121
delf,3,15397,3170,6654,0,r,1,0,4.857098,2,21,6347,9050,41.222,13257,2140,86.101,9556,5841,62.064,13.750528,15.491776,18.043392,17.516417,14.487744,14.457376,16.607649,0.887602,0.762081,0.785008,0.949115,0.951108,0.827964,0,4.22853e-08,2.92661e-11,9.63039e-11,2.27505e-09,2.27505e-09,2.27505e-09,10.152064,1.354456,7.90971e-06,64.0914
hydr1c_a_65,3,23542,5308,5308,0,r,1,0,4.435192,1,14,17940,5602,76.204,21793,1749,92.571,21538,2004,91.488,22.940767,27.024864,27.937569,27.71664,26.356895,26.270975,27.748735,0.848876,0.821144,0.827689,0.87039,0.873236,0.826732,0,4.2535e-08,3.50764e-12,7.45461e-11,6.07027e-10,6.07027e-10,6.07027e-10,14.9544,1.534048,6.16072e-06,57.6277
tumorantiangiogenesis_2,4,2699,305,305,1,r,1,0,8.84918,2,301,1471,1228,54.502,2650,49,98.185,2380,319,88.181,5.211424,5.801376,6.909696,6.032256,6.306432,6.02256,5.86752,0.898308,0.754219,0.863926,0.826366,0.865317,0.888182,0,4.74349e-08,1.08107e-11,1.24251e-10,4.74348e-08,4.74348e-08,4.74348e-08,4.696896,1.109546,3.68604e-06,62.7444
jan99jac080,3,171522,27534,27534,0,r,1,0,6.229462,2,68,116989,54533,68.206,169845,1677,99.022,169529,1993,98.838,128.133926,148.389893,157.091965,153.996964,150.180634,147.649124,152.332901,0.863495,0.815662,0.832055,0.853199,0.867827,0.841144,0,4.7594e-08,2.55083e-13,1.66962e-12,2.85996e-08,2.85996e-08,2.85996e-08,78.424866,1.633843,6.23213e-06,472.239
sme3da,3,874887,12504,12504,0,r,1,0,69.96857,24,345,20053,854834,2.292,179785,695102,20.55,0,874887,0.0,387.862335,415.41748,404.886078,415.311432,392.587646,386.491791,390.600891,0.933669,0.957954,0.933907,0.987964,1.003546,0.992989,0,4.37486e-08,1.17589e-12,4.21112e-10,0.0,0.0,0.0,241.884232,1.603504,1.01596e-05,824.5
freeflyingrobot_8,2,34958,4398,4398,1,r,1,0,7.948613,1,881,15263,19695,43.661,33590,1368,96.087,32756,2202,93.701,25.609056,31.122175,31.594273,32.527809,30.029793,30.476288,31.820353,0.822856,0.81056,0.787297,0.852788,0.840294,0.804801,0,3.72926e-08,2.43338e-14,3.0085e-11,1.04318e-08,1.04318e-08,1.04318e-08,18.227776,1.404947,4.30559e-06,130.495
c-31,3,78571,5339,5339,1,r,1,0,14.716426,2,458,59320,19251,75.499,31644,46927,40.274,2224,76347,2.831,55.877632,61.405602,63.657951,59.961025,57.57309,55.304993,58.319839,0.909976,0.877779,0.931899,0.970551,1.010354,0.958124,0,4.10238e-09,4.49558e-11,9.76578e-12,5.64036e-12,5.64036e-12,5.64036e-12,29.846304,1.872179,8.14273e-06,97.6651
maragal_5,3,93091,4654,3320,0,r,1,0,20.002364,1,1491,84121,8970,90.364,40565,52526,43.576,17,93074,0.018,104.441887,110.69725,116.493118,110.43306,106.795135,106.057793,107.470367,0.943491,0.89655,0.945748,0.977965,0.984764,0.97182,0,3.32116e-08,2.08961e-08,6.22238e-10,7.16193e-10,7.16193e-10,7.16193e-10,51.959648,2.010058,8.37671e-06,308.645
oscil_dcop_17,1,1544,430,430,0,r,1,0,3.590698,1,13,661,883,42.811,1386,158,89.767,1288,256,83.42,2.759424,2.943616,3.261984,2.926336,2.942752,2.967872,3.276832,0.937427,0.845934,0.942962,0.937702,0.929765,0.842101,0,3.0622e-08,9.07114e-14,2.21033e-10,3.42097e-10,3.42097e-10,3.42097e-10,3.340544,0.82604,3.42391e-06,37.3626
cage9,2,41594,3534,3534,0,r,1,0,11.769666,3,23,41594,0,100.0,0,41594,0.0,0,41594,0.0,32.164703,35.599297,37.265408,33.462559,32.049248,32.079487,33.009186,0.903521,0.863125,0.961215,1.003602,1.002656,0.974417,0,4.53264e-08,4.53264e-08,0.0,0.0,0.0,0.0,18.586752,1.730518,8.12181e-06,67.0007
activsg2000,3,29336,4000,4000,0,r,1,0,7.334,4,34,2592,26744,8.836,8381,20955,28.569,1548,27788,5.277,18.592512,22.230112,22.863775,22.354912,18.749569,18.711136,20.066303,0.836366,0.813186,0.831697,0.991623,0.99366,0.926554,0,4.37247e-08,3.60418e-11,4.48655e-10,1.15486e-10,1.15486e-10,1.15486e-10,12.804768,1.451999,7.48924e-06,79.2137
stat96v2,4,2852184,29089,957432,0,r,1,0,98.05026,97,3232,2110432,741752,73.994,77568,2774616,2.72,0,2852184,0.0,932.305786,988.506165,1031.006348,972.023132,929.437134,939.93457,923.374512,0.943146,0.904268,0.95914,1.003086,0.991884,1.009672,0,4.11562e-08,2.47095e-08,6.32592e-10,0.0,0.0,0.0,563.791931,1.653634,1.01626e-05,2903.71
hydr1c_a_32,3,23556,5308,5308,0,r,1,0,4.43783,1,14,18218,5338,77.339,21808,1748,92.579,21552,2004,91.493,22.960896,27.057823,27.192352,27.735968,26.385984,26.280031,27.775455,0.848586,0.844388,0.827838,0.870193,0.873701,0.826661,0,3.98342e-08,4.39779e-12,7.35185e-11,7.68818e-10,7.68818e-10,7.68818e-10,15.658208,1.466381,7.62253e-06,60.2906
mult_dcop_03,3,193216,25187,25187,0,r,1,0,7.671259,1,22767,192621,595,99.692,148551,44665,76.883,74784,118432,38.705,396.454742,481.860077,479.530945,463.991364,514.958191,404.75531,528.953674,0.822759,0.826755,0.854444,0.769878,0.979492,0.749507,0,3.93662e-08,3.54552e-10,2.39292e-11,1.3584e-08,1.3584e-08,1.3584e-08,272.332062,1.455777,1.53746e-05,3156.47
stormg2-8,3,28553,4409,11322,0,r,1,16,6.476072,0,48,0,28553,0.0,0,28553,0.0,24,28529,0.084,20.333216,24.236256,21.216864,21.259424,20.516224,20.294592,21.117537,0.838959,0.958352,0.956433,0.99108,1.001903,0.962859,0,4.95635e-08,0.0,0.0,1.68391e-10,1.68391e-10,1.68391e-10,14.036768,1.448568,6.14008e-06,64.5417
delf_a_25,3,15647,3197,6664,0,r,1,0,4.894276,2,21,6478,9169,41.401,13467,2180,86.068,9668,5979,61.788,13.831776,15.51856,18.25712,17.584543,14.482752,14.466208,16.675232,0.891305,0.75761,0.786587,0.955052,0.956144,0.82948,0,5.22819e-08,3.04537e-11,1.04288e-10,2.99373e-09,2.99373e-09,2.99373e-09,10.193856,1.356874,7.36361e-06,55.1237
bcsstm20,3,485,485,485,1,r,1,0,1.0,1,1,0,485,0.0,325,160,67.01,485,0,100.0,2.247872,2.291488,2.769504,2.46944,2.292448,2.273312,2.2736,0.980966,0.811651,0.910276,0.980555,0.988809,0.988684,0,4.18902e-08,0.0,7.08578e-11,4.18902e-08,4.18902e-08,4.18902e-08,3.162208,0.710855,3.00409e-06,30.9304
scagr7-2b_a_1,1,605,167,239,0,r,1,0,3.622754,1,10,143,462,23.636,0,605,0.0,1,604,0.165,2.366016,2.507168,3.31824,2.416832,2.812608,2.769216,2.766656,0.943701,0.713033,0.978974,0.841218,0.854399,0.85519,0,4.00448e-08,5.02257e-09,0.0,2.95961e-10,2.95961e-10,2.95961e-10,3.278752,0.721621,6.70274e-06,38.6011
freeflyingrobot_13,2,43994,5718,5718,1,r,1,0,7.693949,1,1145,19497,24497,44.317,42676,1318,97.004,43448,546,98.759,32.845665,39.845375,41.32848,41.605888,39.384193,39.85405,40.53104,0.824328,0.794747,0.789448,0.833981,0.824149,0.810383,0,3.35476e-08,6.28162e-15,5.11808e-12,2.7855e-08,2.7855e-08,2.7855e-08,22.578527,1.45473,5.09958e-06,164.329
tsopf_rs_b162_c3,3,610299,15374,15374,0,r,1,0,39.696826,3,77,563041,47258,92.257,562510,47789,92.17,5700,604599,0.934,378.516724,416.054047,434.239532,432.320251,381.536682,373.933624,383.944397,0.909778,0.871677,0.875547,0.992085,1.012256,0.985863,0,4.03175e-08,1.19526e-10,4.07063e-12,4.9481e-11,4.9481e-11,4.9481e-11,202.93306,1.865229,8.32824e-06,563.082
t2d_q4_a_12,3,87025,9801,9801,0,r,1,0,8.879196,4,9,31562,55463,36.268,32938,54087,37.849,35397,51628,40.675,89.098816,89.523682,100.52877,101.021378,92.492386,90.636414,94.392097,0.995254,0.886302,0.88198,0.96331,0.983036,0.943922,0,4.87891e-08,2.74771e-10,2.95714e-10,8.33346e-10,8.33346e-10,8.33346e-10,45.87888,1.942044,8.23184e-06,96.1917
fome12,3,142528,24284,48920,0,r,1,0,5.869214,2,228,360,142168,0.253,24,142504,0.017,0,142528,0.0,113.59034,131.678116,118.24202,117.141441,116.356544,113.287651,117.310402,0.862636,0.96066,0.969685,0.976226,1.002672,0.968289,0,2.65664e-08,7.1798e-10,4.68015e-11,0.0,0.0,0.0,72.815392,1.559977,8.02192e-06,312.894
scsd8-2r_a_11,5,190210,8650,60550,0,r,1,0,21.989595,10,24,138320,51890,72.72,0,190210,0.0,0,190210,0.0,177.627655,187.383713,216.300125,181.885178,175.862305,175.245178,178.699295,0.947935,0.821209,0.976592,1.010038,1.013595,0.994003,0,3.58791e-08,3.05963e-08,0.0,0.0,0.0,0.0,87.929565,2.020113,9.06723e-06,170.771
bcsstk16,3,290378,4884,4884,1,r,1,0,59.454955,1,81,41592,248786,14.323,71180,219198,24.513,74,290304,0.025,131.908859,152.591003,141.94928,144.608063,133.660706,131.491486,134.229889,0.86446,0.929268,0.912182,0.986893,1.003174,0.982709,0,4.71131e-08,2.41345e-14,2.5572e-10,2.47633e-14,2.51139e-14,4.574350000000001e-18,74.307198,1.775183,9.08959e-06,165.205
oscil_dcop_27,1,1544,430,430,0,r,1,0,3.590698,1,13,662,882,42.876,1386,158,89.767,1288,256,83.42,2.777728,3.021376,3.254656,2.942368,2.955296,2.966624,3.27728,0.919359,0.853463,0.944045,0.939915,0.936326,0.847571,0,3.2238e-08,6.48273e-14,1.69325e-10,2.47076e-10,2.47076e-10,2.47076e-10,3.60656,0.770188,4.40015e-06,41.5462
c-42,3,110285,10471,10471,1,r,1,0,10.532423,2,1282,81457,28828,73.86,36787,73498,33.356,7001,103284,6.348,105.691551,110.237213,130.200134,125.752861,111.357948,106.509056,113.896927,0.958765,0.811762,0.84047,0.949115,0.992325,0.927958,0,2.85447e-08,1.15622e-10,2.15833e-11,3.38845e-11,3.38845e-11,3.38845e-11,53.551682,1.973636,3.00291e-05,147.599
usps_norm_5nn,3,81112,11000,11000,1,r,1,0,7.373818,5,44,81112,0,100.0,2,81110,0.002,0,81112,0.0,55.861153,57.879265,61.094879,57.061054,56.822178,55.457119,56.397247,0.965132,0.914334,0.978972,0.983087,1.007286,0.990494,0,4.34173e-08,4.34173e-08,4.42202e-12,0.0,0.0,0.0,30.304129,1.843351,8.43991e-06,76.4532
gyro_k,3,1021159,17361,17361,1,r,1,0,58.819135,12,360,49936,971223,4.89,316420,704739,30.986,0,1021159,0.0,455.272522,527.877197,504.093079,505.424957,460.816895,453.563446,461.528229,0.862459,0.903152,0.900772,0.987968,1.003768,0.986446,0,4.63318e-08,2.38446e-14,3.47186e-10,0.0,0.0,0.0,255.807907,1.779744,9.6016e-06,484.106
west0497,3,1727,497,497,0,r,1,0,3.474849,1,28,756,971,43.775,1605,122,92.936,1640,87,94.962,3.256832,3.33328,4.912672,3.798496,3.396512,3.366624,3.8208,0.977065,0.662945,0.8574,0.958875,0.967388,0.852395,0,2.12332e-08,3.89757e-13,1.74037e-11,1.75281e-09,1.75281e-09,1.75281e-09,2.7784,1.172197,2.58288e-06,38.9207
hydr1c_a_38,3,23563,5308,5308,0,r,1,0,4.439148,1,14,18005,5558,76.412,21813,1750,92.573,21559,2004,91.495,22.95616,27.038303,28.006304,27.733215,26.374847,26.265217,27.76368,0.849024,0.819678,0.82775,0.870381,0.874014,0.826841,0,3.50977e-08,3.27872e-12,7.02531e-11,2.05848e-09,2.05848e-09,2.05848e-09,14.947296,1.535807,8.45798e-06,65.3597
case9_a_11,5,147972,14454,14454,1,r,1,0,10.237443,1,7210,103518,44454,69.958,147960,12,99.992,147898,74,99.95,133.805923,143.171417,155.715424,148.044952,146.469894,142.760696,148.87706,0.934585,0.859298,0.90382,0.913539,0.937274,0.898768,0,2.61044e-08,1.1651e-15,1.15372e-15,6.68267e-17,6.68267e-17,6.68267e-17,70.607681,1.895062,4.00677e-06,82.2764
kineticbatchreactor_6,2,82500,7773,7773,1,r,1,0,10.613663,1,2678,74041,8459,89.747,82423,77,99.907,82500,0,100.0,74.26371,76.175842,83.720322,79.273987,76.168419,76.257759,78.094788,0.974898,0.887045,0.936798,0.974993,0.973851,0.950943,0,2.34409e-08,1.79611e-14,3.33059e-13,2.34409e-08,2.34409e-08,2.34409e-08,38.378849,1.935017,2.91872e-06,187.495
zed,1,666,116,142,0,r,1,0,5.741379,1,12,44,622,6.607,348,318,52.252,127,539,19.069,2.401696,2.75472,2.807488,2.772896,2.830144,2.786464,2.778528,0.871848,0.855461,0.866133,0.848613,0.861915,0.864377,0,4.2408e-08,2.9374e-11,2.35083e-10,4.11246e-08,4.11246e-08,4.11246e-08,3.274048,0.733555,7.1763e-06,34.5339
case9_b2_12,2,14146,14454,1,0,r,1,308,0.978691,0,1,14137,9,99.936,14140,6,99.958,14146,0,100.0,10.37024,10.962016,12.872256,11.705888,11.027104,11.282944,11.647872,0.946016,0.805627,0.8859,0.940432,0.919108,0.890312,0,5.69509e-08,2.92222e-19,1.71591e-13,5.69509e-08,5.69509e-08,5.69509e-08,9.637312,1.076051,1.83162e-06,49.0086
flowmeter0_b,3,24,9669,1,0,r,1,9645,0.002482,0,1,0,24,0.0,0,24,0.0,24,0,100.0,5.719104,5.760352,6.300064,6.275936,2.236064,2.185056,5.999744,0.992839,0.907785,0.911275,2.557666,2.617372,0.953225,0,4.45979e-08,0.0,0.0,4.45979e-08,4.45979e-08,4.45979e-08,5.71648,1.000459,4.0873e-06,40.6753
goodwin_017,3,97773,3317,3317,0,r,1,0,29.476334,1,62,97500,273,99.721,27963,69810,28.6,273,97500,0.279,75.335106,81.325821,84.405441,84.626083,76.775711,75.618591,77.225662,0.926337,0.892538,0.890211,0.981236,0.996251,0.975519,0,4.13969e-08,3.78804e-08,4.6713e-10,1.66965e-08,1.66965e-08,1.66965e-08,38.444927,1.959559,7.27415e-06,122.789
fa,2,72176,10617,10617,0,r,1,5599,6.798154,0,34,72176,0,100.0,0,72176,0.0,1,72175,0.001,53.869633,61.333473,63.394176,58.069759,29.185888,29.344704,56.591679,0.878307,0.849757,0.927671,1.845742,1.835753,0.9519,0,4.41305e-08,4.41305e-08,0.0,9.15486e-10,9.15486e-10,9.15486e-10,30.968864,1.739477,8.08091e-06,139.127
nos4,3,594,100,100,1,r,1,0,5.94,2,7,594,0,100.0,0,594,0.0,0,594,0.0,2.275008,2.366656,2.928,2.3704,2.348736,2.296704,2.354016,0.961275,0.776984,0.959757,0.968609,0.990553,0.966437,0,4.59762e-08,4.59762e-08,0.0,0.0,0.0,0.0,3.235008,0.703246,8.13592e-06,33.5566
hydr1c_a_23,3,19503,5308,5308,0,r,1,0,3.674265,1,12,7315,12188,37.507,18221,1282,93.427,18075,1428,92.678,12.037344,14.969824,16.971329,15.887872,14.462816,14.394176,15.902016,0.804107,0.709275,0.757644,0.832296,0.836265,0.75697,0,3.96876e-08,9.81614e-14,5.75158e-11,2.98895e-10,2.98895e-10,2.98895e-10,9.602688,1.253539,5.81321e-06,54.5994
nemeth23,4,1506810,9506,9506,1,r,1,0,158.511466,62,191,1506810,0,100.0,1165562,341248,77.353,0,1506810,0.0,383.274658,428.723846,433.732178,458.760223,378.200684,377.705566,374.272858,0.89399,0.883667,0.835457,1.013416,1.014745,1.024051,0,4.41928e-08,4.41928e-08,1.58042e-10,0.0,0.0,0.0,242.419769,1.581037,1.0478e-05,641.18
mark3jac020sc,3,56175,9129,9129,0,r,1,0,6.153467,2,44,26984,29191,48.036,55743,432,99.231,55339,836,98.512,37.846111,44.615746,49.110306,47.126049,44.90432,44.834751,46.180447,0.848268,0.770635,0.803083,0.842817,0.844124,0.819527,0,2.92859e-08,5.67772e-13,1.15339e-11,2.60888e-09,2.60888e-09,2.60888e-09,24.996128,1.514079,5.74159e-06,271.434
oscil_dcop_08,1,1544,430,430,0,r,1,0,3.590698,1,13,628,916,40.674,1386,158,89.767,1288,256,83.42,2.767232,2.946912,3.283552,2.936192,2.95056,2.966304,3.282848,0.939028,0.842756,0.942456,0.937867,0.932889,0.842936,0,3.12589e-08,5.71343e-14,2.09318e-10,3.08384e-10,3.08384e-10,3.08384e-10,3.421888,0.808686,5.34443e-06,35.1572
rat_a_1,3,88267,3136,9408,0,r,1,0,28.146365,15,29,81995,6272,92.894,24031,64236,27.225,0,88267,0.0,66.47757,66.55574,76.205757,79.920898,65.947998,65.78138,67.035263,0.998825,0.872343,0.831792,1.00803,1.010583,0.991681,0,2.7644e-08,8.92327e-09,4.20839e-10,0.0,0.0,0.0,32.595455,2.039474,9.08231e-06,95.6277
ex14,3,66775,3251,3251,1,r,1,0,20.539834,7,37,12092,54683,18.109,39523,27252,59.188,16437,50338,24.615,65.144768,71.357857,79.050369,77.177956,66.741249,66.553185,68.544418,0.912931,0.824092,0.844085,0.97608,0.978838,0.950402,0,4.80349e-08,2.17229e-14,1.70645e-10,2.56934e-11,2.56934e-11,2.56934e-11,34.709408,1.876862,8.13043e-06,75.1353
scsd8-2b_a_1,1,1890,90,630,0,r,1,0,21.0,10,24,1360,530,71.958,0,1890,0.0,0,1890,0.0,3.800032,3.881088,4.342272,3.832192,3.839104,3.844064,3.835808,0.979115,0.875125,0.991608,0.989823,0.988545,0.990673,0,3.47808e-08,3.45176e-08,0.0,0.0,0.0,0.0,3.311872,1.147397,9.75281e-06,40.9944
viscoplastic1_c_4,2,61166,4326,4326,0,r,1,0,14.139159,7,37,33903,27263,55.428,33268,27898,54.39,22326,38840,36.501,39.293919,43.388962,49.259872,49.219456,40.402206,40.582016,41.730049,0.90562,0.797686,0.798341,0.972569,0.968259,0.941622,0,4.34643e-08,3.05569e-10,2.4107e-10,3.28534e-11,3.28534e-11,3.28534e-11,22.421152,1.752538,8.04541e-06,71.0053
hydr1c_a_19,3,23530,5308,5308,0,r,1,0,4.432931,1,14,18129,5401,77.046,21783,1747,92.575,21526,2004,91.483,22.921152,27.03536,27.194559,27.718081,26.330656,26.25264,27.7512,0.847821,0.842858,0.826939,0.870512,0.873099,0.825952,0,4.04869e-08,4.19698e-12,8.99713e-11,1.6035e-09,1.6035e-09,1.6035e-09,15.688064,1.461057,7.14221e-06,64.8266
str_200,3,3068,363,363,0,r,1,0,8.451791,1,30,2462,606,80.248,1630,1438,53.129,495,2573,16.134,5.321824,5.846112,6.899264,5.784448,5.463872,5.386112,5.913568,0.910319,0.771361,0.920023,0.974002,0.988064,0.899935,0,3.51932e-08,1.38111e-08,5.88523e-10,6.64663e-09,6.64663e-09,6.64663e-09,3.673024,1.448894,6.42992e-06,40.2447
freeflyingrobot_10,2,40080,5218,5218,1,r,1,0,7.681104,1,1045,17731,22349,44.239,38554,1526,96.193,37984,2096,94.77,30.049696,36.374207,37.970242,37.926945,35.316704,35.772224,37.107872,0.826127,0.791401,0.792305,0.850864,0.840029,0.809793,0,5.09081e-08,2.05e-14,1.92778e-11,2.16137e-08,2.16137e-08,2.16137e-08,21.191233,1.418025,7.03785e-06,169.489
oscil_dcop_54,3,1544,430,430,0,r,1,0,3.590698,1,13,662,882,42.876,1386,158,89.767,1288,256,83.42,2.770176,2.960544,3.238176,2.960224,2.978656,2.950592,3.278816,0.935698,0.855474,0.935799,0.930009,0.938854,0.844871,0,2.43472e-08,4.79183e-14,3.26846e-10,4.7483e-10,4.7483e-10,4.7483e-10,3.40384,0.813838,5.30627e-06,41.6413
spacestation_3,3,5103,467,467,1,r,1,0,10.927195,1,61,3871,1232,75.857,3135,1968,61.434,316,4787,6.192,6.370624,6.98608,7.531552,7.406592,6.632896,6.435936,6.493216,0.911903,0.845858,0.860129,0.960459,0.989852,0.98112,0,3.80484e-08,9.98534e-10,2.19704e-10,6.20506e-10,6.20506e-10,6.20506e-10,5.261472,1.210806,8.23091e-06,45.1151
ncvxqp1,3,73963,12111,12111,1,r,1,0,6.107093,2,15,0,73963,0.0,69378,4585,93.801,73963,0,100.0,58.769665,61.344257,61.669792,67.434273,61.390305,61.377823,62.768192,0.95803,0.952973,0.87151,0.957312,0.957507,0.936297,0,4.90273e-08,0.0,1.74414e-11,4.90273e-08,4.90273e-08,4.90273e-08,32.841984,1.789468,3.57301e-06,67.4292
mimo28x28_system,2,48737,13251,13251,0,r,1,0,3.677987,1,32,6878,41859,14.112,48733,4,99.992,48737,0,100.0,25.447329,30.795424,31.281759,32.09539,30.806175,30.80784,31.639168,0.826335,0.813488,0.792866,0.826046,0.826002,0.804298,0,2.76215e-08,9.585900000000001e-27,4.66293e-23,2.76215e-08,2.76215e-08,2.76215e-08,18.907681,1.345873,2.12801e-06,79.5188
goodwin_030,3,312814,10142,10142,0,r,1,0,30.843423,1,62,312333,481,99.846,88475,224339,28.284,481,312333,0.154,225.934113,253.00531,260.143616,255.640381,229.555389,226.169479,231.172699,0.893001,0.868498,0.883797,0.984225,0.998959,0.977339,0,4.24275e-08,4.02491e-08,4.30954e-10,1.34204e-08,1.34204e-08,1.34204e-08,124.413185,1.815998,7.97003e-06,321.404
delf_a_21,3,15263,3208,6666,0,r,1,0,4.757793,2,21,5861,9402,38.4,12989,2274,85.101,9303,5960,60.951,13.894368,15.57088,17.304577,17.619808,14.638592,14.558048,16.7104,0.89233,0.80293,0.788565,0.94916,0.954411,0.83148,0,4.78769e-08,2.52266e-11,1.03785e-10,3.20231e-09,3.20231e-09,3.20231e-09,10.190496,1.363463,7.49255e-06,59.4026
mesh2em5,3,2018,306,306,1,r,1,0,6.594771,3,10,1480,538,73.34,996,1022,49.356,424,1594,21.011,3.248,3.290304,4.126112,3.329152,3.294176,3.289312,3.2896,0.987143,0.787182,0.975624,0.985982,0.987441,0.987354,0,3.73713e-08,1.67856e-09,4.24895e-10,1.68426e-09,1.68426e-09,1.68426e-09,3.371136,0.963473,5.22163e-06,37.4367
delf_a_31,3,15405,3176,6655,0,r,1,0,4.850441,2,21,6308,9097,40.948,13265,2140,86.108,9546,5859,61.967,13.754752,15.478976,17.238111,17.507872,14.466624,14.451232,16.556225,0.888609,0.797927,0.785632,0.950792,0.951805,0.83079,0,4.8772e-08,3.73968e-11,1.10445e-10,7.45624e-09,7.45624e-09,7.45624e-09,10.185984,1.350361,7.12389e-06,58.7468
t2d_q4_a_24,3,87025,9801,9801,0,r,1,0,8.879196,4,9,10957,76068,12.591,18338,68687,21.072,18570,68455,21.339,89.104797,89.510239,96.546371,97.071388,91.621376,90.013954,94.000992,0.99547,0.922922,0.917931,0.972533,0.9899,0.947913,0,4.12436e-08,2.1677e-10,4.01727e-10,1.04166e-09,1.04166e-09,1.04166e-09,45.871807,1.942474,7.74783e-06,105.064
jan99jac080sc,3,171522,27534,27534,0,r,1,0,6.229462,2,68,89817,81705,52.365,23392,148130,13.638,5558,165964,3.24,128.123428,148.452225,154.928314,141.77977,129.868866,128.107193,134.187271,0.863062,0.826985,0.903679,0.98656,1.000127,0.954811,0,3.05844e-08,2.15075e-09,6.80959e-11,2.10851e-08,2.10851e-08,2.10851e-08,78.4328,1.633544,7.72064e-06,479.811
thread,0,4470048,29736,29736,1,r,1,0,150.324455,48,306,30936,4439112,0.692,4264872,205176,95.41,3388545,1081503,75.806,1144.036987,1269.217773,1148.823608,1271.517334,1232.265137,1222.547485,1239.987183,0.901372,0.995833,0.899742,0.928402,0.935781,0.92262,0,4.49939e-08,2.78026e-14,4.12402e-12,3.36609e-12,3.3662e-12,3.36609e-12,706.463867,1.619385,8.73726e-06,1833.46
s2rmt3m1,5,219521,5489,5489,1,r,1,0,39.992895,7,42,93940,125581,42.793,173191,46330,78.895,108829,110692,49.576,135.695557,153.346024,147.329636,146.039642,143.953888,141.6241,145.365829,0.884898,0.921034,0.929169,0.942632,0.958139,0.933476,0,4.49611e-08,2.56938e-12,1.68808e-10,1.05552e-10,1.05552e-10,1.05552e-10,78.213058,1.734948,8.84846e-06,130.621
jan99jac060sc,3,127182,20614,20614,0,r,1,0,6.169691,2,68,67734,59448,53.258,17409,109773,13.688,4193,122989,3.297,96.281822,111.233276,118.058975,106.658943,97.662079,96.428093,100.739105,0.865585,0.81554,0.902707,0.985867,0.998483,0.955754,0,2.89673e-08,2.20593e-09,6.61281e-11,2.09323e-08,2.09323e-08,2.09323e-08,59.060993,1.63021,9.7224e-06,365.893
delf_a_27,3,15400,3187,6657,0,r,1,0,4.832131,2,21,6267,9133,40.695,13256,2144,86.078,9535,5865,61.916,13.80272,15.507104,18.303007,17.557472,14.467648,14.459296,16.553728,0.89009,0.754123,0.786145,0.95404,0.954591,0.833813,0,4.84423e-08,2.82725e-11,1.04258e-10,8.05257e-09,8.05257e-09,8.05257e-09,10.153408,1.359417,7.89711e-06,59.4842
tumorantiangiogenesis_1,3,1783,205,205,1,r,1,0,8.697561,2,201,933,850,52.328,529,1254,29.669,2,1781,0.112,3.956032,4.402656,5.551296,4.90048,4.31136,4.103872,4.301408,0.898556,0.712632,0.807274,0.917583,0.963976,0.919706,0,3.51249e-08,5.90503e-09,4.47912e-10,3.8636e-10,3.8636e-10,3.8636e-10,2.86368,1.381451,1.00048e-05,45.9892
nemeth07,5,394812,9506,9506,1,r,1,0,41.532927,17,52,394812,0,100.0,297542,97270,75.363,0,394812,0.0,230.286911,259.95697,266.415039,253.424927,233.099365,229.469254,233.614822,0.885865,0.864392,0.908699,0.987935,1.003563,0.985755,0,4.56419e-08,4.56419e-08,2.06219e-10,0.0,0.0,0.0,131.230042,1.754834,8.75272e-06,222.38
rotor1,3,708,100,100,0,r,1,0,7.08,1,41,465,243,65.678,657,51,92.797,417,291,58.898,2.734336,2.810496,4.033632,3.2056,3.28224,2.85088,3.286048,0.972902,0.677884,0.852987,0.83307,0.95912,0.832105,0,5.48019e-08,4.45324e-13,1.51743e-10,3.42386e-10,3.42386e-10,3.42386e-10,3.462528,0.789694,9.72788e-06,46.7181
crystk02,3,968583,13965,13965,1,r,1,0,69.357895,24,81,968583,0,100.0,409804,558779,42.31,0,968583,0.0,389.576447,447.983398,457.548798,425.917847,397.833313,388.836731,398.957703,0.869623,0.851442,0.914675,0.979245,1.001902,0.976486,0,4.57889e-08,4.57889e-08,4.38635e-10,0.0,0.0,0.0,222.327484,1.752264,9.72824e-06,410.855
deter3,3,44547,7647,21777,0,r,1,0,5.825422,2,30,16168,28379,36.294,0,44547,0.0,0,44547,0.0,35.615807,43.884735,44.959457,37.437634,35.862976,35.791744,36.969791,0.811576,0.792176,0.951337,0.993108,0.995084,0.963376,0,3.60643e-08,2.46597e-08,0.0,0.0,0.0,0.0,22.994593,1.548877,7.40819e-06,110.313
mark3jac040,3,113435,18289,18289,0,r,1,0,6.202362,2,44,72204,41231,63.652,107742,5693,94.981,99030,14405,87.301,83.563553,94.435204,106.079201,101.024513,95.612579,94.126556,99.885857,0.884877,0.787747,0.827161,0.873981,0.887779,0.83659,0,3.97915e-08,4.09104e-14,1.35753e-11,4.05196e-10,4.05196e-10,4.05196e-10,51.641857,1.618136,3.61046e-06,499.719
case9_b1_07,2,14453,14454,1,0,r,1,1,0.999931,0,1,14426,27,99.813,14438,15,99.896,14453,0,100.0,10.375424,10.949696,12.891168,11.7088,11.413344,11.42944,11.656864,0.947554,0.804848,0.886122,0.909061,0.907781,0.89007,0,7.88472e-09,1.66612e-13,7.01203e-13,7.88472e-09,7.88472e-09,7.88472e-09,8.900864,1.165665,8.6562e-07,43.586
lp_scrs8,0,3288,490,1275,0,r,1,0,6.710204,1,37,756,2532,22.993,2371,917,72.111,2491,797,75.76,4.068384,4.388928,4.723776,5.400672,4.804768,4.774336,5.167936,0.926965,0.861257,0.753311,0.846739,0.852136,0.787236,0,3.73049e-08,2.9298e-10,7.77064e-10,1.72996e-09,1.72996e-09,1.72996e-09,4.143616,0.981844,8.77398e-06,35.6212
nemeth12,5,446818,9506,9506,1,r,1,0,47.003787,20,55,446818,0,100.0,279630,167188,62.583,0,446818,0.0,241.965408,276.88916,282.579163,241.304031,244.733566,241.371933,244.940094,0.873871,0.856275,1.002741,0.988689,1.002459,0.987855,0,4.64495e-08,4.64495e-08,3.04614e-10,0.0,0.0,0.0,140.039749,1.727834,9.16627e-06,225.454
scrs8-2r_a_01,1,527,140,259,0,r,1,0,3.764286,1,15,139,388,26.376,54,473,10.247,12,515,2.277,2.706144,2.793728,3.619872,2.738368,2.793792,2.747008,2.768896,0.96865,0.74758,0.988232,0.968628,0.985124,0.977337,0,3.28115e-08,3.17354e-09,1.5932e-10,4.71112e-10,4.71112e-10,4.71112e-10,3.38944,0.798404,3.39895e-06,31.7633
wang3,3,177168,26064,26064,0,r,1,0,6.797422,4,7,177168,0,100.0,243,176925,0.137,0,177168,0.0,106.181633,112.844803,115.037247,109.093246,106.575104,105.241982,108.199104,0.940953,0.92302,0.973311,0.996308,1.008928,0.981354,0,4.52383e-08,4.52383e-08,6.85241e-14,0.0,0.0,0.0,64.052513,1.657728,7.15182e-06,129.434
hydr1c_a_48,3,23517,5308,5308,0,r,1,0,4.430482,1,14,18102,5415,76.974,21769,1748,92.567,21513,2004,91.479,22.956415,27.022465,28.170368,27.727648,26.332191,26.217312,27.729631,0.849531,0.814914,0.827925,0.8718,0.87562,0.827866,0,4.84432e-08,4.17982e-12,6.81588e-11,1.00723e-08,1.00723e-08,1.00723e-08,15.694624,1.462693,7.50826e-06,55.2702
case9_b1_06,2,14453,14454,1,0,r,1,1,0.999931,0,1,14425,28,99.806,14439,14,99.903,14453,0,100.0,10.371968,10.950496,12.486848,11.723328,11.406496,11.42832,11.665184,0.947169,0.830631,0.884729,0.909304,0.907567,0.889139,0,2.34517e-08,9.50335e-14,8.68096e-13,2.34517e-08,2.34517e-08,2.34517e-08,9.625504,1.077551,4.45645e-06,41.8273
lpi_pang,3,2933,361,741,0,r,1,0,8.124654,1,35,1419,1514,48.38,2758,175,94.033,2694,239,91.851,5.292256,5.586816,5.85184,5.811136,5.845376,5.702848,5.787552,0.947276,0.904375,0.910709,0.905375,0.928002,0.91442,0,2.69437e-08,8.48323e-12,1.29994e-11,2.69334e-08,2.69334e-08,2.69334e-08,4.368672,1.211411,9.26326e-07,42.2735
graham1,3,335504,9035,9035,0,r,1,0,37.133813,1,406,288155,47349,85.887,304094,31410,90.638,218793,116711,65.213,204.219238,229.175934,239.368134,239.349915,223.122437,221.853531,225.022461,0.891102,0.85316,0.853225,0.915279,0.920514,0.90755,0,4.10721e-08,1.87579e-11,4.41853e-11,3.55459e-11,3.55459e-11,3.55459e-11,111.860352,1.825662,9.19603e-06,352.536
lowthrust_3,5,80645,7064,7064,1,r,1,0,11.416336,2,2746,64266,16379,79.69,49532,31113,61.42,11408,69237,14.146,66.058846,67.593948,78.817856,77.730461,67.425217,66.107422,71.559555,0.977289,0.83812,0.849845,0.979735,0.999265,0.923131,0,3.98394e-08,7.4627e-09,2.03848e-10,4.06805e-09,4.06805e-09,4.06805e-09,34.753696,1.900772,1.59829e-05,53.6899
t2d_q9_a_45,5,87025,9801,9801,0,r,1,0,8.879196,4,9,311,86714,0.357,26530,60495,30.485,27084,59941,31.122,89.127037,89.55098,92.520546,98.30909,92.497345,90.176353,94.208702,0.995266,0.963322,0.9066,0.963563,0.988364,0.946059,0,4.03185e-08,1.35841e-12,3.57238e-10,8.93975e-10,8.93975e-10,8.93975e-10,45.87645,1.942762,7.86545e-06,89.7889
cell1,2,34855,7055,7055,0,r,1,0,4.940468,2,5,4773,30082,13.694,8184,26671,23.48,23,34832,0.066,26.206079,28.771904,33.689407,34.219105,26.067968,26.165279,27.076351,0.910822,0.777873,0.765832,1.005298,1.001559,0.967859,0,4.79041e-08,8.559e-15,1.08018e-09,2.53643e-10,2.53643e-10,2.53643e-10,17.989857,1.456714,7.12363e-06,68.9315
rdb450,1,2580,450,450,0,r,1,0,5.733333,4,6,0,2580,0.0,0,2580,0.0,0,2580,0.0,3.737312,3.813312,4.699584,3.780608,3.792128,3.793632,3.805824,0.98007,0.795243,0.988548,0.985545,0.985154,0.981998,0,5.68134e-08,0.0,0.0,0.0,0.0,0.0,3.755136,0.995253,6.83689e-06,32.2091
inlet_e,3,95316,11730,11730,0,r,1,407,8.125831,0,14,95316,0,100.0,53753,41563,56.395,19026,76290,19.961,104.976448,106.215042,111.956383,129.725281,106.553314,104.236862,120.157089,0.988339,0.937655,0.809221,0.985201,1.007095,0.87366,0,4.46733e-08,4.46733e-08,4.89805e-10,3.71608e-10,3.71608e-10,3.71608e-10,54.30061,1.933246,7.0715e-06,108.631
freeflyingrobot_6,3,27030,3358,3358,1,r,1,0,8.049434,1,673,11911,15119,44.066,25890,1140,95.782,24812,2218,91.794,30.763264,34.422176,39.587296,36.513248,32.79213,32.76701,35.146881,0.893705,0.777099,0.842523,0.938129,0.938849,0.875277,0,5.34871e-08,2.61175e-14,2.25195e-11,8.4952e-09,8.4952e-09,8.4952e-09,18.526592,1.660492,4.58974e-06,104.854
oscil_dcop_20,1,1544,430,430,0,r,1,0,3.590698,1,13,659,885,42.681,1386,158,89.767,1288,256,83.42,2.766464,2.942208,4.350112,2.935936,2.944416,2.977984,3.2744,0.940268,0.635952,0.942277,0.939563,0.928972,0.844877,0,3.33484e-08,4.7053e-14,1.41518e-10,1.75581e-10,1.75581e-10,1.75581e-10,2.428544,1.139145,6.91323e-06,31.0549
si5h12,5,738598,19896,19896,1,r,1,0,37.122939,14,351,602948,135650,81.634,489804,248794,66.315,0,738598,0.0,454.793549,507.074402,509.026978,507.223846,459.095673,453.108032,461.227051,0.896897,0.893457,0.896633,0.990629,1.00372,0.986051,0,4.09565e-08,3.13466e-09,5.85758e-10,0.0,0.0,0.0,249.04039,1.826184,8.97803e-06,326.984
lowthrust_12,5,224593,18458,18458,1,r,1,0,12.167786,2,7177,166182,58411,73.993,135128,89465,60.166,30703,193890,13.671,174.070847,195.209183,210.363297,210.874466,181.081924,176.404129,188.514938,0.891714,0.827477,0.825471,0.961282,0.986773,0.92338,0,4.23557e-08,4.41847e-09,2.50575e-10,3.27731e-09,3.27731e-09,3.27731e-09,96.334396,1.806944,1.11797e-05,122.44
dano3mip,3,81633,3202,15851,0,r,1,0,25.494379,3,530,48,81585,0.059,76053,5580,93.165,70060,11573,85.823,73.950691,75.595711,76.688225,81.448608,74.716194,74.493439,76.013725,0.978239,0.964303,0.907943,0.989755,0.992714,0.97286,0,3.76619e-08,2.73661e-12,2.77826e-10,3.75557e-08,3.75557e-08,3.75557e-08,36.374462,2.033039,6.53547e-06,149.797
tsopf_fs_b9_c6_b,2,14453,14454,1,0,r,1,1,0.999931,0,1,14434,19,99.869,14424,29,99.799,14453,0,100.0,10.373056,10.945856,12.549056,11.7192,11.404672,11.42768,11.654688,0.94767,0.826601,0.885133,0.909545,0.907713,0.890033,0,5.81061e-08,2.38246e-11,2.24222e-12,5.81061e-08,5.81061e-08,5.81061e-08,9.622368,1.078015,1.48463e-06,46.884
nemeth18,3,695234,9506,9506,1,r,1,0,73.136335,35,82,695234,0,100.0,484660,210574,69.712,0,695234,0.0,275.505219,316.433014,322.566406,314.576324,280.968811,272.917084,282.141113,0.870659,0.854104,0.875798,0.980554,1.009483,0.97648,0,4.53916e-08,4.53916e-08,2.3356e-10,0.0,0.0,0.0,155.592804,1.770681,9.61484e-06,307.442
lp_scagr7,1,465,129,185,0,r,1,0,3.604651,1,10,109,356,23.441,0,465,0.0,1,464,0.215,2.280288,2.382208,2.894112,2.370592,2.804128,2.750656,2.759936,0.957216,0.787906,0.961907,0.81319,0.828998,0.82621,0,3.80814e-08,5.63776e-09,0.0,2.57112e-10,2.57112e-10,2.57112e-10,3.270848,0.697155,5.33885e-06,35.1891
delf_a_23,3,15298,3214,6672,0,r,1,0,4.759801,2,21,5923,9375,38.717,13081,2217,85.508,9395,5903,61.413,13.902752,15.548224,17.350208,17.67712,14.518944,14.487008,16.726976,0.89417,0.801302,0.786483,0.957559,0.95967,0.831158,0,4.93761e-08,2.50387e-11,1.03666e-10,3.19833e-09,3.19833e-09,3.19833e-09,10.165824,1.367597,9.89959e-06,52.684
lp_osa_60,1,1408073,10280,243246,0,r,1,0,136.972082,18,173366,1125,1406948,0.08,0,1408073,0.0,0,1408073,0.0,968.882996,1013.063416,1076.636475,1071.036743,1138.713989,1141.978516,1140.553589,0.956389,0.899917,0.904622,0.850857,0.848425,0.849485,0,6.0557e-08,3.30837e-10,0.0,0.0,0.0,0.0,648.52771,1.493973,7.94784e-05,21639.4
oscil_dcop_45,2,1544,430,430,0,r,1,0,3.590698,1,13,662,882,42.876,1386,158,89.767,1288,256,83.42,2.759232,3.03888,3.795808,2.97104,2.95488,2.981856,3.280224,0.907977,0.726916,0.928709,0.933788,0.92534,0.841172,0,4.02976e-08,3.40652e-14,1.09569e-10,1.49218e-10,1.49218e-10,1.49218e-10,3.447264,0.800412,3.4964e-06,36.1109
oscil_dcop_18,3,1544,430,430,0,r,1,0,3.590698,1,13,651,893,42.163,1386,158,89.767,1288,256,83.42,2.751616,2.958208,4.32288,2.972768,2.981664,2.971552,3.278784,0.930163,0.636524,0.925607,0.922846,0.925986,0.839218,0,4.03016e-08,3.41876e-14,1.08081e-10,1.48129e-10,1.48129e-10,1.48129e-10,2.402144,1.145483,3.49624e-06,41.6239
optdigits_10nn,3,79650,5620,5620,1,r,1,0,14.172598,10,56,79650,0,100.0,0,79650,0.0,0,79650,0.0,57.224129,61.402817,64.459518,59.461376,58.289886,56.682816,58.335167,0.931946,0.887753,0.962375,0.981716,1.00955,0.980954,0,4.52618e-08,4.52618e-08,0.0,0.0,0.0,0.0,29.565344,1.935514,8.4925e-06,74.5425
heart1,1,1387773,3557,3557,0,r,1,0,390.152657,56,1120,131243,1256530,9.457,683802,703971,49.273,52374,1335399,3.774,273.258026,263.458801,270.044678,258.22821,271.822479,266.507111,272.56778,1.037195,1.011899,1.058204,1.005281,1.025331,1.002532,0,5.25398e-08,3.79203e-12,1.92284e-10,1.9137e-11,1.9137e-11,1.9137e-11,174.852509,1.562792,1.38884e-05,1310.02
oscil_dcop_12,1,1544,430,430,0,r,1,0,3.590698,1,13,635,909,41.127,1386,158,89.767,1288,256,83.42,2.765312,3.036864,4.375264,2.933664,2.95728,2.980992,3.275648,0.910581,0.632033,0.942614,0.935086,0.927648,0.844203,0,4.46484e-08,7.51203e-14,2.08134e-10,3.19718e-10,3.19718e-10,3.19718e-10,2.469696,1.119697,3.71353e-06,36.3942
large_a_13,3,19674,4253,8593,0,r,1,0,4.625911,2,21,7400,12274,37.613,17015,2659,86.485,12879,6795,65.462,17.508991,19.712831,21.742496,22.456736,18.635649,18.598495,21.208481,0.888203,0.805289,0.779677,0.939543,0.94142,0.825566,0,4.76017e-08,2.42101e-11,1.35082e-10,1.96044e-08,1.96044e-08,1.96044e-08,12.624704,1.386883,8.00917e-06,66.5439
fd12,3,28462,7500,7500,0,r,1,0,3.794933,1,6,6632,21830,23.301,28262,200,99.297,28262,200,99.297,14.419776,16.138081,16.556543,16.730753,16.331936,16.145985,16.535839,0.893525,0.870941,0.861873,0.882919,0.893087,0.872032,0,3.51436e-08,8.94153e-15,1.37358e-11,1.37358e-11,1.37358e-11,1.37358e-11,11.271424,1.279322,5.44085e-06,46.8381
mhd3200a,3,68026,3200,3200,0,r,1,0,21.258125,1,33,65029,2997,95.594,65509,2517,96.3,57341,10685,84.293,63.118305,68.896767,72.991005,72.6129,68.094818,67.930977,69.699043,0.916129,0.864741,0.869244,0.926918,0.929154,0.905584,0,2.22365e-08,9.91642e-12,1.71605e-11,1.18252e-11,1.18252e-11,1.18252e-11,34.343327,1.837862,6.29484e-06,89.4391
lhr14c,3,307858,14270,14270,0,r,1,0,21.573791,1,63,280756,27102,91.197,128440,179418,41.721,14122,293736,4.587,313.339294,352.231079,380.356628,356.006226,319.46814,317.23291,323.088104,0.889584,0.823804,0.880151,0.980815,0.987726,0.969826,0,3.98256e-08,2.99672e-08,6.58687e-10,5.46467e-09,5.46467e-09,5.46467e-09,165.612411,1.892004,8.36584e-06,370.114
nemeth10,5,401448,9506,9506,1,r,1,0,42.231012,18,52,401448,0,100.0,263620,137828,65.667,0,401448,0.0,231.217499,261.966858,267.533447,240.514969,234.086563,230.688736,234.475647,0.882621,0.864256,0.961343,0.987744,1.002292,0.986105,0,4.54399e-08,4.54399e-08,2.7478e-10,0.0,0.0,0.0,132.713089,1.742236,8.92701e-06,226.682
nemeth22,4,1358832,9506,9506,1,r,1,0,142.944667,62,167,1358832,0,100.0,1031952,326880,75.944,0,1358832,0.0,360.989594,415.069336,421.462097,416.408325,357.952271,356.05545,354.77002,0.869709,0.856517,0.866913,1.008485,1.013858,1.017531,0,4.35703e-08,4.35703e-08,1.63847e-10,0.0,0.0,0.0,221.665924,1.62853,1.04651e-05,591.862
hydr1c_a_59,3,19497,5308,5308,0,r,1,0,3.673135,1,12,7299,12198,37.437,18215,1282,93.425,18069,1428,92.676,12.043808,14.984128,16.976641,15.887136,14.459328,14.404512,15.886624,0.803771,0.709434,0.758086,0.832944,0.836114,0.75811,0,4.15428e-08,8.70327e-14,5.35467e-11,2.75945e-10,2.75945e-10,2.75945e-10,9.619168,1.252063,5.58586e-06,58.0516
case9_b1_05,2,14453,14454,1,0,r,1,1,0.999931,0,1,14425,28,99.806,14451,2,99.986,14453,0,100.0,10.381056,10.950912,12.860704,11.72,11.407776,11.424128,11.666176,0.947963,0.807192,0.885756,0.909998,0.908696,0.889842,0,3.95619e-08,1.79337e-18,9.28533e-16,3.95619e-08,3.95619e-08,3.95619e-08,8.893952,1.167204,2.59914e-06,49.0382
benzene,5,242669,8219,8219,1,r,1,0,29.525368,12,37,188100,54569,77.513,144702,97967,59.629,0,242669,0.0,176.0383,190.742462,206.596069,206.741669,177.176804,175.147079,178.623871,0.922911,0.852089,0.851489,0.993574,1.005088,0.985525,0,4.10103e-08,2.99676e-09,5.55056e-10,0.0,0.0,0.0,91.591553,1.921993,8.82839e-06,131.211
scagr7-2b_a_2,1,2285,623,887,0,r,1,0,3.667737,1,10,551,1734,24.114,0,2285,0.0,1,2284,0.044,3.254624,3.657824,4.129184,3.273088,3.340608,3.287456,3.286336,0.88977,0.7882,0.994359,0.974261,0.990013,0.99035,0,4.81723e-08,7.3121e-09,0.0,2.03641e-10,2.03641e-10,2.03641e-10,3.503648,0.928924,6.63618e-06,38.0163
cell2,2,34855,7055,7055,0,r,1,0,4.940468,2,5,4773,30082,13.694,8184,26671,23.48,23,34832,0.066,26.247393,28.748993,33.275711,34.231968,26.096416,26.212641,27.104321,0.912985,0.788785,0.766751,1.005785,1.001326,0.968384,0,3.79843e-08,8.70637e-15,7.64932e-10,5.99957e-10,5.99957e-10,5.99957e-10,18.200384,1.442134,7.30486e-06,69.5741
oscil_dcop_34,1,1544,430,430,0,r,1,0,3.590698,1,13,662,882,42.876,1386,158,89.767,1288,256,83.42,2.765664,2.953088,4.008544,2.932544,2.944928,2.955168,3.276032,0.936533,0.689942,0.943094,0.939128,0.935874,0.844212,0,1.90624e-08,5.62465e-14,9.88953e-11,1.67797e-10,1.67797e-10,1.67797e-10,2.41872,1.143441,6.03651e-06,37.1485
large_a_21,3,19936,4315,8637,0,r,1,0,4.620162,2,21,7288,12648,36.557,17201,2735,86.281,12958,6978,64.998,17.771263,20.047615,22.215136,22.819263,18.946655,18.873793,21.22352,0.886453,0.799962,0.778783,0.937963,0.941584,0.837338,0,4.77734e-08,2.03016e-11,1.39385e-10,2.27322e-08,2.27322e-08,2.27322e-08,12.769216,1.391727,8.02039e-06,67.008
hydr1c_a_30,3,19510,5308,5308,0,r,1,0,3.675584,1,12,7308,12202,37.458,18225,1285,93.414,18082,1428,92.681,12.086976,14.960192,17.089632,15.872352,14.507904,14.32416,15.818112,0.807943,0.70727,0.761511,0.83313,0.843817,0.764123,0,4.20566e-08,1.08126e-13,6.43301e-11,2.90641e-10,2.90641e-10,2.90641e-10,8.847808,1.366098,7.07937e-06,61.9354
lpi_pilot4i,3,5264,410,1123,0,r,1,0,12.839024,1,76,1801,3463,34.214,4280,984,81.307,2124,3140,40.35,5.875072,6.461792,8.380832,7.180704,6.420736,6.347584,6.511776,0.909202,0.701013,0.818175,0.915015,0.92556,0.902223,0,2.92428e-08,5.71853e-12,8.17436e-11,3.54903e-11,3.54903e-11,3.54903e-11,3.774336,1.556584,7.46065e-06,43.2449
hydr1c_a_61,3,23557,5308,5308,0,r,1,0,4.438018,1,14,17966,5591,76.266,21809,1748,92.58,21553,2004,91.493,22.869728,27.00256,28.182625,27.750496,26.389952,26.263168,27.803968,0.846947,0.811483,0.82412,0.866607,0.870791,0.822535,0,4.39869e-08,3.41418e-12,8.53457e-11,3.79722e-09,3.79722e-09,3.79722e-09,15.688064,1.457779,7.3825e-06,59.9953
hydr1c_a_45,3,23526,5308,5308,0,r,1,0,4.432178,1,14,17967,5559,76.371,21776,1750,92.561,21522,2004,91.482,22.909824,26.988928,27.239679,27.708448,26.364033,26.282881,27.808191,0.84886,0.841046,0.826817,0.86898,0.871663,0.823852,0,4.17478e-08,3.8546e-12,7.90038e-11,3.48925e-09,3.48925e-09,3.48925e-09,15.747328,1.454839,7.15308e-06,58.9429
large_a_02,3,18887,4162,8496,0,r,1,0,4.537963,1,21,7154,11733,37.878,16364,2523,86.642,12662,6225,67.041,17.148672,19.463808,22.4888,21.984863,18.52128,18.440737,20.728607,0.881054,0.762543,0.780022,0.92589,0.929934,0.827295,0,4.48197e-08,2.46524e-11,1.3243e-10,2.25309e-08,2.25309e-08,2.25309e-08,12.444736,1.377986,8.26484e-06,66.3584
t2d_q4_a_37,3,87025,9801,9801,0,r,1,0,8.879196,4,9,2559,84466,2.941,23574,63451,27.089,24048,62977,27.633,89.161537,89.61821,95.595039,98.142052,92.34877,90.310913,94.160355,0.994904,0.9327,0.908495,0.965487,0.987273,0.946912,0,4.4391e-08,2.23974e-11,3.91354e-10,9.86671e-10,9.86671e-10,9.86671e-10,46.467457,1.918795,7.77534e-06,150.472
nemeth03,5,394808,9506,9506,1,r,1,0,41.532506,17,52,394808,0,100.0,345288,49520,87.457,0,394808,0.0,230.295654,260.02652,265.712006,275.516327,233.204254,229.470978,233.652222,0.885662,0.866712,0.835869,0.987528,1.003594,0.985634,0,4.56956e-08,4.56956e-08,1.2485e-10,0.0,0.0,0.0,131.303909,1.753913,8.8438e-06,219.926
route,0,206782,20894,43019,0,r,1,0,9.896717,4,2781,0,206782,0.0,143230,63552,69.266,162278,44504,78.478,209.941376,218.678055,217.723267,253.920135,247.987717,235.488327,227.735229,0.960048,0.964258,0.826801,0.84658,0.891515,0.921866,0,5.34397e-08,0.0,2.40772e-10,1.21017e-08,1.21017e-08,1.21017e-08,118.182365,1.776419,3.15291e-05,534.372
oscil_dcop_22,3,1544,430,430,0,r,1,0,3.590698,1,13,662,882,42.876,1386,158,89.767,1288,256,83.42,2.620992,3.082272,4.026368,3.069088,3.059008,3.041728,3.174176,0.850344,0.650957,0.853997,0.856811,0.861679,0.825724,0,5.17052e-08,5.04959e-14,1.52254e-10,1.95281e-10,1.95281e-10,1.95281e-10,3.572544,0.733649,7.61189e-06,32.8774
chipcool1,3,281150,20082,20082,0,r,1,0,14.0001,5,24,281150,0,100.0,250755,30395,89.189,247185,33965,87.919,196.54599,216.155579,224.050522,225.404861,220.491196,213.793243,225.472763,0.90928,0.87724,0.871969,0.891401,0.919327,0.871706,0,4.38129e-08,4.38129e-08,2.2344e-11,1.81324e-11,1.81324e-11,1.81324e-11,108.450783,1.812306,8.26772e-06,278.2
large_a_29,3,20686,4302,8633,0,r,1,0,4.808461,2,21,8491,12195,41.047,18147,2539,87.726,13512,7174,65.32,17.717472,20.025152,23.084608,22.681601,18.868736,18.861183,21.294271,0.884761,0.767502,0.781139,0.938986,0.939362,0.83203,0,4.27824e-08,2.78357e-11,1.28743e-10,2.0541e-08,2.0541e-08,2.0541e-08,11.878432,1.491567,7.1559e-06,60.4362
case9_b2_01,2,14453,14454,1,0,r,1,1,0.999931,0,1,14094,359,97.516,11347,3106,78.51,14453,0,100.0,10.387808,11.04688,11.889856,11.971872,11.38896,11.456224,11.786432,0.940339,0.87367,0.867684,0.912095,0.906739,0.881336,0,3.77847e-08,2.00421e-10,3.38426e-11,3.77847e-08,3.77847e-08,3.77847e-08,9.825344,1.057246,5.4905e-06,43.3813
t2d_q4_a_23,3,87025,9801,9801,0,r,1,0,8.879196,4,9,10985,76040,12.623,21804,65221,25.055,22611,64414,25.982,89.164482,89.609726,96.848541,98.128479,92.24131,90.294365,94.146339,0.995031,0.920659,0.90865,0.966644,0.987487,0.947084,0,4.7088e-08,1.51852e-10,3.71725e-10,9.97352e-10,9.97352e-10,9.97352e-10,46.360126,1.923301,8.51415e-06,91.9782
nemeth06,5,394808,9506,9506,1,r,1,0,41.532506,17,52,394808,0,100.0,313536,81272,79.415,0,394808,0.0,230.267227,260.102997,266.448975,262.60907,233.110596,229.577789,233.609222,0.885292,0.864208,0.876844,0.987802,1.003003,0.985694,0,4.62438e-08,4.62438e-08,1.98867e-10,0.0,0.0,0.0,131.405624,1.752339,8.9206e-06,225.014
tub100,4,396,100,100,0,r,1,0,3.96,3,4,51,345,12.879,100,296,25.253,0,396,0.0,4.473376,4.839712,6.440096,5.940928,4.894464,5.49776,4.433568,0.924306,0.694613,0.752976,0.913966,0.813672,1.008979,0,4.18126e-08,1.18381e-11,3.18187e-10,0.0,0.0,0.0,6.789184,0.658897,6.18038e-06,36.1007
impcol_d,3,1339,425,425,0,r,1,0,3.150588,1,10,276,1063,20.612,86,1253,6.423,125,1214,9.335,2.609984,2.7496,3.055328,2.84208,2.8496,2.598976,2.73504,0.949223,0.85424,0.918336,0.915912,1.004236,0.954276,0,3.751e-08,1.67317e-09,3.1689e-12,1.43327e-09,1.43327e-09,1.43327e-09,3.19312,0.817377,6.40989e-06,35.9073
c-50,3,193625,22401,22401,1,r,1,0,8.643587,2,1919,146121,47504,75.466,113372,80253,58.552,25780,167845,13.314,212.173599,228.628998,262.31485,258.543396,222.372665,216.578842,226.824966,0.928026,0.808851,0.82065,0.954135,0.97966,0.935407,0,1.67283e-08,1.25446e-11,4.21377e-12,7.94671e-12,7.94671e-12,7.94671e-12,113.638878,1.867086,3.72533e-06,298.162
powersim,2,67562,15838,15838,0,r,1,0,4.265816,2,40,21295,46267,31.519,47084,20478,69.69,37073,30489,54.873,65.170303,63.308414,80.865059,75.440964,61.440033,63.065922,69.527069,1.02941,0.805914,0.863858,1.060714,1.033368,0.937337,0,3.48279e-08,6.51815e-12,8.25958e-11,2.28371e-10,2.28371e-10,2.28371e-10,38.513119,1.692159,7.66632e-06,179.921
rajat11,2,812,135,135,0,r,1,0,6.014815,1,44,798,14,98.276,528,284,65.025,256,556,31.527,2.742368,2.987552,4.023264,3.205504,2.78688,3.020032,2.806496,0.917931,0.681628,0.855519,0.984028,0.908059,0.97715,0,2.72533e-08,1.09643e-08,2.04313e-10,2.25417e-08,2.25417e-08,2.25417e-08,3.516864,0.779777,4.5181e-06,47.967
bips98_606,3,34738,7135,7135,0,r,1,0,4.868676,1,30,4438,30300,12.776,34734,4,99.988,34738,0,100.0,27.890272,31.52352,33.136959,32.917633,31.568895,31.552992,32.486847,0.884745,0.841667,0.847275,0.883473,0.883918,0.85851,0,3.59423e-08,1.02671e-26,5.7721e-23,3.59423e-08,3.59423e-08,3.59423e-08,19.536352,1.427609,2.52962e-06,62.5171
lp_pilot4,3,5264,410,1123,0,r,1,0,12.839024,1,76,1801,3463,34.214,4280,984,81.307,2124,3140,40.35,5.93712,6.50928,7.106624,7.276064,6.50592,6.505312,6.590176,0.912101,0.835435,0.81598,0.912572,0.912657,0.900905,0,2.59639e-08,5.84305e-12,8.72943e-11,3.82217e-11,3.82217e-11,3.82217e-11,5.534848,1.07268,5.67729e-06,42.6212
af23560,3,484256,23560,23560,0,r,1,0,20.55416,11,21,184932,299324,38.189,171115,313141,35.336,0,484256,0.0,479.151367,505.68335,583.080688,582.901733,475.17453,474.332275,483.360443,0.947532,0.821758,0.822011,1.008369,1.01016,0.991292,0,4.37913e-08,6.26804e-10,4.69113e-10,0.0,0.0,0.0,234.946274,2.039408,8.66213e-06,479.497
cavity21,3,138187,4562,4562,0,r,1,0,30.290881,1,62,127182,11005,92.036,65589,72598,47.464,21903,116284,15.85,103.633469,116.17466,123.535713,115.84227,106.653091,105.65155,108.159485,0.892049,0.838895,0.894608,0.971687,0.980899,0.958154,0,4.55721e-08,9.539e-09,4.56558e-10,1.13743e-09,1.13743e-09,1.13743e-09,58.018242,1.786222,8.59869e-06,178.66
t2d_q9_a_07,3,87025,9801,9801,0,r,1,0,8.879196,4,9,65269,21756,75.0,0,87025,0.0,0,87025,0.0,89.202942,89.804321,106.756767,92.587105,90.272324,88.931007,93.109955,0.993303,0.835572,0.963449,0.988154,1.003058,0.958039,0,4.49302e-08,1.00918e-08,0.0,0.0,0.0,0.0,46.89024,1.902378,8.06111e-06,91.3741
g7jac020sc,3,45465,5850,5850,0,r,1,0,7.771795,2,60,22804,22661,50.157,12597,32868,27.707,2806,42659,6.172,26.751713,32.116577,36.043713,33.331104,27.336449,27.174528,31.138529,0.832957,0.742202,0.802605,0.97861,0.984441,0.859119,0,3.94914e-08,2.10669e-10,8.75284e-11,4.35292e-10,4.35292e-10,4.35292e-10,18.431423,1.451419,8.26733e-06,120.19
lhr07c,3,156508,7337,7337,0,r,1,0,21.331334,1,63,145204,11304,92.777,69309,87199,44.285,10726,145782,6.853,162.738342,182.650467,196.497574,185.648605,166.548676,165.11792,168.292542,0.890982,0.828195,0.876593,0.977122,0.985589,0.966997,0,3.89451e-08,2.89958e-08,5.60425e-10,7.76944e-09,7.76944e-09,7.76944e-09,86.389824,1.883767,8.53529e-06,190.931
jan99jac040,2,82842,13694,13694,0,r,1,0,6.049511,2,68,55909,26933,67.489,82005,837,98.99,81849,993,98.801,64.102242,69.406525,79.17907,73.752899,69.65184,69.714561,72.814178,0.923577,0.809586,0.869149,0.920324,0.919496,0.880354,0,5.73602e-08,2.75715e-13,2.25651e-12,2.98648e-08,2.98648e-08,2.98648e-08,38.34013,1.671936,7.09464e-06,251.71
gams10a,4,407,114,171,0,r,1,0,3.570175,1,20,80,327,19.656,0,407,0.0,1,406,0.246,3.332896,3.336736,3.24528,3.099136,3.906336,3.525024,3.085184,0.998849,1.026998,1.075427,0.853203,0.945496,1.080291,0,2.62397e-08,3.29874e-09,0.0,3.22034e-10,3.22034e-10,3.22034e-10,5.012672,0.664894,7.06311e-06,35.7805
case9_b,2,14453,14454,1,0,r,1,1,0.999931,0,1,14434,19,99.869,14424,29,99.799,14453,0,100.0,10.369728,11.121568,12.776384,11.675456,11.345216,11.55056,11.716256,0.932398,0.811632,0.888165,0.914018,0.897768,0.885072,0,5.16568e-08,4.03712e-11,3.80936e-11,5.16568e-08,5.16568e-08,5.16568e-08,10.762432,0.963512,1.73617e-06,43.2138
c-32,5,54471,5975,5975,1,r,1,0,9.116485,2,1986,38715,15756,71.075,48132,6339,88.363,35413,19058,65.013,52.344894,58.139744,67.339775,63.644768,57.613407,57.63747,58.710175,0.900329,0.777325,0.822454,0.908554,0.908175,0.891581,0,4.35721e-08,5.72939e-11,7.11349e-11,4.35636e-08,4.35636e-08,4.35636e-08,30.059135,1.741397,4.53148e-06,45.7207
lowthrust_7,5,211561,17378,17378,1,r,1,0,12.174071,2,6757,156277,55284,73.869,127062,84499,60.059,28895,182666,13.658,164.595642,184.141922,200.286819,198.890717,170.858398,166.574234,178.334747,0.893852,0.8218,0.827568,0.963345,0.988122,0.922959,0,4.15224e-08,4.36785e-09,2.50729e-10,3.41834e-09,3.41834e-09,3.41834e-09,91.622627,1.796452,1.52131e-05,111.297
t2d_q9_a_11,3,87025,9801,9801,0,r,1,0,8.879196,4,9,24478,62547,28.128,42609,44416,48.962,46437,40588,53.361,89.165085,89.647682,99.727043,103.318047,91.047997,89.946815,94.383743,0.994617,0.894091,0.863016,0.97932,0.991309,0.944708,0,4.13864e-08,9.99516e-11,2.61515e-10,7.3884e-10,7.3884e-10,7.3884e-10,46.226913,1.928857,7.39229e-06,94.8946
gams30am,2,1287,354,531,0,r,1,0,3.635593,1,60,240,1047,18.648,150,1137,11.655,63,1224,4.895,3.36864,3.979616,3.95088,4.313696,3.819136,3.827712,5.0928,0.846474,0.85263,0.780917,0.882042,0.880066,0.661451,0,3.23065e-08,1.43429e-09,6.31377e-10,1.16817e-09,1.16817e-09,1.16817e-09,4.979552,0.676495,6.16893e-06,42.3985
delf_a_26,3,15420,3190,6662,0,r,1,0,4.833856,2,21,6260,9160,40.597,13247,2173,85.908,9525,5895,61.77,13.910848,15.855968,19.116545,17.702688,14.702368,14.538784,16.854752,0.877326,0.727686,0.785804,0.946164,0.95681,0.825337,0,4.53792e-08,3.13794e-11,1.00857e-10,2.6459e-09,2.6459e-09,2.6459e-09,9.431232,1.474977,8.38879e-06,57.0027
lp_scsd8,3,8584,397,2750,0,r,1,0,21.622166,10,24,6216,2368,72.414,0,8584,0.0,0,8584,0.0,9.666048,10.391328,11.666144,9.968288,9.793408,9.747328,9.881408,0.930203,0.828555,0.96968,0.986995,0.991661,0.978206,0,2.98536e-08,2.83076e-08,0.0,0.0,0.0,0.0,7.070784,1.36704,7.69379e-06,37.0071
na5,3,305630,5832,5832,1,r,1,0,52.405693,14,204,267158,38472,87.412,204232,101398,66.823,0,305630,0.0,138.060959,156.896957,168.257477,166.117798,139.543579,137.828827,140.427811,0.879947,0.820534,0.831103,0.989375,1.001684,0.983145,0,4.38737e-08,3.1333e-09,2.33161e-10,0.0,0.0,0.0,79.176994,1.7437,9.3046e-06,187.079
tsopf_rs_b300_c1_b,3,7309,14538,137,0,r,1,7363,0.502751,0,2,7303,6,99.918,6904,405,94.459,7049,260,96.443,8.983648,9.328608,11.574304,10.030208,6.95456,6.925152,9.927136,0.963021,0.776172,0.895659,1.291764,1.297249,0.904959,0,4.63608e-08,4.61559e-08,8.71826e-11,4.74183e-09,4.74183e-09,4.74183e-09,8.718592,1.030401,5.17912e-06,40.3819
t2d_q9_a_37,5,87025,9801,9801,0,r,1,0,8.879196,4,9,2559,84466,2.941,23574,63451,27.089,24048,62977,27.633,89.190147,89.745247,95.796288,98.183517,92.526688,90.405792,94.23101,0.993815,0.93104,0.908402,0.96394,0.986553,0.946505,0,4.1497e-08,2.2904e-11,3.71886e-10,9.2804e-10,9.2804e-10,9.2804e-10,46.891582,1.90205,7.8588e-06,88.0043
ww_vref_6405,3,48737,13251,13251,0,r,1,0,3.677987,1,32,6878,41859,14.112,48733,4,99.992,48737,0,100.0,25.555264,31.029312,32.795105,32.152576,31.025375,31.013439,31.746784,0.823585,0.77924,0.794812,0.823689,0.824006,0.804972,0,1.41694e-08,1.1206400000000001e-26,4.44406e-23,1.41694e-08,1.41694e-08,1.41694e-08,19.858433,1.286872,3.4066e-06,74.2814
lp_grow22,2,8252,440,946,0,r,1,0,18.754545,5,22,7326,926,88.778,5038,3214,61.052,0,8252,0.0,10.529248,11.304448,12.769792,12.542752,10.701888,10.786848,10.77952,0.931425,0.824543,0.839469,0.983868,0.976119,0.976783,0,3.05439e-08,2.1467e-08,5.43098e-10,0.0,0.0,0.0,7.52128,1.399928,8.54091e-06,35.4581
hydr1c_a_15,3,19503,5308,5308,0,r,1,0,3.674265,1,12,7307,12196,37.466,18218,1285,93.411,18075,1428,92.678,12.108672,15.075488,18.043552,15.855616,14.538016,14.357952,15.86768,0.803203,0.67108,0.763684,0.832897,0.843343,0.763103,0,4.5463e-08,1.13949e-13,6.72872e-11,3.59776e-10,3.59776e-10,3.59776e-10,8.86608,1.36573,8.0319e-06,55.4328
hydr1c_a_35,3,23541,5308,5308,0,r,1,0,4.435004,1,14,17998,5543,76.454,21792,1749,92.57,21537,2004,91.487,23.038464,27.193377,29.326559,27.940704,26.600033,26.435583,27.965088,0.847209,0.785584,0.824548,0.866107,0.871494,0.823829,0,4.89634e-08,4.39878e-12,1.1032e-10,1.34293e-09,1.34293e-09,1.34293e-09,16.957855,1.358572,7.3575e-06,56.2935
nd3k,1,3279690,9000,9000,1,r,1,0,364.41,127,515,3203738,75952,97.684,3071760,207930,93.66,0,3279690,0.0,657.056335,626.523499,640.82605,626.403259,661.720764,647.908142,657.754944,1.048734,1.025327,1.048935,0.992951,1.01412,0.998938,0,4.37102e-08,9.47093e-10,4.8236e-11,0.0,0.0,0.0,416.807678,1.576402,1.04781e-05,1368.4
lpi_cplex2,3,1215,224,378,0,r,1,0,5.424107,2,122,220,995,18.107,0,1215,0.0,0,1215,0.0,3.665536,4.360064,4.833472,3.941376,4.13296,3.796128,4.188192,0.840707,0.758365,0.930014,0.886903,0.965599,0.875207,0,1.79111e-08,2.05075e-09,0.0,0.0,0.0,0.0,7.843936,0.467308,1.304e-05,46.3841
ex35,3,228208,19716,19716,0,r,1,0,11.574762,1,18,134709,93499,59.029,136820,91388,59.954,103850,124358,45.507,199.352737,224.897049,214.799454,210.744064,204.201767,198.571228,224.063751,0.886418,0.928088,0.945947,0.976254,1.003936,0.889714,0,4.13542e-08,1.92818e-14,6.08585e-11,1.2426e-14,1.2426e-14,1.2426e-14,107.730782,1.850471,7.5717e-06,228.979
scrs8-2r_a_07,3,7367,1820,3499,0,r,1,0,4.047802,1,15,2059,5308,27.949,774,6593,10.506,12,7355,0.163,8.791904,9.98544,10.677056,9.892992,8.83088,8.798752,9.162656,0.880472,0.823439,0.8887,0.995586,0.999222,0.959537,0,3.68323e-08,3.30197e-09,2.39088e-10,2.25688e-10,2.25688e-10,2.25688e-10,7.116352,1.235451,6.5092e-06,40.2811
dtoc,3,69972,24993,24993,1,r,1,0,2.799664,1,4,29988,39984,42.857,29988,39984,42.857,5005,64967,7.153,47.827137,41.292,59.151295,59.19408,50.007488,48.123009,49.717503,1.158266,0.808556,0.807972,0.9564,0.993852,0.961978,0,2.65947e-08,7.49342e-12,7.49342e-12,2.43463e-10,2.43463e-10,2.43463e-10,28.959072,1.651542,6.45673e-06,64.9291
s3rmt3m1,5,219521,5489,5489,1,r,1,0,39.992895,7,42,130417,89104,59.41,173865,45656,79.202,110090,109431,50.15,135.952164,153.567581,143.312515,146.21875,144.794983,143.18074,145.767197,0.885292,0.948641,0.929786,0.938929,0.949514,0.932666,0,4.43719e-08,2.33346e-11,1.73899e-10,1.25269e-10,1.25269e-10,1.25269e-10,78.303009,1.736232,8.52915e-06,125.197
oscil_dcop_10,1,1544,430,430,0,r,1,0,3.590698,1,13,654,890,42.358,1386,158,89.767,1288,256,83.42,2.631232,3.081632,3.160928,3.040544,3.070464,3.043936,3.16624,0.853844,0.832424,0.865382,0.856949,0.864418,0.831027,0,4.31197e-08,6.38789e-14,2.45776e-10,3.27546e-10,3.27546e-10,3.27546e-10,3.613664,0.728134,3.75117e-06,34.1664
ge,3,44825,10099,16369,0,r,1,0,4.438558,1,48,5308,39517,11.842,5032,39793,11.226,2158,42667,4.814,38.781506,43.891808,44.440319,43.595776,39.475807,39.378654,41.779583,0.88357,0.872665,0.88957,0.982412,0.984836,0.928241,0,3.23975e-08,2.70319e-11,2.19099e-11,1.84426e-11,1.84426e-11,1.84426e-11,26.013472,1.490824,3.7334e-06,75.9776
bcsstk17,5,428650,10974,10974,1,r,1,0,39.060507,1,150,28154,400496,6.568,264441,164209,61.692,62081,366569,14.483,261.893768,297.078033,285.698944,298.203552,272.442841,269.0224,271.522491,0.881566,0.916677,0.878238,0.96128,0.973502,0.964538,0,4.45521e-08,1.57471e-14,1.50467e-10,7.41189e-11,7.41189e-11,7.41189e-11,146.086426,1.792732,9.77676e-06,201.14
dubcova1,5,253009,16129,16129,1,r,1,0,15.686589,4,25,240976,12033,95.244,63504,189505,25.1,0,253009,0.0,160.942139,172.537888,191.34346,193.39241,163.852066,160.38797,165.749893,0.932793,0.841116,0.832205,0.982241,1.003455,0.970994,0,4.43936e-08,2.55439e-08,1.04319e-14,0.0,0.0,0.0,85.199265,1.889009,8.26673e-06,124.835
thermal,5,66528,3456,3456,0,r,1,0,19.25,12,27,66528,0,100.0,28224,38304,42.424,0,66528,0.0,67.444733,73.116867,75.762817,83.653603,67.634209,67.43325,69.171806,0.922424,0.890209,0.806238,0.997199,1.00017,0.975032,0,4.89233e-08,4.89233e-08,4.34475e-10,0.0,0.0,0.0,35.705727,1.888905,8.80109e-06,66.1266
ts-palko,1,1076903,22002,47235,0,r,1,0,48.945687,3,44560,119490,957413,11.096,0,1076903,0.0,0,1076903,0.0,709.076782,819.804443,815.50946,754.078918,766.217957,755.057617,766.985413,0.864934,0.869489,0.940322,0.925424,0.939103,0.924498,0,3.80091e-08,1.58599e-09,0.0,0.0,0.0,0.0,449.375732,1.577915,1.36189e-05,5845.4
t2d_q9_a_20,3,87025,9801,9801,0,r,1,0,8.879196,4,9,8139,78886,9.352,46390,40635,53.307,48456,38569,55.681,89.236931,89.630753,94.796036,100.939232,90.710304,89.691811,94.178368,0.995606,0.941357,0.884066,0.983757,0.994928,0.947531,0,3.73499e-08,8.23613e-12,1.98621e-10,5.10698e-10,5.10698e-10,5.10698e-10,45.999329,1.939962,8.45853e-06,94.2533
c-22,3,28872,3792,3792,1,r,1,0,7.613924,2,208,18050,10822,62.517,26999,1873,93.513,24397,4475,84.501,18.784639,22.069729,23.818239,23.646273,21.463327,21.036032,22.855553,0.85115,0.788666,0.794402,0.875197,0.892974,0.821885,0,2.52254e-08,1.78173e-11,3.0398e-11,2.52254e-08,2.52254e-08,2.52254e-08,13.30512,1.411835,5.22673e-06,65.4292
c-51,3,203050,23196,23196,1,r,1,0,8.753664,2,1570,134746,68304,66.361,32525,170525,16.018,834,202216,0.411,228.288773,246.682785,280.040771,259.251801,235.571335,227.593536,240.301437,0.925435,0.815198,0.880568,0.969086,1.003055,0.95001,0,2.73761e-08,5.62741e-10,4.53043e-11,3.50882e-11,3.50882e-11,3.50882e-11,124.401566,1.835096,7.03175e-06,300.978
scsd8-2r_a_08,3,28290,1290,9030,0,r,1,0,21.930233,10,24,20560,7730,72.676,0,28290,0.0,0,28290,0.0,26.556095,28.795616,32.865471,27.606209,26.877537,26.725183,27.258432,0.922227,0.808024,0.961961,0.988041,0.993673,0.974234,0,3.24488e-08,2.83525e-08,0.0,0.0,0.0,0.0,15.902464,1.669936,8.88926e-06,47.9706
oscil_dcop_33,3,1544,430,430,0,r,1,0,3.590698,1,13,662,882,42.876,1386,158,89.767,1288,256,83.42,2.628928,3.118528,3.120288,3.08016,3.086208,3.045152,3.164512,0.843003,0.842527,0.853504,0.851831,0.863316,0.830753,0,3.33595e-08,3.95154e-14,1.90104e-10,2.33768e-10,2.33768e-10,2.33768e-10,3.49312,0.752602,6.39354e-06,33.2356
hydr1c_a_33,3,19503,5308,5308,0,r,1,0,3.674265,1,12,7306,12197,37.461,18219,1284,93.416,18075,1428,92.678,12.084192,15.21376,17.473185,15.880256,14.706784,14.389216,16.100576,0.794294,0.691585,0.760957,0.821675,0.839809,0.750544,0,4.05306e-08,9.00812e-14,5.22651e-11,2.27664e-10,2.27664e-10,2.27664e-10,9.783552,1.235154,1.09747e-05,60.5212
oscil_dcop_49,1,1544,430,430,0,r,1,0,3.590698,1,13,662,882,42.876,1386,158,89.767,1288,256,83.42,2.630592,3.213088,3.383296,3.033984,3.117888,3.066688,3.194304,0.818711,0.777523,0.867042,0.84371,0.857796,0.823526,0,1.34578e-08,3.85595e-14,1.69574e-10,2.40295e-10,2.40295e-10,2.40295e-10,3.74496,0.702435,6.46728e-06,47.5371
t2d_q9_a_29,3,87025,9801,9801,0,r,1,0,8.879196,4,9,1621,85404,1.863,44917,42108,51.614,46629,40396,53.581,89.186882,89.641731,94.882973,100.569504,91.078369,89.910431,94.356766,0.994926,0.939967,0.886818,0.979232,0.991953,0.945209,0,4.15671e-08,7.07648e-13,2.21575e-10,6.00094e-10,6.00094e-10,6.00094e-10,45.532448,1.958754,6.79259e-06,98.9689
west0156,4,371,156,156,0,r,1,0,2.378205,1,7,117,254,31.536,367,4,98.922,368,3,99.191,2.387296,2.4208,2.691552,2.631648,2.80736,2.744352,2.603648,0.98616,0.886959,0.907149,0.85037,0.869894,0.916904,0,1.38234e-08,1.04819e-14,4.3385e-13,1.05297e-08,1.05297e-08,1.05297e-08,3.350848,0.712445,9.47015e-06,41.7864
large_a_10,3,19617,4237,8576,0,r,1,0,4.629927,2,21,7358,12259,37.508,16949,2668,86.4,12803,6814,65.265,17.510208,19.676737,21.899776,22.406048,18.710304,18.644447,21.221727,0.889894,0.799561,0.781495,0.935859,0.939165,0.825108,0,4.92379e-08,2.32115e-11,1.42514e-10,2.08376e-08,2.08376e-08,2.08376e-08,12.496224,1.40124,6.76407e-06,61.8027
viscoplastic1_c_7,2,61166,4326,4326,0,r,1,0,14.139159,7,37,25926,35240,42.386,33234,27932,54.334,22326,38840,36.501,39.369122,43.450783,50.311039,49.20512,40.465569,40.689056,41.69075,0.906062,0.782515,0.800102,0.972904,0.96756,0.944313,0,3.48822e-08,3.40825e-14,1.9072e-10,3.0503e-14,3.0503e-14,3.0503e-14,21.944416,1.794038,8.1609e-06,61.5153
garon2,3,390607,13535,13535,0,r,1,0,28.859032,5,45,324878,65729,83.173,221194,169413,56.628,67285,323322,17.226,297.028381,322.534698,358.147125,343.716156,303.176941,300.390045,306.672791,0.920919,0.829347,0.864168,0.97972,0.988809,0.968551,0,4.49519e-08,7.27449e-09,5.45626e-11,3.90069e-11,3.90069e-11,3.90069e-11,156.052704,1.903385,7.8916e-06,345.284
t2d_q4_a_03,3,87025,9801,9801,0,r,1,0,8.879196,4,9,60397,26628,69.402,0,87025,0.0,0,87025,0.0,89.260284,89.61776,107.466141,92.540031,90.064545,88.654877,92.985535,0.996011,0.83059,0.964559,0.99107,1.006829,0.959937,0,4.60235e-08,2.21055e-09,0.0,0.0,0.0,0.0,45.496384,1.96192,7.95738e-06,94.3261
west0132,0,414,132,132,0,r,1,0,3.136364,1,9,168,246,40.58,386,28,93.237,377,37,91.063,2.242656,3.102432,2.636224,2.64144,3.118528,2.871936,2.909952,0.72287,0.850708,0.849028,0.719139,0.780886,0.770685,0,4.29271e-08,7.27826e-13,4.75649e-11,4.06178e-09,4.06178e-09,4.06178e-09,3.149088,0.71216,3.59198e-06,34.627
kineticbatchreactor_9,2,86183,8115,8115,1,r,1,0,10.620209,1,2720,77585,8598,90.024,86100,83,99.904,86183,0,100.0,77.903549,80.147774,87.8936,83.279457,80.171043,80.282402,82.127235,0.971999,0.886339,0.935447,0.971717,0.970369,0.948571,0,3.349e-08,1.56835e-14,2.65711e-13,3.349e-08,3.349e-08,3.349e-08,40.524929,1.922361,3.31829e-06,192.172
hydr1c_a_01,2,22592,5308,5308,0,r,1,0,4.256217,1,14,6973,15619,30.865,20886,1706,92.449,20590,2002,91.138,21.672928,24.763552,29.206495,25.582304,24.075745,24.133696,25.608128,0.875195,0.742058,0.847184,0.900198,0.898036,0.84633,0,4.5473e-08,8.34649e-14,6.93833e-11,3.81171e-10,3.81171e-10,3.81171e-10,15.213472,1.424588,7.78147e-06,62.6277
hangglider_3,3,92703,10260,10260,1,r,1,0,9.03538,2,9119,66161,26542,71.369,46149,46554,49.782,4808,87895,5.186,123.19075,120.633537,154.860291,154.379166,143.46524,123.592384,146.729767,1.021198,0.795496,0.797975,0.85868,0.99675,0.839576,0,4.92338e-08,6.15485e-10,1.00611e-10,1.86005e-10,1.86005e-10,1.86005e-10,61.489441,2.003446,7.54757e-06,505.453
ex2,3,26839,441,441,1,r,1,0,60.85941,28,125,7316,19523,27.259,17812,9027,66.366,5761,21078,21.465,12.995552,15.513696,14.479808,15.145248,13.907392,13.70544,13.727584,0.837683,0.897495,0.858061,0.934435,0.948204,0.946674,0,3.43264e-08,4.18811e-14,1.43171e-10,3.14363e-11,3.14363e-11,3.14363e-11,8.331776,1.559758,1.19739e-05,51.1813
t2dah_e,5,176117,11445,11445,1,r,1,0,15.388117,8,21,176117,0,100.0,93342,82775,53.0,80475,95642,45.694,121.557091,138.220291,145.029465,134.990952,132.384323,128.316223,132.802277,0.879445,0.838154,0.900483,0.918214,0.947324,0.915324,0,4.29589e-08,4.29589e-08,3.82846e-10,2.63812e-10,2.63812e-10,2.63812e-10,66.628548,1.8244,8.24978e-06,110.907
t3dl_e,3,20360,20360,20360,1,r,1,0,1.0,1,1,20360,0,100.0,3160,17200,15.521,20360,0,100.0,13.85856,14.86096,15.665312,18.624672,15.367776,15.27392,15.726912,0.932548,0.884665,0.744097,0.901793,0.907335,0.8812,0,4.79736e-08,4.79736e-08,1.1982e-10,4.79736e-08,4.79736e-08,4.79736e-08,13.067808,1.060511,3.62953e-06,54.4592
lp_standmps,3,3878,467,1274,0,r,1,0,8.304069,2,745,0,3878,0.0,0,3878,0.0,0,3878,0.0,7.120128,8.631136,7.327872,7.302304,7.705216,7.294048,7.795648,0.824935,0.97165,0.975052,0.924066,0.976156,0.913347,0,2.53806e-08,0.0,0.0,0.0,0.0,0.0,6.032352,1.180324,2.23612e-05,110.777
bcsstm37,2,15525,25503,25503,1,r,1,11498,0.608752,0,5,15525,0,100.0,1632,13893,10.512,14783,742,95.221,17.310944,18.750528,20.723776,19.952225,11.702112,11.895328,20.710112,0.923224,0.835318,0.86762,1.479301,1.455273,0.835869,0,4.38595e-08,4.38595e-08,4.93739e-10,4.32597e-08,4.32597e-08,4.32597e-08,14.75344,1.17335,3.79957e-06,59.8752
nemsemm2,3,182012,6943,48878,0,r,1,0,26.215181,1,4176,96851,85161,53.211,57432,124580,31.554,21,181991,0.012,157.615326,169.025345,174.125305,165.190521,156.338531,154.736252,159.137863,0.932495,0.905183,0.954143,1.008167,1.018606,0.990433,0,3.30667e-08,1.86875e-10,1.29583e-10,2.12337e-12,2.12338e-12,2.12328e-12,79.944641,1.971556,1.07986e-05,664.993
saylr4,2,22316,3564,3564,1,r,1,0,6.261504,3,7,12672,9644,56.784,12748,9568,57.125,347,21969,1.555,14.388128,15.655968,19.154305,18.377119,14.306816,14.380864,15.181568,0.919019,0.751169,0.782937,1.005683,1.000505,0.947737,0,3.80806e-08,1.00887e-11,1.02616e-11,2.54441e-12,2.54441e-12,2.54441e-12,10.526336,1.36687,7.1327e-06,43.0785
bayer04,3,159082,20545,20545,0,r,1,0,7.743101,1,34,140881,18201,88.559,157016,2066,98.701,151424,7658,95.186,95.853409,108.829437,115.658623,110.342911,110.406784,108.388641,111.94413,0.880767,0.828761,0.868687,0.868184,0.884349,0.856261,0,4.40303e-08,1.2085e-15,3.32611e-12,1.54624e-10,1.54624e-10,1.54624e-10,58.792767,1.630361,4.60947e-06,556.417
s2rmq4m1,3,281111,5489,5489,1,r,1,0,51.213518,13,54,150443,130668,53.517,225025,56086,80.048,108740,172371,38.682,145.042084,168.945465,158.46582,159.716476,154.102875,152.55481,155.506882,0.858514,0.915289,0.908122,0.941203,0.950754,0.932705,0,4.37401e-08,4.48433e-12,1.37161e-10,7.90232e-11,7.90232e-11,7.90232e-11,82.75325,1.752706,8.49048e-06,188.238
hydr1,3,23752,5308,5308,0,r,1,0,4.474755,1,14,8133,15619,34.241,22047,1705,92.822,21558,2194,90.763,22.713345,26.6416,26.982304,27.384384,25.802752,25.767551,27.472704,0.852552,0.841787,0.829427,0.880268,0.881471,0.82676,0,4.28159e-08,9.47725e-14,6.21718e-11,2.5309e-10,2.5309e-10,2.5309e-10,15.66096,1.450316,7.71668e-06,74.3404
jan99jac020,3,38692,6774,6774,0,r,1,0,5.711839,2,68,25566,13126,66.076,38275,417,98.922,38199,493,98.726,28.931328,33.973122,37.406017,35.539711,34.164833,33.905602,35.368961,0.851595,0.77344,0.814056,0.846816,0.853291,0.817986,0,4.69847e-08,2.92551e-13,1.89273e-12,2.92917e-08,2.92917e-08,2.92917e-08,19.412352,1.490357,5.70595e-06,140.822
hor_131,3,4710,434,434,0,r,1,0,10.852535,4,41,4710,0,100.0,2342,2368,49.724,690,4020,14.65,6.120352,6.381568,7.256096,6.90896,5.967936,5.936608,6.011616,0.959067,0.843477,0.885857,1.025539,1.030951,1.018088,0,4.11638e-08,4.11638e-08,3.14205e-10,4.23201e-10,4.23201e-10,4.23201e-10,3.930976,1.556955,6.54463e-06,44.894
delf_a_12,3,14915,3134,6609,0,r,1,0,4.759094,2,21,5907,9008,39.604,12709,2206,85.21,9094,5821,60.972,13.5776,15.2392,16.95504,17.252224,14.316704,14.171552,16.402847,0.890965,0.8008,0.787006,0.948375,0.958088,0.827759,0,4.72039e-08,2.7235e-11,1.08852e-10,3.12132e-09,3.12132e-09,3.12132e-09,10.056128,1.350182,7.57733e-06,53.8415
tsc_opf_300,3,820804,9774,9774,1,r,1,0,83.97831,1,4206,783140,37664,95.411,696043,124761,84.8,88940,731864,10.836,286.936554,321.931396,348.568237,345.310699,290.324127,286.952057,292.523346,0.891297,0.823186,0.830952,0.988332,0.999946,0.980901,0,3.14441e-08,1.34076e-10,5.54221e-12,2.13217e-11,2.13217e-11,2.13217e-11,166.036514,1.728153,8.10019e-06,371.315
t2d_q4_a_02,3,87025,9801,9801,0,r,1,0,8.879196,4,9,51027,35998,58.635,19826,67199,22.782,20364,66661,23.4,89.215614,89.683708,105.039261,97.528481,91.972221,90.10733,94.113762,0.994781,0.849355,0.914765,0.970028,0.990104,0.947955,0,4.29541e-08,8.16571e-10,3.28686e-10,9.64004e-10,9.64004e-10,9.64004e-10,46.526978,1.917503,8.41527e-06,92.666
large_a_09,3,19648,4248,8587,0,r,1,0,4.625235,2,21,7360,12288,37.459,16986,2662,86.452,12861,6787,65.457,17.499489,19.845345,22.4384,22.448864,18.698561,18.659616,21.262527,0.881793,0.77989,0.779527,0.935874,0.937827,0.82302,0,4.48668e-08,2.17635e-11,1.22236e-10,2.0359e-08,2.0359e-08,2.0359e-08,12.974304,1.348781,7.75935e-06,64.2483
hydr1c_a_71,3,19488,5308,5308,0,r,1,0,3.671439,1,12,7304,12184,37.479,18205,1283,93.416,18060,1428,92.672,12.121248,14.920992,16.332031,15.837664,14.475456,14.318208,15.912672,0.812362,0.742176,0.765343,0.837366,0.846562,0.761736,0,3.59348e-08,1.06252e-13,5.85072e-11,2.95749e-10,2.95749e-10,2.95749e-10,9.513312,1.274135,6.62044e-06,53.924
t3dl,5,509866,20360,20360,1,r,1,0,25.042534,8,27,509866,0,100.0,411614,98252,80.73,381920,127946,74.906,415.235657,438.683044,451.982483,474.881775,436.429138,427.995544,436.301544,0.946551,0.918699,0.874398,0.951439,0.970187,0.951717,0,4.63141e-08,4.63141e-08,7.96078e-11,9.05517e-11,9.05517e-11,9.05517e-11,205.390244,2.021691,9.10568e-06,201.177
zd_jac3,3,1916152,22835,22835,0,r,1,0,83.912941,1,1050,1736820,179332,90.641,1894917,21235,98.892,1671538,244614,87.234,663.718018,741.376648,735.321228,769.49939,735.790955,728.665771,733.640137,0.895251,0.902623,0.862532,0.902047,0.910868,0.904692,0,6.03589e-08,4.89097e-14,1.13693e-13,2.1589e-10,2.1589e-10,2.1589e-10,395.685577,1.677387,9.18057e-06,1992.05
oscil_dcop_15,1,1544,430,430,0,r,1,0,3.590698,1,13,662,882,42.876,1386,158,89.767,1288,256,83.42,2.641568,3.524576,3.989248,3.03456,3.06944,3.059104,3.153088,0.749471,0.662172,0.870495,0.860603,0.86351,0.837772,0,2.58509e-08,4.82514e-14,1.65465e-10,2.04396e-10,2.04396e-10,2.04396e-10,4.19568,0.629592,4.24409e-06,33.637
lhr10,3,232633,10672,10672,0,r,1,0,21.798445,1,63,215433,17200,92.606,117716,114917,50.602,22368,210265,9.615,235.996964,265.005249,290.628815,271.029541,241.531815,240.0168,244.479675,0.890537,0.812022,0.870743,0.977084,0.983252,0.965303,0,3.46846e-08,2.90073e-08,4.8649e-10,5.08953e-09,5.08953e-09,5.08953e-09,124.634178,1.893517,7.74514e-06,272.07
oscil_dcop_56,1,1544,430,430,0,r,1,0,3.590698,1,13,662,882,42.876,1386,158,89.767,1288,256,83.42,2.65824,3.044544,4.136736,3.033504,3.052224,3.049056,3.623328,0.873116,0.642594,0.876294,0.870919,0.871824,0.733646,0,5.08728e-08,7.94403e-14,3.73048e-10,5.88687e-10,5.88687e-10,5.88687e-10,2.54176,1.045827,4.75727e-06,33.0889
oscil_dcop_21,1,1544,430,430,0,r,1,0,3.590698,1,13,661,883,42.811,1386,158,89.767,1288,256,83.42,3.49104,3.02896,3.917696,3.030752,3.04656,3.073504,3.251904,1.152554,0.891095,1.151873,1.145896,1.13585,1.073537,0,6.79072e-08,5.52814e-14,2.00658e-10,2.69692e-10,2.69692e-10,2.69692e-10,3.536736,0.98708,3.20988e-06,31.7068
large_a_36,3,20676,4293,8624,0,r,1,0,4.816212,2,21,8443,12233,40.835,18139,2537,87.73,13543,7133,65.501,17.768097,20.044096,22.19952,22.622688,18.803232,18.743008,21.541504,0.88645,0.800382,0.78541,0.944949,0.947985,0.824831,0,3.99481e-08,3.1805e-11,1.31646e-10,2.06336e-08,2.06336e-08,2.06336e-08,12.767456,1.391671,7.07944e-06,59.8075
lp_beaconfd,3,3408,173,295,0,r,1,0,19.699422,1,154,2321,1087,68.104,2289,1119,67.165,1912,1496,56.103,5.695456,6.394496,6.762912,6.304224,6.200768,6.084096,6.159232,0.890681,0.84216,0.903435,0.918508,0.936122,0.924702,0,3.75033e-08,4.81595e-10,5.16245e-10,4.26431e-10,4.26431e-10,4.26431e-10,4.640544,1.227325,6.40386e-06,46.0674
hydr1c_a_39,3,19503,5308,5308,0,r,1,0,3.674265,1,12,7310,12193,37.481,18221,1282,93.427,18075,1428,92.678,12.047872,14.948768,16.283039,15.816544,14.47264,14.320128,15.812576,0.805944,0.739903,0.761726,0.832458,0.841324,0.761917,0,4.96196e-08,1.21412e-13,6.61077e-11,3.29409e-10,3.29409e-10,3.29409e-10,9.539072,1.263002,7.33105e-06,54.8457
ex15,5,98671,6867,6867,1,r,1,0,14.368866,4,18,32638,66033,33.078,51118,47553,51.807,19825,78846,20.092,77.961533,87.27578,80.384575,79.62365,77.735359,75.54525,89.636322,0.893278,0.969857,0.979125,1.00291,1.031985,0.869754,0,4.10537e-08,1.88595e-14,2.12701e-10,1.05778e-17,1.05778e-17,1.05778e-17,39.112385,1.99327,8.15527e-06,66.2635
hydr1c_a_70,3,19492,5308,5308,0,r,1,0,3.672193,1,12,7308,12184,37.492,18209,1283,93.418,18064,1428,92.674,12.077984,14.949248,17.60528,15.824128,14.475392,14.350496,15.827264,0.807933,0.686043,0.763264,0.83438,0.841642,0.763113,0,3.71089e-08,9.39672e-14,5.25402e-11,3.17468e-10,3.17468e-10,3.17468e-10,9.97632,1.210665,7.89688e-06,54.2221
s1rmq4m1,3,281111,5489,5489,1,r,1,0,51.213518,13,54,65570,215541,23.325,223785,57326,79.607,86826,194285,30.887,145.043228,168.885849,161.001465,160.012894,154.983002,152.337112,153.657913,0.858824,0.900881,0.906447,0.935865,0.95212,0.943936,0,5.21192e-08,1.19016e-13,2.04515e-10,1.2347e-10,1.2347e-10,1.2347e-10,82.553986,1.75695,9.44739e-06,180.425
wm1,2,2909,207,277,0,r,1,0,14.05314,1,107,2349,560,80.749,1776,1133,61.052,182,2727,6.256,4.07424,4.583936,4.636608,4.539424,4.139552,4.181504,4.722656,0.888808,0.878711,0.897524,0.984222,0.974348,0.862701,0,6.80767e-08,4.27419e-10,2.67841e-11,4.36883e-10,4.36883e-10,4.36883e-10,3.689632,1.10424,8.28787e-06,41.0438
crystm01,5,105339,4875,4875,1,r,1,0,21.608,8,27,105339,0,100.0,5760,99579,5.468,0,105339,0.0,101.317825,102.327553,107.279648,109.087967,100.863747,100.347008,102.232353,0.990132,0.944427,0.928772,1.004502,1.009675,0.991054,0,4.12977e-08,4.12977e-08,4.10798e-10,0.0,0.0,0.0,49.639584,2.041069,8.98871e-06,65.5883
oscil_dcop_35,1,1544,430,430,0,r,1,0,3.590698,1,13,662,882,42.876,1386,158,89.767,1288,256,83.42,2.686304,3.045888,4.368832,3.040928,3.055872,3.832032,3.209664,0.881944,0.614879,0.883383,0.879063,0.701013,0.836942,0,2.40923e-08,3.59533e-14,1.46829e-10,1.8253e-10,1.8253e-10,1.8253e-10,3.529152,0.761176,4.85813e-06,32.7148
olivetti_norm_10nn,2,5656,400,400,1,r,1,0,14.14,10,60,5656,0,100.0,0,5656,0.0,0,5656,0.0,5.858848,6.535104,7.498944,5.992192,5.881536,5.944,6.097408,0.89652,0.78129,0.977747,0.996143,0.985674,0.960875,0,4.56001e-08,4.56001e-08,0.0,0.0,0.0,0.0,5.161632,1.135077,7.90676e-06,59.1389
bcsstk07,3,7860,420,420,1,r,1,0,18.714286,2,28,2486,5374,31.628,5466,2394,69.542,473,7387,6.018,10.088032,10.833216,12.02848,12.053632,10.281024,10.266464,10.475968,0.931213,0.838679,0.836929,0.981228,0.98262,0.962969,0,5.52949e-08,2.2149e-14,1.76123e-10,8.35029e-11,8.35029e-11,8.35029e-11,6.682272,1.509671,7.31288e-06,43.1448
opf_6000,5,302418,29902,29902,1,r,1,0,10.113638,2,76,103781,198637,34.317,250345,52073,82.781,113548,188870,37.547,273.61499,293.787354,338.00116,323.562317,291.253052,282.208313,293.424896,0.931337,0.809509,0.845633,0.939441,0.96955,0.932487,0,4.62514e-07,3.76552e-13,6.86881e-11,1.38558e-10,1.38558e-10,1.38558e-10,144.448318,1.894207,1.78729e-06,235.837
iris_dataset_30nn,3,5518,150,150,1,r,1,0,36.786667,30,59,5510,8,99.855,442,5076,8.01,0,5518,0.0,5.488352,5.966944,6.059264,6.106432,5.65328,5.53056,5.584512,0.919793,0.905779,0.898782,0.970826,0.992368,0.982781,0,3.80433e-08,3.78838e-08,6.63975e-10,0.0,0.0,0.0,4.78384,1.147269,8.83285e-06,36.0276
bcsstk35,5,1450163,30237,30237,1,r,1,0,47.959884,5,222,39588,1410575,2.73,918288,531875,63.323,287417,1162746,19.82,758.184753,872.49292,809.86853,841.541077,788.859741,782.520325,789.920166,0.868987,0.936183,0.900948,0.961115,0.968901,0.959825,0,4.38807e-08,2.42483e-14,4.58954e-11,1.93624e-11,1.93624e-11,1.93624e-11,421.939972,1.796902,1.40461e-05,574.836
fashion_mnist_norm_10nn,3,158304,10000,10000,1,r,1,0,15.8304,10,123,158302,2,99.999,0,158304,0.0,0,158304,0.0,107.45533,119.059677,123.827843,109.400002,109.962883,106.846237,109.029533,0.902533,0.86778,0.982224,0.977196,1.005701,0.985562,0,4.4017e-08,4.39909e-08,0.0,0.0,0.0,0.0,63.874752,1.682282,8.58422e-06,150.056
pd,0,13036,8081,8081,0,r,1,0,1.613167,1,5,874,12162,6.705,12702,334,97.438,12907,129,99.01,8.06096,9.965792,9.675488,10.703488,10.391552,10.346272,10.71424,0.808863,0.833132,0.753115,0.775722,0.779117,0.752359,0,3.81927e-08,1.15157e-11,5.96854e-11,3.81042e-08,3.81042e-08,3.81042e-08,7.384864,1.091552,6.22869e-06,42.5728
t2d_q4_a_32,3,87025,9801,9801,0,r,1,0,8.879196,4,9,2574,84451,2.958,29319,57706,33.69,30432,56593,34.969,89.155357,89.682335,93.610626,99.277313,92.680412,90.618912,94.374207,0.994124,0.952406,0.898044,0.961965,0.983849,0.9447,0,4.46715e-08,1.14111e-11,3.02991e-10,8.05741e-10,8.05741e-10,8.05741e-10,46.048897,1.936102,9.51668e-06,94.8967
case9_a_09,5,147972,14454,14454,1,r,1,0,10.237443,1,7210,104382,43590,70.542,147954,18,99.988,147880,92,99.938,133.879196,143.23613,154.698273,148.033218,147.120636,143.399292,148.918777,0.934675,0.865421,0.904386,0.909996,0.933611,0.899008,0,5.91156e-09,2.69391e-14,2.98664e-14,2.1775e-12,2.1775e-12,2.1775e-12,71.33149,1.87686,1.22358e-05,81.2361
t2d_q9_a_23,3,87025,9801,9801,0,r,1,0,8.879196,4,9,10985,76040,12.623,21804,65221,25.055,22611,64414,25.982,89.115776,89.799934,95.469086,98.232925,92.302788,90.19651,94.243362,0.992381,0.933452,0.907188,0.965472,0.988018,0.945592,0,4.55584e-08,1.47186e-10,3.26209e-10,8.75595e-10,8.75595e-10,8.75595e-10,46.963425,1.897557,8.26637e-06,98.1727
l9,3,4659,244,1483,0,r,1,0,19.094262,11,22,3524,1135,75.639,1248,3411,26.787,0,4659,0.0,6.832672,7.171616,8.650624,7.94784,7.011328,6.894848,6.964768,0.952738,0.789847,0.859689,0.974519,0.990982,0.981034,0,4.02833e-08,2.40764e-08,1.21587e-09,0.0,0.0,0.0,4.17376,1.637054,9.29372e-06,40.2224
circuit_2,2,21199,4510,4510,0,r,1,0,4.700443,1,1274,14706,6493,69.371,14618,6581,68.956,14238,6961,67.164,28.464928,33.326401,32.955647,32.930943,25.727968,26.411713,32.662304,0.854125,0.863734,0.864382,1.106381,1.077739,0.871492,0,2.43341e-08,5.26275e-10,2.83381e-10,2.68465e-09,2.68465e-09,2.68465e-09,21.400097,1.330131,5.14176e-06,174.374
bcsstk24,0,159910,3562,3562,1,r,1,0,44.893318,15,57,758,159152,0.474,150594,9316,94.174,135436,24474,84.695,90.335136,102.987648,95.325027,105.49424,101.553406,100.616386,102.511391,0.877145,0.947654,0.856304,0.889533,0.897817,0.88122,0,5.07695e-08,8.87919e-15,2.22373e-11,9.7951e-12,9.79511e-12,9.7951e-12,51.518463,1.753452,8.78236e-06,99.3896
c-39,3,136811,9271,9271,1,r,1,0,14.756876,2,668,117855,18956,86.144,108891,27920,79.592,20474,116337,14.965,97.502174,106.403648,120.300323,117.677567,103.885918,101.036575,104.497536,0.916342,0.81049,0.828554,0.93855,0.965019,0.933057,0,2.4013e-08,2.26144e-11,1.21996e-11,1.55842e-11,1.55842e-11,1.55842e-11,54.671329,1.783424,6.23737e-06,179.466
lp_scfxm1,3,2732,330,600,0,r,1,0,8.278788,1,57,1211,1521,44.327,1162,1570,42.533,487,2245,17.826,5.208256,5.64016,6.441248,5.611872,5.293824,5.241824,5.816256,0.923423,0.808579,0.928078,0.983836,0.993596,0.895465,0,2.03609e-08,1.71347e-10,1.21314e-10,1.17894e-10,1.17894e-10,1.17894e-10,4.55824,1.142602,9.54284e-06,41.2225
lp_wood1p,3,70216,244,2595,0,r,1,0,287.770492,2,2592,28079,42137,39.989,46216,24000,65.82,14659,55557,20.877,16.638111,20.289696,18.655519,19.469248,17.898945,17.661568,17.705919,0.820028,0.89186,0.854584,0.929558,0.942052,0.939692,0,3.88594e-08,4.61629e-11,3.11433e-10,3.6271e-09,3.6271e-09,3.6271e-09,12.820672,1.297757,2.40268e-05,335.391
mesh2e1,4,2018,306,306,1,r,1,0,6.594771,3,10,1160,858,57.483,1070,948,53.023,47,1971,2.329,3.060704,3.1896,4.607136,3.403232,3.171392,3.226624,3.107904,0.959589,0.66434,0.899352,0.965098,0.948578,0.984813,0,4.39655e-08,7.32652e-10,5.66567e-10,2.37048e-10,2.37048e-10,2.37048e-10,2.726944,1.122393,6.57071e-06,32.7635
mbeacxc,3,49920,496,496,0,r,1,48,100.645161,0,484,49920,0,100.0,23849,26071,47.774,578,49342,1.158,15.441408,19.391264,19.945057,19.187424,15.117312,14.995808,15.912992,0.796307,0.774197,0.804767,1.021439,1.029715,0.970365,0,4.33018e-08,4.33018e-08,2.20479e-10,1.17364e-09,1.17364e-09,1.17364e-09,9.735936,1.586022,1.24419e-05,100.648
gemat12,3,33111,4929,4929,0,r,1,0,6.71759,2,44,22076,11035,66.673,6598,26513,19.927,6,33105,0.018,20.887648,24.052353,27.537151,25.656864,21.287552,21.057793,21.667871,0.868424,0.758526,0.814115,0.981214,0.99192,0.963992,0,2.20252e-08,2.69416e-09,1.86354e-10,1.1535e-11,1.1535e-11,1.1535e-11,13.893696,1.50339,8.99509e-06,76.8389
lp_dfl001,3,35632,6071,12230,0,r,1,0,5.869214,2,228,90,35542,0.253,6,35626,0.017,0,35632,0.0,27.185184,32.638016,29.472383,28.402431,27.353439,27.172384,28.140064,0.83293,0.922395,0.957143,0.993849,1.000471,0.966067,0,2.65064e-08,7.17024e-10,3.28804e-11,0.0,0.0,0.0,17.669537,1.538534,7.73113e-06,114.029
tsopf_fs_b162_c1,5,608540,10798,10798,1,r,1,0,56.356733,1,5054,515525,93015,84.715,576364,32176,94.713,343918,264622,56.515,285.690338,312.145935,319.899261,321.302399,305.547028,299.696442,303.413971,0.915246,0.893063,0.889163,0.935013,0.953266,0.941586,0,4.59145e-08,2.49644e-12,2.4474e-11,6.08287e-11,6.08287e-11,6.08287e-11,160.310974,1.782101,7.99642e-06,286.779
lf10000_m,5,99982,19998,19998,1,r,1,0,4.9996,3,5,99982,0,100.0,69990,29992,70.003,49994,49988,50.003,81.175903,86.592163,89.137756,103.826691,84.78611,83.609795,104.782845,0.937451,0.910679,0.78184,0.95742,0.97089,0.774706,0,4.49369e-08,4.49369e-08,3.4563e-14,2.13218e-14,2.13218e-14,2.13218e-14,47.313313,1.71571,6.22086e-06,79.5543
bcsstm38,3,10485,8032,8032,1,r,1,2833,1.305403,0,20,10483,2,99.981,8698,1787,82.957,10252,233,97.778,8.15712,9.635008,10.60576,9.753504,8.014272,7.804352,10.051744,0.846613,0.769122,0.836327,1.017824,1.045201,0.811513,0,3.20124e-08,1.80582e-10,7.95616e-12,3.20124e-08,3.20124e-08,3.20124e-08,7.619488,1.07056,4.32602e-06,42.747
coupled,3,98523,11341,11341,0,r,1,0,8.687329,1,3090,91598,6925,92.971,53267,45256,54.066,115,98408,0.117,120.009117,124.903778,146.524643,143.352036,128.983109,119.868896,129.634399,0.960813,0.819037,0.837164,0.930425,1.00117,0.925751,0,5.97643e-08,6.25291e-09,1.75738e-10,3.08241e-10,3.08241e-10,3.08241e-10,61.066017,1.965236,2.31528e-05,979.911
t2d_q9_a_28,3,87025,9801,9801,0,r,1,0,8.879196,4,9,10943,76082,12.575,17659,69366,20.292,17811,69214,20.467,89.161949,89.642174,96.6231,97.009598,91.690849,90.056831,94.043648,0.994643,0.922781,0.919104,0.972419,0.990063,0.948091,0,4.50833e-08,2.47727e-10,4.53627e-10,1.17319e-09,1.17319e-09,1.17319e-09,46.860096,1.902727,8.03144e-06,90.9616
eurqsa,2,46142,7245,7245,1,r,1,0,6.368806,3,37,10,46132,0.022,28610,17532,62.004,16592,29550,35.959,27.839457,30.946848,29.235231,34.207039,29.071808,29.073856,30.488512,0.899589,0.952257,0.813852,0.95761,0.957543,0.913113,0,4.64201e-08,1.34079e-15,3.21946e-10,2.72867e-10,2.72867e-10,2.72867e-10,19.382689,1.436305,7.78021e-06,46.37
lpi_refinery,1,1626,323,464,0,r,1,0,5.034056,1,14,532,1094,32.718,1263,363,77.675,1034,592,63.592,3.447296,3.535552,3.63904,3.587616,3.637408,3.628576,3.826144,0.975038,0.947309,0.960888,0.947734,0.950041,0.900984,0,3.01258e-08,3.18162e-11,1.53012e-10,5.39377e-09,5.39377e-09,5.39377e-09,3.552448,0.9704,5.87636e-06,33.1769
indianpines_10nn,3,124656,9144,9144,1,r,1,0,13.632546,10,63,124656,0,100.0,0,124656,0.0,0,124656,0.0,90.639549,99.555199,102.879234,93.1464,92.906723,90.200256,93.018944,0.910445,0.881029,0.973087,0.975597,1.00487,0.97442,0,4.33441e-08,4.33441e-08,0.0,0.0,0.0,0.0,49.918465,1.815752,8.21766e-06,90.3287
psmigr_3,3,543162,3140,3140,0,r,1,0,172.981529,4,2294,543162,0,100.0,276710,266452,50.944,0,543162,0.0,135.96521,148.228867,150.569595,144.642593,136.082367,134.408646,136.134842,0.917265,0.903006,0.940008,0.999139,1.011581,0.998754,0,3.69456e-08,3.69456e-08,1.5532e-10,0.0,0.0,0.0,94.562912,1.437828,1.09315e-05,995.472
tsopf_fs_b300_c1,3,4400122,29214,29214,1,r,1,0,150.616896,1,13942,3833963,566159,87.133,3915726,484396,88.991,2411776,1988346,54.812,1207.467285,1188.335083,1201.405151,1236.55542,1161.878418,1155.921753,1163.848999,1.0161,1.005046,0.976476,1.039237,1.044593,1.037478,0,4.52807e-08,6.64688e-13,4.1141e-12,7.79332e-09,7.79332e-09,7.79332e-09,714.812744,1.689208,7.17872e-06,1742.83
lpi_qual,2,1646,323,464,0,r,1,0,5.095975,1,14,536,1110,32.564,1252,394,76.063,951,695,57.776,3.304928,3.543648,4.427936,3.566656,3.529152,3.55664,3.762112,0.932634,0.746381,0.926618,0.936465,0.929228,0.878477,0,4.96294e-08,1.86066e-11,6.6502e-11,5.36763e-09,5.36763e-09,5.36763e-09,3.677664,0.898649,8.66992e-06,43.3303
crystk03,3,1751178,24696,24696,1,r,1,0,70.909378,24,81,1751178,0,100.0,705180,1045998,40.269,0,1751178,0.0,692.8974,795.098083,811.797485,759.896484,706.875732,690.074585,709.753662,0.871462,0.853535,0.911831,0.980225,1.004091,0.976251,0,4.40553e-08,4.40553e-08,3.95625e-10,0.0,0.0,0.0,394.506073,1.756367,9.90667e-06,695.643
ch,3,24102,3700,8291,0,r,1,0,6.514054,1,75,6421,17681,26.641,2916,21186,12.099,18,24084,0.075,16.035744,18.108128,18.750816,17.036127,16.110592,16.08592,16.456097,0.885555,0.855202,0.941279,0.995354,0.996881,0.974456,0,8.6853e-08,1.31895e-09,2.41346e-10,7.30095e-11,7.30095e-11,7.30095e-11,11.295136,1.419703,6.50325e-06,58.0428
s3rmt3m3,5,207695,5357,5357,1,r,1,0,38.770767,7,48,123672,84023,59.545,164596,43099,79.249,104100,103595,50.122,128.599899,144.088669,139.780518,141.670181,138.988998,137.385666,137.838074,0.892505,0.920013,0.907741,0.925252,0.93605,0.932978,0,4.43493e-08,2.36874e-11,2.01087e-10,1.46534e-10,1.46534e-10,1.46534e-10,72.328865,1.777989,8.91224e-06,122.366
std1_jac3_db,3,531826,21982,21982,0,r,1,0,24.193704,1,211,415697,116129,78.164,525154,6672,98.745,389291,142535,73.199,493.839508,538.019958,533.549744,558.15686,539.84729,532.164124,538.562866,0.917883,0.925574,0.884768,0.914776,0.927983,0.916958,0,8.14278e-09,2.20834e-14,3.72535e-13,6.35329e-11,6.35329e-11,6.35329e-11,260.710571,1.894206,8.10678e-06,562.278
curlcurl_0,5,113343,11083,11083,1,r,1,0,10.226744,4,13,0,113343,0.0,7856,105487,6.931,0,113343,0.0,100.898178,105.021378,105.008957,117.846306,102.087967,100.3759,105.198212,0.960739,0.960853,0.856184,0.988345,1.005203,0.959124,0,4.03246e-08,0.0,2.66598e-10,0.0,0.0,0.0,52.147327,1.934868,7.49269e-06,96.1601
oscil_dcop_11,1,1544,430,430,0,r,1,0,3.590698,1,13,662,882,42.876,1386,158,89.767,1288,256,83.42,2.6208,3.057504,4.082208,3.041056,3.059712,3.086784,3.175968,0.85717,0.642005,0.861806,0.856551,0.849039,0.825197,0,1.88771e-08,7.20309e-14,2.46326e-10,3.9627e-10,3.9627e-10,3.9627e-10,2.611616,1.003517,3.64046e-06,40.7299
t2d_q9,3,87025,9801,9801,0,r,1,0,8.879196,4,9,77224,9801,88.738,0,87025,0.0,0,87025,0.0,89.175423,89.642975,105.234528,92.572098,90.183456,88.66803,92.98851,0.994784,0.847397,0.963308,0.988822,1.005722,0.958994,0,4.56496e-08,1.50424e-08,0.0,0.0,0.0,0.0,46.049343,1.936519,8.23167e-06,98.3636
lp_cre_b,3,260785,9648,77137,0,r,1,2408,27.029954,0,844,52,260733,0.02,0,260785,0.0,4,260781,0.002,216.753113,225.102341,224.778275,223.977249,179.411163,177.801849,221.124069,0.962909,0.964297,0.967746,1.208136,1.219071,0.980233,0,3.76072e-08,5.9919e-11,0.0,3.55719e-11,3.55719e-11,3.55719e-11,110.44371,1.962566,9.44864e-06,354.221
rdist2,3,56934,3198,3198,0,r,1,0,17.803002,1,61,52928,4006,92.964,37155,19779,65.26,19316,37618,33.927,63.141792,69.000801,72.678337,75.617088,65.026909,64.719933,66.317284,0.915088,0.868784,0.83502,0.97101,0.975616,0.952117,0,8.06383e-08,4.95422e-09,1.85132e-10,8.80242e-10,8.80242e-10,8.80242e-10,33.852928,1.86518,1.10031e-05,96.9986
nemeth17,3,629620,9506,9506,1,r,1,0,66.233958,29,74,629620,0,100.0,433336,196284,68.825,0,629620,0.0,267.398529,311.70224,318.513,302.475037,272.561249,266.787811,275.673767,0.857865,0.839522,0.884035,0.981058,1.002289,0.969982,0,4.53849e-08,4.53849e-08,2.77815e-10,0.0,0.0,0.0,147.705185,1.810353,9.54818e-06,287.255
t2d_q4_a_38,3,87025,9801,9801,0,r,1,0,8.879196,4,9,214,86811,0.246,42599,44426,48.95,44166,42859,50.751,89.187805,89.75798,93.682304,100.587234,91.939133,90.006332,94.496353,0.993648,0.952024,0.886671,0.970074,0.990906,0.943823,0,3.83758e-08,2.91615e-14,2.03693e-10,5.29436e-10,5.29436e-10,5.29436e-10,45.551105,1.957972,7.51311e-06,96.8542
case9_a_08,5,147972,14454,14454,1,r,1,0,10.237443,1,7210,104383,43589,70.542,147954,18,99.988,147880,92,99.938,133.933823,143.351196,155.579239,148.137955,147.141281,143.56163,149.017471,0.934306,0.860872,0.904116,0.91024,0.932936,0.898779,0,4.93427e-08,6.48557e-15,2.54489e-13,8.6798e-13,8.6798e-13,8.6798e-13,71.101089,1.88371,5.27366e-06,90.562
lp_tuff,3,4561,333,628,0,r,1,31,13.696697,0,113,1357,3204,29.752,2869,1692,62.903,2499,2062,54.791,5.484768,6.099104,7.216992,6.542304,5.555168,5.541344,6.501568,0.899274,0.75998,0.838354,0.987327,0.98979,0.843607,0,2.75244e-08,5.41474e-11,1.41329e-10,9.48107e-10,9.48107e-10,9.48107e-10,4.687168,1.170167,8.41251e-06,51.5668
deter5,3,29715,5103,14529,0,r,1,0,5.823045,2,30,10615,19100,35.723,0,29715,0.0,0,29715,0.0,24.589952,30.223969,30.332224,25.783136,24.837055,24.698303,25.497408,0.813591,0.810687,0.953722,0.990051,0.995613,0.96441,0,3.54899e-08,2.41761e-08,0.0,0.0,0.0,0.0,16.540352,1.486664,7.66115e-06,82.1508
rdb450l,3,2580,450,450,0,r,1,0,5.733333,4,6,225,2355,8.721,0,2580,0.0,0,2580,0.0,3.639392,3.80624,4.805664,3.600032,3.694464,3.591168,3.90624,0.956165,0.757313,1.010933,0.985093,1.013428,0.931687,0,4.69817e-08,8.66418e-10,0.0,0.0,0.0,0.0,3.713472,0.980051,6.62312e-06,38.4036
t2d_q9_a_36,3,87025,9801,9801,0,r,1,0,8.879196,4,9,2563,84462,2.945,23394,63631,26.882,23796,63229,27.344,89.152542,89.641792,94.643356,97.896835,92.315712,90.313148,94.203903,0.994542,0.941984,0.910678,0.965735,0.987149,0.946378,0,4.08326e-08,2.29453e-11,3.677e-10,9.56874e-10,9.56874e-10,9.56874e-10,46.59296,1.913434,7.83704e-06,95.5654
raefsky5,3,168658,6316,6316,0,r,1,0,26.703293,1,72,155372,13286,92.123,163861,4797,97.156,154270,14388,91.469,140.295364,155.520416,161.346817,160.641479,155.868607,154.215714,157.563461,0.902103,0.869527,0.873345,0.900087,0.909735,0.890405,0,3.42761e-08,1.04336e-16,2.13869e-12,9.05906e-11,9.05906e-11,9.05906e-11,75.335327,1.862279,4.7322e-06,180.572
zeros_nopss_13k,3,48827,13296,13296,0,r,1,0,3.672307,1,32,6878,41949,14.086,48823,4,99.992,48827,0,100.0,25.323872,30.746752,31.157791,31.962208,30.934624,30.704576,31.523071,0.823628,0.812762,0.792307,0.818625,0.824759,0.803344,0,2.5797e-08,6.0325899999999995e-27,3.39738e-23,2.5797e-08,2.5797e-08,2.5797e-08,18.721344,1.352674,3.77391e-06,82.2407
t3dl_a,5,509866,20360,20360,1,r,1,0,25.042534,8,27,509866,0,100.0,411614,98252,80.73,381920,127946,74.906,414.986816,438.698853,452.813934,474.686066,436.380951,427.914246,436.166656,0.945949,0.916462,0.874234,0.950974,0.96979,0.951441,0,4.86092e-08,4.86092e-08,8.33212e-11,9.49024e-11,9.49024e-11,9.49024e-11,204.82518,2.026054,9.38177e-06,209.065
t2d_q9_a_14,3,87025,9801,9801,0,r,1,0,8.879196,4,9,31286,55739,35.951,5390,81635,6.194,3972,83053,4.564,89.145058,89.642334,100.775871,94.358978,90.530243,89.287811,93.371201,0.994453,0.884587,0.944744,0.984699,0.998401,0.954738,0,4.49229e-08,1.3331e-09,3.15373e-10,7.74434e-10,7.74434e-10,7.74434e-10,45.99136,1.9383,8.82265e-06,98.844
bcsstk38,3,355460,8032,8032,1,r,1,0,44.255478,2,614,33012,322448,9.287,250881,104579,70.579,79600,275860,22.394,196.707581,225.005402,210.844101,223.625122,205.961151,203.664703,206.050461,0.874235,0.932953,0.879631,0.955071,0.96584,0.954657,0,1.19156e-07,4.24471e-14,5.92891e-12,2.46867e-12,2.46852e-12,2.4685e-12,110.120674,1.786291,3.46643e-06,250.406
t3dl_b,3,120,20360,1,0,r,1,20240,0.005894,0,1,120,0,100.0,0,120,0.0,120,0,100.0,9.981664,10.1064,11.11008,11.08912,2.625664,2.297664,10.7896,0.987658,0.898433,0.900131,3.801577,4.344266,0.925119,0,3.56299e-08,3.56299e-08,0.0,3.56299e-08,3.56299e-08,3.56299e-08,9.097792,1.097152,5.77031e-06,44.4731
hydr1c_a_37,3,19495,5308,5308,0,r,1,0,3.672758,1,12,7303,12192,37.461,18212,1283,93.419,18067,1428,92.675,12.073856,14.939552,17.448223,15.832928,14.477824,14.347072,15.876064,0.808181,0.691982,0.762579,0.833955,0.841555,0.760507,0,5.28359e-08,1.20938e-13,6.7983e-11,4.09559e-10,4.09559e-10,4.09559e-10,10.179808,1.186059,7.81546e-06,64.3271
delf_a_28,3,15602,3177,6652,0,r,1,0,4.910922,2,21,6511,9091,41.732,13466,2136,86.309,9687,5915,62.088,13.76768,15.466496,18.139872,17.526049,14.443552,14.395648,16.658144,0.890162,0.758973,0.785555,0.953206,0.956378,0.826483,0,4.09612e-08,3.0418e-11,1.01723e-10,3.78779e-09,3.78779e-09,3.78779e-09,10.110304,1.361747,9.86796e-06,63.114
epb2,3,175027,25228,25228,0,r,1,0,6.937807,3,87,169747,5280,96.983,48885,126142,27.93,0,175027,0.0,106.107422,114.587395,130.253632,135.681625,107.159935,105.669571,108.497185,0.925996,0.814622,0.782032,0.990178,1.004144,0.977974,0,4.52588e-08,3.12593e-08,4.21157e-10,0.0,0.0,0.0,64.312096,1.649883,7.40423e-06,166.763
tsopf_fs_b39_c7_b,2,28215,28216,1,0,r,1,1,0.999965,0,1,28108,107,99.621,28086,129,99.543,28215,0,100.0,18.291008,19.412928,20.880512,20.850977,19.992704,20.273312,20.678368,0.942208,0.875985,0.877225,0.914884,0.902221,0.884548,0,6.19329e-08,3.11167e-11,1.27004e-11,6.19329e-08,6.19329e-08,6.19329e-08,16.194559,1.129454,3.65695e-06,61.4391
scsd8-2r_a_04,2,7170,330,2310,0,r,1,0,21.727273,10,24,5200,1970,72.524,0,7170,0.0,0,7170,0.0,8.436,8.970592,10.453632,8.692992,8.498304,8.498976,8.577952,0.940406,0.806992,0.970437,0.992669,0.99259,0.983451,0,3.60284e-08,3.11936e-08,0.0,0.0,0.0,0.0,5.9424,1.419628,8.21866e-06,40.7218
t2d_q9_a_40,3,87025,9801,9801,0,r,1,0,8.879196,4,9,369,86656,0.424,38536,48489,44.282,40062,46963,46.035,89.122627,89.676254,92.632446,100.360611,92.642845,90.616447,94.411362,0.993826,0.96211,0.888024,0.962002,0.983515,0.943982,0,4.37284e-08,3.43101e-13,2.31552e-10,6.32626e-10,6.32626e-10,6.32626e-10,46.748127,1.906443,8.04468e-06,92.6571
hydr1c_a_57,3,23555,5308,5308,0,r,1,0,4.437641,1,14,17820,5735,75.653,21805,1750,92.571,21551,2004,91.492,22.887072,27.060385,27.837601,27.743999,26.417473,26.391647,27.818304,0.845778,0.822164,0.824938,0.866361,0.867209,0.822734,0,4.09048e-08,3.02884e-12,7.22522e-11,1.1543e-09,1.1543e-09,1.1543e-09,17.603264,1.300161,7.12719e-06,66.9193
t2d_q9_a_18,3,87025,9801,9801,0,r,1,0,8.879196,4,9,31261,55764,35.922,1853,85172,2.129,895,86130,1.028,89.138237,89.597984,100.720322,93.316643,90.117088,88.765953,93.091522,0.994869,0.885007,0.955223,0.989138,1.004194,0.957533,0,4.38791e-08,1.97737e-09,2.70032e-10,5.57691e-10,5.57691e-10,5.57691e-10,45.994015,1.93804,7.88769e-06,94.1536
oscil_dcop_03,3,1544,430,430,0,r,1,0,3.590698,1,13,626,918,40.544,1386,158,89.767,1288,256,83.42,2.627424,3.080896,3.186176,3.339104,3.089952,3.045984,3.18224,0.852812,0.824632,0.786865,0.850312,0.862586,0.825652,0,7.04367e-08,8.7222e-14,2.59369e-10,3.80198e-10,3.80198e-10,3.80198e-10,3.620096,0.725788,2.48574e-06,40.3704
lhr04,3,82682,4101,4101,0,r,1,0,20.161424,1,63,78426,4256,94.853,43427,39255,52.523,9799,72883,11.851,91.622467,99.62336,107.471298,101.328514,93.409599,92.576286,95.38726,0.919689,0.85253,0.904212,0.980868,0.989697,0.960531,0,3.73202e-08,3.108e-08,4.88088e-10,9.23913e-09,9.23913e-09,9.23913e-09,46.076927,1.988467,7.67287e-06,125.519
nl,3,47035,7039,15325,0,r,1,0,6.682057,1,150,13650,33385,29.021,7418,39617,15.771,10,47025,0.021,28.498272,32.34259,33.245152,30.964352,28.541792,28.495457,29.463936,0.881138,0.857216,0.920357,0.998475,1.000099,0.967226,0,4.04596e-08,1.38347e-09,1.28064e-10,7.2603e-09,7.2603e-09,7.2603e-09,18.951073,1.503781,7.60405e-06,75.8136
t2d_q4_a_35,3,87025,9801,9801,0,r,1,0,8.879196,4,9,2563,84462,2.945,23396,63629,26.884,23796,63229,27.344,89.270142,89.613983,94.78096,97.854912,92.32032,90.324959,94.188576,0.996163,0.941857,0.91227,0.966961,0.988322,0.947781,0,4.47431e-08,2.6852e-11,4.10977e-10,1.03826e-09,1.03826e-09,1.03826e-09,45.601791,1.957602,7.37976e-06,95.2392
bcsstk18,3,149090,11948,11948,1,r,1,0,12.478239,1,49,19016,130074,12.755,117720,31370,78.959,64593,84497,43.325,122.007874,137.462814,136.490051,146.642654,132.445923,128.624222,141.134491,0.88757,0.893896,0.832008,0.92119,0.948561,0.864479,0,4.82905e-08,1.53484e-14,1.13919e-10,1.4699e-09,1.4699e-09,1.4699e-09,66.032829,1.847685,8.45346e-06,130.575
sherman3,3,20033,5005,5005,0,r,1,0,4.002597,1,7,2549,17484,12.724,14051,5982,70.139,10273,9760,51.28,19.127199,21.072927,23.266432,24.357857,20.549215,20.459871,22.4104,0.907667,0.822094,0.785258,0.930799,0.934864,0.853497,0,3.88475e-08,2.80337e-14,9.89733e-11,1.86522e-10,1.86522e-10,1.86522e-10,13.821952,1.383828,4.7353e-06,49.8619
hydr1c_a_29,3,23541,5308,5308,0,r,1,0,4.435004,1,14,18210,5331,77.354,21791,1750,92.566,21537,2004,91.487,22.884832,27.11648,27.226273,27.715649,26.375456,26.287008,27.791136,0.843946,0.840542,0.825701,0.867656,0.870576,0.823458,0,4.67149e-08,5.26371e-12,7.9453e-11,1.02253e-09,1.02253e-09,1.02253e-09,15.65888,1.46146,7.1086e-06,65.1754
ted_b,5,144579,10605,10605,1,r,1,0,13.633098,1,49,140337,4242,97.066,138721,5858,95.948,144579,0,100.0,106.434883,116.968513,119.016159,120.554176,120.645859,117.16317,120.187584,0.909945,0.894289,0.88288,0.882209,0.908433,0.885573,0,2.64521e-08,1.01775e-10,4.41678e-11,2.64521e-08,2.64521e-08,2.64521e-08,58.283424,1.82616,3.60246e-06,108.41
usair97,3,4252,332,332,1,r,1,0,12.807229,1,139,4252,0,100.0,190,4062,4.468,119,4133,2.799,5.48656,6.404448,7.323648,5.965664,5.660288,5.609824,5.936,0.85668,0.749157,0.91969,0.969308,0.978027,0.924286,0,5.77451e-08,5.77451e-08,6.49858e-10,1.94973e-09,1.94973e-09,1.94973e-09,4.586464,1.196251,9.01564e-06,42.8159
tsopf_rs_b162_c4,3,812749,20374,20374,0,r,1,0,39.891479,3,77,750541,62208,92.346,750006,62743,92.28,7600,805149,0.935,500.955719,551.773621,574.035217,573.124451,504.442719,495.226898,507.637573,0.907901,0.872692,0.874078,0.993087,1.011568,0.986837,0,4.23893e-08,1.52093e-10,5.88395e-12,6.94843e-11,6.94843e-11,6.94843e-11,269.522614,1.858678,6.40771e-06,677.679
c-33,2,56123,6317,6317,1,r,1,0,8.884439,2,986,32812,23311,58.464,27958,28165,49.816,7347,48776,13.091,56.659008,63.638527,69.603645,69.278717,58.258144,58.394497,61.241695,0.890326,0.814024,0.817841,0.972551,0.97028,0.92517,0,2.7009e-08,5.8949e-11,4.09478e-11,2.79473e-11,2.79473e-11,2.79473e-11,32.609535,1.737498,3.06707e-05,61.4183
ex12,5,80211,3973,3973,1,r,1,0,20.189026,7,37,54292,25919,67.686,43870,36341,54.693,19788,60423,24.67,79.577698,86.66346,93.909599,93.891426,81.069344,81.955582,85.753952,0.918238,0.847386,0.84755,0.9816,0.970986,0.927977,0,4.41246e-08,1.51511e-09,2.95132e-10,1.38996e-10,1.38996e-10,1.38996e-10,41.90749,1.89889,8.39253e-06,81.0425
ill_stokes,3,191368,20896,20896,0,r,1,0,9.158116,3,12,178876,12492,93.472,112659,78709,58.87,44874,146494,23.449,187.767487,199.451294,227.633255,232.42157,194.148605,189.350266,200.892227,0.94142,0.824868,0.807875,0.967133,0.991641,0.934668,0,4.50471e-08,2.19181e-08,5.31519e-10,4.67467e-10,4.67467e-10,4.67467e-10,99.416832,1.888689,7.78753e-06,194.442
c-47,3,211401,15343,15343,1,r,1,0,13.778335,2,2133,159793,51608,75.588,135661,75740,64.172,15646,195755,7.401,161.996796,174.361954,192.881317,192.059357,170.663559,166.860001,171.436798,0.929083,0.839878,0.843473,0.949217,0.970855,0.944936,0,1.79792e-09,3.11666e-11,1.01907e-11,1.77304e-11,1.77304e-11,1.77304e-11,89.298531,1.814104,4.72058e-07,190.164
scfxm1-2b_a_1,3,4164,684,1179,0,r,1,0,6.087719,1,57,1562,2602,37.512,1003,3161,24.087,353,3811,8.477,5.218496,5.971424,6.81456,5.780352,5.522272,5.35264,5.585984,0.873911,0.765786,0.902799,0.944991,0.974939,0.934212,0,2.25817e-08,1.06032e-09,2.16389e-10,5.50755e-10,5.50755e-10,5.50755e-10,3.981696,1.310621,8.85563e-06,43.1711
mhd4800b,2,27520,4800,4800,1,r,1,0,5.733333,1,10,27507,13,99.953,17219,10301,62.569,11992,15528,43.576,19.71456,22.583809,24.214209,25.898111,22.750431,22.777344,26.693279,0.872951,0.814173,0.761235,0.866558,0.865534,0.738559,0,3.27823e-08,2.60679e-08,8.44991e-11,1.54819e-08,1.54819e-08,1.54819e-08,13.828352,1.425662,4.1169e-06,46.2695
lowthrust_9,5,219589,18044,18044,1,r,1,0,12.169641,2,7016,162358,57231,73.937,132039,87550,60.13,30034,189555,13.677,170.796478,191.075043,206.56723,206.213821,177.325699,172.613892,184.843781,0.893871,0.826832,0.828249,0.96318,0.989471,0.924004,0,4.32895e-08,4.43613e-09,2.57733e-10,4.50467e-09,4.50467e-09,4.50467e-09,93.929024,1.818357,1.22083e-05,117.186
crystk01,3,315891,4875,4875,1,r,1,0,64.798154,24,81,315891,0,100.0,127358,188533,40.317,0,315891,0.0,135.811844,155.835495,158.908478,146.88205,138.833344,135.38237,139.087326,0.871508,0.854654,0.924632,0.978236,1.003172,0.97645,0,4.69676e-08,4.69676e-08,4.57564e-10,0.0,0.0,0.0,77.822365,1.745152,9.78803e-06,171.712
case9_b1_09,2,14453,14454,1,0,r,1,1,0.999931,0,1,14425,28,99.806,14435,18,99.875,14453,0,100.0,10.324352,10.96976,12.530976,11.671584,11.259584,11.389632,11.661824,0.941165,0.823906,0.884572,0.916939,0.906469,0.885312,0,1.17443e-08,1.38233e-13,5.75746e-13,1.17443e-08,1.17443e-08,1.17443e-08,9.612128,1.074096,4.56471e-06,60.3939
c-25,3,49635,3797,3797,1,r,1,0,13.072162,2,600,24323,25312,49.004,19366,30269,39.017,2708,46927,5.456,37.690334,43.57037,46.802273,46.279457,38.864834,38.360737,40.752609,0.865045,0.80531,0.814407,0.96978,0.982524,0.924857,0,7.1395e-08,3.75225e-10,1.86466e-10,1.36659e-10,1.36659e-10,1.36659e-10,22.44416,1.679294,8.85525e-06,111.016
large_a_24,3,19912,4302,8624,0,r,1,0,4.628545,2,21,7440,12472,37.364,17279,2633,86.777,12970,6942,65.137,17.727936,20.078655,22.876287,22.678207,18.983232,18.829376,21.192833,0.882924,0.774948,0.781717,0.933873,0.941504,0.836506,0,4.93499e-08,2.24944e-11,1.29926e-10,1.9168e-08,1.9168e-08,1.9168e-08,12.717248,1.394007,8.33027e-06,64.3434
cavity17,3,138187,4562,4562,0,r,1,0,30.290881,1,62,129008,9179,93.358,69877,68310,50.567,21903,116284,15.85,103.701088,116.070465,123.592545,115.472733,106.587074,105.61731,108.115265,0.893432,0.839056,0.898057,0.972924,0.981857,0.959172,0,4.76875e-08,1.03145e-08,4.69038e-10,1.34345e-09,1.34345e-09,1.34345e-09,56.930782,1.821529,9.09977e-06,180.848
scrs8-2r_a_05,2,3719,924,1771,0,r,1,0,4.024892,1,15,1035,2684,27.83,390,3329,10.487,12,3707,0.323,5.526272,6.145216,7.04352,6.237472,5.532928,5.57584,5.664,0.89928,0.78459,0.885979,0.998797,0.99111,0.975684,0,3.85728e-08,3.22318e-09,3.9808e-10,4.23944e-10,4.23944e-10,4.23944e-10,5.043136,1.095801,6.91815e-06,36.0861
lp_stair,3,4003,356,614,0,r,1,0,11.244382,2,36,2905,1098,72.571,1897,2106,47.389,471,3532,11.766,5.417824,5.987904,6.232832,5.936032,5.553408,5.462368,5.975232,0.904795,0.86924,0.912701,0.975585,0.991845,0.906714,0,3.08858e-08,7.69388e-09,5.01444e-10,2.04301e-09,2.04301e-09,2.04301e-09,4.672032,1.159629,8.24345e-06,39.4867
freeflyingrobot_7,2,31046,3918,3918,1,r,1,0,7.923941,1,785,14441,16605,46.515,30030,1016,96.727,30086,960,96.908,23.121408,27.927711,29.29344,29.038912,27.587168,27.697023,28.507008,0.827902,0.789303,0.796222,0.838122,0.834798,0.811078,0,3.02027e-08,1.4394e-14,7.22414e-12,3.94209e-09,3.94209e-09,3.94209e-09,16.668833,1.387104,3.66164e-06,121.465
oscil_dcop_32,1,1544,430,430,0,r,1,0,3.590698,1,13,662,882,42.876,1386,158,89.767,1288,256,83.42,2.7096,3.036576,3.161824,3.047648,3.079744,4.292864,3.222848,0.892321,0.856974,0.889079,0.879813,0.631187,0.840747,0,2.1572e-08,6.17423e-14,2.58678e-10,3.30991e-10,3.30991e-10,3.30991e-10,3.58384,0.756061,6.07407e-06,37.0276
lpi_reactor,3,2591,318,808,0,r,1,0,8.147799,2,66,54,2537,2.084,2483,108,95.832,2591,0,100.0,4.977888,5.442208,6.187104,5.755712,5.529728,5.435424,5.570816,0.914682,0.804559,0.864861,0.900205,0.915823,0.893565,0,4.04145e-08,4.38771e-15,8.86206e-12,4.04145e-08,4.04145e-08,4.04145e-08,3.518336,1.414842,4.6719e-06,41.6935
nemswrld,3,192283,7138,28550,0,r,1,491,26.937938,0,628,119192,73091,61.988,57306,134977,29.803,4717,187566,2.453,157.760345,175.142593,186.276825,170.483841,152.104568,150.064255,161.750595,0.900754,0.846913,0.925368,1.037183,1.051285,0.975331,0,3.63039e-08,2.50201e-09,1.65954e-10,1.70287e-10,1.70287e-10,1.70287e-10,82.463455,1.913094,1.06894e-05,347.902
scrs8-2r_a_09,3,29255,7196,13867,0,r,1,0,4.065453,1,15,8203,21052,28.04,3078,26177,10.521,12,29243,0.041,27.942207,31.553152,35.71347,31.873823,27.989985,27.964352,28.99584,0.88556,0.7824,0.876651,0.998293,0.999208,0.963663,0,3.93431e-08,2.67192e-09,3.60597e-10,1.12079e-10,1.12079e-10,1.12079e-10,19.454241,1.436304,7.2527e-06,68.5945
case9_a_06,5,147972,14454,14454,1,r,1,0,10.237443,1,7210,104096,43876,70.348,147940,32,99.978,147872,100,99.932,133.881699,143.27977,155.731201,148.064545,146.955902,143.489349,148.96019,0.934408,0.859697,0.904212,0.911033,0.933043,0.898775,0,7.43257e-08,1.34769e-14,4.85164e-14,3.29679e-13,3.29679e-13,3.29679e-13,71.086304,1.883368,2.50203e-06,82.3955
stat96v4,4,491336,3173,63076,0,r,1,0,154.849039,2,41473,490468,868,99.823,120192,371144,24.462,103683,387653,21.102,210.43306,237.597916,245.004227,248.564255,247.592545,254.749054,244.634521,0.885669,0.858896,0.846594,0.849917,0.826041,0.860194,0,4.90147e-08,4.20746e-08,4.48411e-10,2.47079e-08,2.47079e-08,2.47079e-08,139.566238,1.507765,2.79538e-05,5487.11
lowthrust_8,5,216445,17702,17702,1,r,1,0,12.227149,2,6883,159209,57236,73.556,129489,86956,59.825,29493,186952,13.626,167.425888,188.040314,201.863327,202.221054,174.395966,169.639481,181.575546,0.890372,0.829402,0.827935,0.960033,0.986951,0.922073,0,4.35878e-08,4.45359e-09,2.45359e-10,3.83127e-09,3.83127e-09,3.83127e-09,92.644127,1.807194,7.99622e-06,116.048
hydr1c_a_68,3,23557,5308,5308,0,r,1,0,4.438018,1,14,17954,5603,76.215,21807,1750,92.571,21553,2004,91.493,22.925823,27.038048,27.222912,27.783104,26.393696,26.336256,27.796928,0.84791,0.842152,0.825171,0.86861,0.870504,0.824761,0,4.63819e-08,3.84588e-12,8.12347e-11,9.80259e-10,9.80259e-10,9.80259e-10,15.75952,1.454729,7.52123e-06,61.1732
t2dal_a,2,37465,4257,4257,1,r,1,0,8.800799,4,9,35681,1784,95.238,29256,8209,78.089,28160,9305,75.163,36.933186,40.35133,43.731743,41.847874,39.156544,39.285248,40.608353,0.91529,0.84454,0.882558,0.943219,0.940129,0.909497,0,3.98551e-08,4.1133e-09,8.86164e-11,7.54445e-11,7.54445e-11,7.54445e-11,21.507904,1.717191,7.4017e-06,52.4419
mnist_test_norm_10nn,3,145600,10000,10000,1,r,1,0,14.56,10,41,145600,0,100.0,0,145600,0.0,0,145600,0.0,103.551361,114.704414,118.119072,105.524162,106.509056,102.973633,105.34227,0.902767,0.876669,0.981305,0.972231,1.00561,0.982999,0,4.55029e-08,4.55029e-08,0.0,0.0,0.0,0.0,59.799232,1.73165,8.39049e-06,110.157
circuit_3,3,48137,12127,12127,0,r,1,0,3.969407,1,2305,38210,9927,79.378,30432,17705,63.22,18656,29481,38.756,61.735905,75.536034,78.396194,78.770271,72.946404,63.689056,90.646652,0.817304,0.787486,0.783746,0.846319,0.969333,0.681061,0,2.1715e-08,5.92487e-09,1.94409e-10,4.19662e-09,4.19662e-09,4.19662e-09,47.385185,1.302852,5.30773e-06,300.903
viscoplastic1,2,61166,4326,4326,0,r,1,0,14.139159,7,37,47132,14034,77.056,42269,18897,69.105,38840,22326,63.499,39.268799,43.562881,44.754814,44.795265,41.653664,41.76429,43.102818,0.901428,0.877421,0.876628,0.942745,0.940248,0.911049,0,5.1798e-08,1.41966e-09,1.70652e-10,5.86527e-11,5.86527e-11,5.86527e-11,22.625471,1.735601,9.19964e-06,67.2662
t2d_q4_a_14,3,87025,9801,9801,0,r,1,0,8.879196,4,9,31286,55739,35.951,5390,81635,6.194,3972,83053,4.564,89.161377,89.557411,100.684639,94.3424,90.51152,89.167297,93.336128,0.995578,0.885551,0.945083,0.985083,0.999934,0.955272,0,4.4583e-08,1.34501e-09,3.06903e-10,8.1839e-10,8.1839e-10,8.1839e-10,45.968258,1.939629,8.83983e-06,95.7766
t2dal_b,3,124,4257,1,0,r,1,4133,0.029128,0,1,124,0,100.0,0,124,0.0,124,0,100.0,3.551808,4.296768,4.661792,3.738592,2.139008,2.110336,3.706368,0.826623,0.761898,0.950039,1.660493,1.683053,0.958299,0,3.27892e-08,3.27892e-08,0.0,3.27892e-08,3.27892e-08,3.27892e-08,4.18176,0.849357,3.59741e-06,35.2145
bips07_3078,2,75729,21128,21128,0,r,1,0,3.584296,1,27,11295,64434,14.915,75725,4,99.995,75729,0,100.0,48.869057,46.900578,55.815777,51.674049,46.89901,46.951233,48.293312,1.041971,0.875542,0.945718,1.042006,1.040847,1.011922,0,1.1827e-08,9.35115e-19,7.7848e-15,1.1827e-08,1.1827e-08,1.1827e-08,28.270432,1.728628,4.44572e-06,116.015
scrs8-2r_a_03,1,1895,476,907,0,r,1,0,3.981092,1,15,523,1372,27.599,198,1697,10.449,12,1883,0.633,3.112736,3.595072,4.771808,3.094528,3.144096,3.210688,3.186176,0.865834,0.652318,1.005884,0.990026,0.969492,0.97695,0,3.97082e-08,3.78305e-09,3.8682e-10,4.00066e-10,4.00066e-10,4.00066e-10,3.70304,0.840589,8.8349e-06,36.0164
windtunnel_evap2d,3,233468,8256,8256,0,r,1,0,28.278585,9,47,220950,12518,94.638,225872,7596,96.746,192576,40892,82.485,179.809631,193.877914,204.723648,204.789017,193.969315,190.604065,193.733536,0.927437,0.878304,0.878024,0.927,0.943367,0.928129,0,4.36532e-08,2.59472e-12,1.79113e-11,1.0981e-10,1.0981e-10,1.0981e-10,93.108162,1.931191,8.05875e-06,304.506
beacxc,3,50409,497,506,0,r,1,48,101.426559,0,489,50405,4,99.992,28409,22000,56.357,946,49463,1.877,15.574336,19.632511,20.181185,19.610304,15.341472,15.299968,16.144768,0.793293,0.771726,0.794191,1.015179,1.017933,0.964668,0,1.32318e-08,1.43533e-08,1.07878e-10,7.09981e-10,7.09981e-10,7.09981e-10,9.83392,1.583736,1.31163e-05,103.221
oscil_dcop_19,1,1544,430,430,0,r,1,0,3.590698,1,13,654,890,42.358,1386,158,89.767,1288,256,83.42,3.255456,3.05216,3.73376,3.063264,3.078976,3.127136,3.39024,1.066607,0.871897,1.062741,1.057318,1.041034,0.960244,0,3.72713e-08,7.1607e-14,1.77889e-10,2.73683e-10,2.73683e-10,2.73683e-10,3.540288,0.919546,6.66389e-06,32.798
bfwb398,3,2910,398,398,1,r,1,0,7.311558,2,13,2910,0,100.0,250,2660,8.591,0,2910,0.0,3.539776,3.96288,4.182368,3.783616,3.69904,3.559104,3.598016,0.893233,0.846357,0.935554,0.956945,0.994569,0.983813,0,4.07807e-08,4.07807e-08,3.30678e-10,0.0,0.0,0.0,3.587584,0.986674,6.83252e-06,35.7852
xingo3012_c,4,10,2,20944,0,r,1,0,5.0,5,5,5,5,50.0,3,7,30.0,0,10,0.0,2.135328,2.154464,4.67088,2.390688,2.124192,2.130752,2.11872,0.991118,0.457158,0.893186,1.005242,1.002148,1.007839,0,2.1141e-08,3.07584e-09,6.85461e-10,0.0,0.0,0.0,4.467584,0.47796,9.15262e-06,30.9532
bratu3d,5,173796,27792,27792,1,r,1,0,6.253454,1,7,3458,170338,1.99,0,173796,0.0,284,173512,0.163,114.156258,119.411423,120.186722,115.349281,113.45459,111.755646,115.531326,0.955991,0.949824,0.989657,1.006185,1.021481,0.988098,0,4.43657e-08,4.44487e-10,0.0,1.26658e-10,1.26658e-10,1.26658e-10,67.573059,1.689375,7.38732e-06,104.307
oscil_dcop_16,1,1544,430,430,0,r,1,0,3.590698,1,13,662,882,42.876,1386,158,89.767,1288,256,83.42,2.614016,3.329696,3.15808,2.992512,3.092256,3.026688,3.170304,0.785061,0.827723,0.873519,0.845343,0.863656,0.824532,0,3.77457e-08,5.03982e-14,1.65944e-10,2.05301e-10,2.05301e-10,2.05301e-10,3.52624,0.741304,6.75691e-06,33.0105
t2d_q4_a_33,3,87025,9801,9801,0,r,1,0,8.879196,4,9,2565,84460,2.947,24630,62395,28.302,25239,61786,29.002,89.145149,89.584061,94.384956,98.223038,92.389374,90.497276,94.289917,0.995101,0.944485,0.907579,0.964885,0.985059,0.945437,0,4.88841e-08,2.00473e-11,3.44643e-10,9.11439e-10,9.11439e-10,9.11439e-10,47.02787,1.895581,8.08361e-06,91.8553
tsopf_fs_b9_c6,5,147972,14454,14454,1,r,1,0,10.237443,1,7210,93743,54229,63.352,93675,54297,63.306,25444,122528,17.195,133.793152,143.344666,154.518631,154.534439,136.866394,134.495132,141.58432,0.933367,0.865871,0.865782,0.977546,0.994781,0.944972,0,4.90952e-08,1.68618e-11,8.29012e-13,1.2658e-08,1.2658e-08,1.2658e-08,71.140099,1.8807,5.72669e-06,77.9638
soc-sign-bitcoin-otc_time,3,35592,5881,5881,0,r,1,1067,6.052032,0,763,0,35592,0.0,0,35592,0.0,1793,33799,5.038,29.396416,37.34845,31.382336,30.63776,26.191393,26.007521,34.476097,0.787085,0.936719,0.959483,1.122369,1.130304,0.852661,0,5.30297e-08,0.0,0.0,1.16526e-08,1.16526e-08,1.16526e-08,19.09264,1.539673,9.50573e-06,210.586
tsopf_rs_b9_c6_b,3,3613,7224,5,0,r,1,3613,0.500138,0,2,3613,0,100.0,1200,2413,33.213,3609,4,99.889,5.416384,5.641152,6.702688,6.86528,4.731712,4.667712,5.95744,0.960156,0.808091,0.788953,1.144699,1.160394,0.90918,0,2.85557e-08,2.85557e-08,1.4102e-11,1.84919e-08,1.84919e-08,1.84919e-08,6.249184,0.866735,4.12338e-06,36.5984
cage10,3,150645,11397,11397,0,r,1,0,13.217952,5,25,150645,0,100.0,0,150645,0.0,0,150645,0.0,110.716896,121.174561,125.028931,113.936516,112.88829,110.153473,113.949661,0.913698,0.88553,0.971742,0.980765,1.005115,0.97163,0,4.35265e-08,4.35265e-08,0.0,0.0,0.0,0.0,59.607552,1.857431,8.14235e-06,124.702
kineticbatchreactor_2,3,44840,4361,4361,1,r,1,0,10.282045,1,1166,33717,11123,75.194,44685,155,99.654,44840,0,100.0,39.192162,43.478752,49.262783,45.221951,43.372768,43.359039,44.470848,0.90141,0.795573,0.866662,0.903612,0.903898,0.8813,0,3.03847e-08,2.66439e-16,6.30787e-13,3.03847e-08,3.03847e-08,3.03847e-08,23.032576,1.701597,3.35088e-06,128.258
smt,3,3753184,25710,25710,1,r,1,0,145.981486,52,414,399258,3353926,10.638,1385378,2367806,36.912,0,3753184,0.0,986.940125,1086.949951,1037.0979,1073.072021,995.664246,973.137817,991.114136,0.90799,0.951636,0.919733,0.991238,1.014183,0.995789,0,4.10329e-08,8.63852e-14,2.35864e-10,0.0,0.0,0.0,603.124634,1.636378,1.1619e-05,1536.79
bips98_1142,3,40983,9735,9735,0,r,1,0,4.209861,1,30,5445,35538,13.286,40979,4,99.99,40983,0,100.0,36.620129,41.189983,44.96624,43.024544,41.444607,41.136833,42.359039,0.889054,0.814392,0.851145,0.883592,0.890203,0.864517,0,3.93755e-08,6.56847e-27,2.87165e-23,3.93755e-08,3.93755e-08,3.93755e-08,24.422527,1.499441,1.98418e-06,76.6086
hydr1c_a_76,3,23541,5308,5308,0,r,1,0,4.435004,1,14,19006,4535,80.736,21783,1758,92.532,21537,2004,91.487,22.914528,27.027424,27.088703,27.739361,26.374817,26.280161,27.797152,0.847825,0.845907,0.826065,0.868803,0.871933,0.824348,0,3.63098e-08,8.78724e-12,7.06051e-11,5.44656e-10,5.44656e-10,5.44656e-10,15.81216,1.449171,9.66022e-06,55.601
large_a_14,3,19688,4248,8585,0,r,1,0,4.634652,2,21,7436,12252,37.769,17024,2664,86.469,12911,6777,65.578,17.490112,19.702047,23.557728,22.409536,18.702721,18.64752,21.070751,0.887731,0.742436,0.780476,0.935164,0.937932,0.830066,0,4.05922e-08,2.49843e-11,1.34468e-10,2.0612e-08,2.0612e-08,2.0612e-08,11.739424,1.489861,8.22884e-06,67.3778
rail_5177_b,2,345,5177,7,0,r,1,4832,0.066641,0,1,345,0,100.0,0,345,0.0,345,0,100.0,4.455328,4.646912,4.983936,4.703456,2.173376,2.173792,4.844704,0.958772,0.893938,0.947246,2.049957,2.049565,0.919628,0,5.03356e-08,5.03356e-08,0.0,5.03356e-08,5.03356e-08,5.03356e-08,4.871168,0.914632,4.31656e-06,32.0541
hydr1c_a_17,3,19503,5308,5308,0,r,1,0,3.674265,1,12,7308,12195,37.471,18219,1284,93.416,18075,1428,92.678,12.050816,14.988256,17.2384,15.799744,14.485568,14.374912,15.817824,0.804017,0.699068,0.762722,0.831919,0.838323,0.76185,0,4.84846e-08,1.03215e-13,6.01771e-11,3.00411e-10,3.00411e-10,3.00411e-10,9.527776,1.264809,6.76729e-06,61.8357
case9_b1_02,2,14453,14454,1,0,r,1,1,0.999931,0,1,14428,25,99.827,14435,18,99.875,14453,0,100.0,10.281664,10.966048,12.763168,11.688032,11.245888,11.391008,11.686848,0.937591,0.805573,0.879675,0.91426,0.902612,0.879764,0,4.97099e-09,5.29932e-14,1.34972e-13,4.97099e-09,4.97099e-09,4.97099e-09,8.868224,1.159383,4.79956e-07,44.8902
plskz362,3,880,362,362,0,r,1,130,2.430939,0,6,880,0,100.0,173,707,19.659,14,866,1.591,2.50064,2.604704,3.47792,2.602592,2.77472,2.5624,2.631136,0.960048,0.719004,0.960827,0.901222,0.975898,0.950403,0,5.29573e-08,5.29573e-08,6.45429e-10,1.71442e-09,1.71442e-09,1.71442e-09,3.192704,0.783236,6.26166e-06,35.4021
large_a_25,3,20399,4292,8631,0,r,1,0,4.752796,2,21,7920,12479,38.825,17809,2590,87.303,13296,7103,65.18,17.731585,20.040417,22.251137,22.710943,18.852257,18.826591,21.20528,0.884791,0.796884,0.780751,0.940555,0.941837,0.836187,0,5.11553e-08,2.00496e-11,1.2109e-10,2.37056e-08,2.37056e-08,2.37056e-08,12.714272,1.394621,9.14495e-06,61.7573
mark3jac060sc,3,170695,27449,27449,0,r,1,0,6.218624,2,44,81385,89310,47.679,169321,1374,99.195,167982,2713,98.411,126.244164,140.170425,154.214951,146.188477,143.318756,140.577026,144.370407,0.900648,0.818625,0.863571,0.880863,0.898043,0.874446,0,2.87797e-08,7.56132e-13,1.6479e-11,2.55753e-09,2.55753e-09,2.55753e-09,76.001251,1.66108,6.03354e-06,720.206
west0479,3,1910,479,479,0,r,1,0,3.987474,1,12,829,1081,43.403,1816,94,95.079,1828,82,95.707,2.775264,3.217568,4.880512,3.269216,3.602528,3.117056,3.478432,0.862535,0.568642,0.848908,0.770366,0.890348,0.797849,0,2.42895e-08,9.33197e-13,1.62243e-11,2.2616e-09,2.2616e-09,2.2616e-09,2.47456,1.121518,6.42223e-06,37.1135
cavity18,3,138187,4562,4562,0,r,1,0,30.290881,8,62,128757,9430,93.176,64749,73438,46.856,20185,118002,14.607,103.271805,114.777153,125.034241,116.854942,104.872292,103.805504,107.114685,0.899759,0.825948,0.883761,0.984739,0.994859,0.964124,0,4.56839e-08,1.06684e-08,4.80404e-10,2.9244e-10,2.9244e-10,2.9244e-10,55.175873,1.871684,8.84704e-06,171.346
rdb3200l,2,18880,3200,3200,0,r,1,0,5.9,4,6,0,18880,0.0,0,18880,0.0,0,18880,0.0,13.097408,14.206112,14.439488,13.660096,13.053216,13.071264,13.403744,0.921956,0.907055,0.958808,1.003386,1.002,0.977146,0,3.90695e-08,0.0,0.0,0.0,0.0,0.0,8.894816,1.472477,7.31688e-06,41.4128
co5,3,57993,5774,12325,0,r,1,0,10.043817,1,422,24065,33928,41.496,44384,13609,76.533,23040,34953,39.729,52.905762,59.957409,60.465794,63.752354,58.164322,58.065121,59.591808,0.882389,0.87497,0.829864,0.909591,0.911145,0.887803,0,3.67266e-08,1.07723e-10,2.35358e-10,1.74956e-08,1.74956e-08,1.74956e-08,30.215584,1.750943,8.13757e-06,131.99
chipcool1_b,3,246,20082,1,0,r,1,19836,0.01225,0,1,246,0,100.0,4,242,1.626,246,0,100.0,10.1648,10.301088,12.05888,11.219744,2.193664,2.144032,11.036416,0.986769,0.842931,0.905974,4.633708,4.740974,0.921024,0,3.83548e-08,3.83548e-08,2.19654e-10,3.83548e-08,3.83548e-08,3.83548e-08,9.245984,1.099375,3.56414e-06,40.9538
sina,3,198787,5743,5743,1,r,1,0,34.613791,11,250,160896,37891,80.939,130312,68475,65.554,0,198787,0.0,126.675392,139.400192,150.546555,150.019196,127.724831,126.187775,128.783707,0.908717,0.841437,0.844395,0.991784,1.003864,0.983629,0,4.41898e-08,2.98847e-09,6.36159e-10,0.0,0.0,0.0,67.745026,1.869885,8.73882e-06,131.823
fv2,5,87025,9801,9801,1,r,1,0,8.879196,4,9,77224,9801,88.738,0,87025,0.0,0,87025,0.0,89.192383,89.537598,105.17942,92.542015,90.098175,88.667999,92.877022,0.996144,0.848002,0.963804,0.989947,1.005914,0.960328,0,3.87452e-08,8.11413e-09,0.0,0.0,0.0,0.0,46.159904,1.932248,8.14201e-06,61.0383
tsopf_rs_b162_c3_b,3,7645,15374,49,0,r,1,7775,0.497268,0,2,7645,0,100.0,4800,2845,62.786,7553,92,98.797,9.329184,9.720512,11.559264,12.031936,7.30464,7.249024,10.305184,0.959742,0.807074,0.775368,1.277159,1.286957,0.90529,0,4.44568e-08,4.44568e-08,1.11387e-10,1.32225e-08,1.32225e-08,1.32225e-08,7.902912,1.180474,5.16014e-06,44.1236
viscoplastic1_c_3,2,61166,4326,4326,0,r,1,0,14.139159,7,37,47326,13840,77.373,32668,28498,53.409,22326,38840,36.501,39.279457,43.442242,49.688606,49.905087,40.434017,40.685249,41.643551,0.904177,0.790512,0.787083,0.971446,0.965447,0.94323,0,4.65938e-08,3.74669e-09,3.06904e-10,3.414e-10,3.414e-10,3.414e-10,23.010431,1.707028,8.17826e-06,65.8133
bcsstk37,5,1140977,25503,25503,1,r,1,0,44.738933,8,102,82238,1058739,7.208,758645,382332,66.491,144778,996199,12.689,624.419312,713.980652,677.046448,701.284729,644.978638,636.618774,645.004333,0.874561,0.92227,0.890393,0.968124,0.980837,0.968085,0,4.41507e-08,2.14451e-14,2.49324e-10,9.06759e-11,9.06759e-11,9.06759e-11,348.153107,1.793519,9.0216e-06,463.794
tumorantiangiogenesis_5,3,4690,460,460,1,r,1,0,10.195652,2,456,2479,2211,52.857,4650,40,99.147,4690,0,100.0,6.991904,7.973216,8.520288,8.383072,7.901344,7.851616,7.891456,0.876924,0.820618,0.83405,0.884901,0.890505,0.886009,0,2.60879e-08,1.39943e-15,1.39043e-12,2.60879e-08,2.60879e-08,2.60879e-08,5.71424,1.223593,6.18933e-06,59.8449
case9_b1_08,2,14453,14454,1,0,r,1,1,0.999931,0,1,14426,27,99.813,14434,19,99.869,14453,0,100.0,10.29184,10.989632,12.448064,11.65552,11.296512,11.384192,11.672192,0.936505,0.826782,0.883001,0.911064,0.904047,0.88174,0,2.92044e-08,1.82811e-13,5.01554e-13,2.92044e-08,2.92044e-08,2.92044e-08,10.042432,1.024835,5.49824e-06,45.0774
hydr1c_a_10,3,23036,5308,5308,0,r,1,0,4.339864,1,14,7275,15761,31.581,21330,1706,92.594,20846,2190,90.493,21.763552,24.918079,27.495071,25.684416,24.046753,24.004959,25.731039,0.873404,0.791544,0.847345,0.905052,0.906627,0.845809,0,4.30673e-08,8.86568e-14,7.4079e-11,3.26462e-09,3.26462e-09,3.26462e-09,15.22768,1.42921,7.39601e-06,62.2868
case9_b2_10,2,13936,14454,1,0,r,1,518,0.964162,0,1,13922,14,99.9,13923,13,99.907,13936,0,100.0,10.265376,11.080576,11.700928,11.674016,10.97424,11.206176,11.671008,0.92643,0.877313,0.879335,0.935407,0.916046,0.879562,0,5.47336e-08,3.70842e-13,5.58133e-13,5.47336e-08,5.47336e-08,5.47336e-08,10.513568,0.976393,3.99064e-06,47.2776
gre_343,4,1435,343,343,0,r,1,0,4.183673,2,5,1435,0,100.0,125,1310,8.711,0,1435,0.0,3.211584,3.227264,3.840224,3.50848,3.16448,3.177056,3.14848,0.995141,0.836301,0.915378,1.014885,1.010868,1.020043,0,2.68926e-08,2.68926e-08,6.49218e-15,0.0,0.0,0.0,3.296032,0.974379,6.52738e-06,35.9722
west0167,3,507,167,167,0,r,1,0,3.035928,1,9,186,321,36.686,478,29,94.28,471,36,92.899,2.408928,2.548288,3.6064,2.677696,2.765184,2.661472,2.831872,0.945312,0.667959,0.899627,0.871164,0.905111,0.850649,0,1.95188e-08,9.02746e-13,1.26183e-10,1.15776e-08,1.15776e-08,1.15776e-08,2.19136,1.099284,7.63261e-06,32.2586
dw4096,2,41746,8192,8192,0,r,1,0,5.095947,3,8,34578,7168,82.829,19140,22606,45.849,1800,39946,4.312,30.099039,33.038208,38.109089,39.400639,30.040865,30.2272,31.857056,0.911037,0.789813,0.763923,1.001936,0.99576,0.944815,0,4.54672e-08,1.86034e-09,1.69074e-10,2.76566e-10,2.76566e-10,2.76566e-10,20.604416,1.460805,7.92636e-06,56.2111
lp_e226,4,2768,223,472,0,r,1,0,12.412556,1,110,965,1803,34.863,1826,942,65.968,1650,1118,59.61,4.05568,4.554208,4.717696,5.100128,4.572416,4.624032,4.52048,0.890535,0.859674,0.795211,0.886988,0.877087,0.897179,0,3.50841e-08,2.20978e-10,4.17404e-10,6.91856e-10,6.91856e-10,6.91856e-10,3.990336,1.016376,4.09676e-06,47.3524
lp_scorpion,3,1534,388,466,0,r,1,0,3.953608,1,21,832,702,54.237,90,1444,5.867,133,1401,8.67,2.714912,3.13888,4.376288,3.12704,3.01936,2.873216,3.127552,0.86493,0.620369,0.868205,0.899168,0.944904,0.868063,0,2.74847e-08,1.77681e-08,2.15305e-10,6.8174e-09,6.8174e-09,6.8174e-09,3.690336,0.735682,6.56915e-06,37.2951
mhd4800a,2,102252,4800,4800,0,r,1,0,21.3025,1,33,97741,4511,95.588,99215,3037,97.03,89123,13129,87.16,99.870941,101.986115,108.300865,107.433823,101.371071,101.389053,106.321732,0.97926,0.922162,0.929604,0.985202,0.985027,0.939328,0,5.19109e-08,3.44629e-12,1.10937e-11,3.45635e-11,3.45635e-11,3.45635e-11,49.627937,2.012394,6.15817e-06,128.524
lowthrust_5,5,198369,16262,16262,1,r,1,0,12.198315,2,6323,146213,52156,73.708,118760,79609,59.868,27095,171274,13.659,153.683685,172.718307,185.644348,186.233093,160.021698,156.498566,167.675644,0.889794,0.827839,0.825222,0.960393,0.982013,0.916553,0,4.26897e-08,4.28415e-09,2.41904e-10,3.68549e-09,3.68549e-09,3.68549e-09,85.354141,1.800542,1.81287e-05,101.458
pde225,3,1065,225,225,0,r,1,0,4.733333,3,5,166,899,15.587,43,1022,4.038,0,1065,0.0,2.669536,3.140928,3.82672,2.960032,2.761248,2.695776,2.7688,0.84992,0.697604,0.901861,0.966786,0.990266,0.964149,0,4.72073e-08,3.33309e-09,4.0767e-10,0.0,0.0,0.0,3.298784,0.809249,6.4808e-06,33.7771
lpi_vol1,2,1646,323,464,0,r,1,0,5.095975,1,14,536,1110,32.564,1252,394,76.063,951,695,57.776,3.207552,3.5264,4.429696,3.563744,3.530528,3.546368,3.889984,0.909583,0.724102,0.900051,0.908519,0.904461,0.824567,0,3.13624e-08,4.68463e-11,1.35134e-10,7.07223e-09,7.07223e-09,7.07223e-09,3.51648,0.912149,8.53014e-06,31.2582
t2d_q9_a_21,5,87025,9801,9801,0,r,1,0,8.879196,4,9,11732,75293,13.481,42140,44885,48.423,44574,42451,51.22,89.15744,89.655037,97.093376,101.397949,91.67382,90.057503,94.406754,0.99445,0.918265,0.879282,0.972551,0.990006,0.944397,0,4.52207e-08,2.85317e-11,2.32943e-10,6.34692e-10,6.34692e-10,6.34692e-10,45.600449,1.955188,7.09382e-06,87.5487
scsd8-2r_a_03,1,3650,170,1190,0,r,1,0,21.470588,10,24,2640,1010,72.329,0,3650,0.0,0,3650,0.0,5.406592,5.677344,6.347872,5.499904,5.527488,5.501216,5.510304,0.95231,0.851717,0.983034,0.978128,0.982799,0.981179,0,3.97988e-08,3.05121e-08,0.0,0.0,0.0,0.0,4.4176,1.223875,8.42689e-06,35.8684
fs_183_6,3,1069,183,183,0,r,1,0,5.84153,2,72,905,164,84.659,1060,9,99.158,1069,0,100.0,3.137184,3.591968,4.522688,3.733952,3.617632,3.56768,3.582016,0.873389,0.693655,0.840178,0.867193,0.879334,0.875815,0,7.59548e-08,3.69371e-15,8.88001e-12,7.59548e-08,7.59548e-08,7.59548e-08,3.736032,0.83971,2.69684e-06,49.7876
c-21,2,32157,3509,3509,1,r,1,0,9.164149,2,451,17534,14623,54.526,11123,21034,34.59,1953,30204,6.073,32.831806,36.983776,40.250336,39.537983,33.393345,33.540798,35.249184,0.887735,0.81569,0.830386,0.983184,0.978862,0.93142,0,3.60613e-08,1.57886e-10,5.13335e-11,6.05761e-11,6.05761e-11,6.05761e-11,19.686527,1.66773,5.63527e-06,70.3994
large_a_37,3,20635,4282,8617,0,r,1,0,4.81901,2,21,8408,12227,40.746,18098,2537,87.705,13517,7118,65.505,17.667328,19.934368,23.076927,22.549503,18.780001,18.72048,21.458689,0.886275,0.765584,0.783491,0.940752,0.943743,0.823318,0,4.79184e-08,3.33821e-11,1.51368e-10,2.28424e-08,2.28424e-08,2.28424e-08,12.72848,1.388015,8.33921e-06,62.4691
494_bus,3,1666,494,494,1,r,1,0,3.37247,2,10,9,1657,0.54,936,730,56.182,736,930,44.178,2.732768,3.105312,3.560736,3.190112,3.101216,3.014784,3.45664,0.88003,0.767473,0.856637,0.881192,0.906456,0.790585,0,3.82314e-08,7.38094e-13,2.53572e-10,6.79817e-10,6.79817e-10,6.79817e-10,3.669248,0.744776,3.73118e-06,38.0787
case9_a_07,5,147972,14454,14454,1,r,1,0,10.237443,1,7210,104414,43558,70.563,147955,17,99.989,147872,100,99.932,133.876999,143.295807,156.331451,148.112671,147.049957,143.41507,148.83725,0.93427,0.856366,0.903886,0.910418,0.933493,0.899486,0,2.81801e-08,1.31928e-14,1.30789e-13,9.00529e-14,9.00529e-14,9.00529e-14,70.650558,1.894918,1.24632e-06,79.76
tumorantiangiogenesis_4,3,4593,455,455,1,r,1,0,10.094505,2,451,2443,2150,53.19,4553,40,99.129,4593,0,100.0,6.959808,7.899936,8.683232,8.333408,7.834208,7.758848,7.837632,0.880995,0.801523,0.835169,0.888387,0.897016,0.887999,0,5.8087e-08,1.58371e-15,6.48004e-13,5.8087e-08,5.8087e-08,5.8087e-08,5.69968,1.221088,9.42859e-07,56.5308
brainpc2,5,179395,27607,27607,1,r,1,0,6.498171,1,13799,119350,60045,66.529,124142,55253,69.2,41405,137990,23.08,258.614532,315.809387,324.764587,327.970947,274.509155,276.988007,316.339355,0.818894,0.796314,0.788529,0.942098,0.933667,0.817522,0,3.77486e-08,2.22604e-11,3.40101e-11,1.06399e-10,1.06399e-10,1.06399e-10,192.790939,1.341425,7.12226e-06,93.224
t2d_q4_a_06,5,87025,9801,9801,0,r,1,0,8.879196,4,9,65271,21754,75.003,0,87025,0.0,0,87025,0.0,89.16301,89.621857,106.651039,92.473923,89.986755,88.612801,92.87616,0.99488,0.836026,0.964196,0.990846,1.006209,0.96002,0,4.5308e-08,9.73991e-09,0.0,0.0,0.0,0.0,46.465569,1.918905,8.06296e-06,86.8812
oscil_dcop_57,3,1544,430,430,0,r,1,0,3.590698,1,13,662,882,42.876,1386,158,89.767,1288,256,83.42,2.619296,3.1016,3.20576,3.685792,3.083296,3.04176,3.154944,0.844498,0.817059,0.710647,0.849512,0.861112,0.83022,0,2.07514e-08,4.2209e-14,1.31889e-10,2.01763e-10,2.01763e-10,2.01763e-10,4.272,0.613131,3.02972e-06,32.1536
garon1,3,88927,3175,3175,0,r,1,0,28.008504,5,45,73698,15229,82.875,50434,38493,56.714,15685,73242,17.638,71.252579,73.911903,81.621887,78.457726,71.837921,71.38192,72.962112,0.96402,0.872959,0.908165,0.991852,0.998188,0.97657,0,4.26345e-08,6.9095e-09,1.04526e-10,7.42266e-11,7.42266e-11,7.42266e-11,36.672482,1.942944,7.94545e-06,95.1111
gemat1,3,47369,4929,10595,0,r,1,0,9.610266,4,4928,26780,20589,56.535,14315,33054,30.22,4,47365,0.008,63.152576,72.245789,76.621796,74.291519,68.71891,63.427456,69.411072,0.874135,0.824212,0.850064,0.918999,0.995666,0.909834,0,2.12919e-08,1.65705e-10,3.53606e-11,2.58183e-13,2.58183e-13,2.58183e-13,40.578049,1.556324,7.39387e-06,1013.83
oscil_dcop_48,3,1544,430,430,0,r,1,0,3.590698,1,13,662,882,42.876,1386,158,89.767,1288,256,83.42,2.613568,3.048896,3.970496,3.055904,3.064416,3.052512,3.171392,0.857218,0.658247,0.855252,0.852876,0.856202,0.824108,0,6.95263e-08,5.9298e-14,2.21395e-10,2.51971e-10,2.51971e-10,2.51971e-10,3.2696,0.799354,7.97251e-06,31.1742
nopss_11k,2,44941,11685,11685,0,r,1,0,3.846042,1,30,6210,38731,13.818,44937,4,99.991,44941,0,100.0,22.902369,27.914593,28.122656,28.96464,27.844416,27.858976,28.541985,0.820444,0.814374,0.790701,0.822512,0.822082,0.80241,0,3.01955e-08,1.6982e-26,8.03359e-23,3.01955e-08,3.01955e-08,3.01955e-08,17.162239,1.334463,4.21086e-06,68.0983
hydr1c_a_53,3,19479,5308,5308,0,r,1,0,3.669744,1,12,7292,12187,37.435,18197,1282,93.419,18051,1428,92.669,12.06896,15.063616,17.106592,15.913664,14.73952,14.394304,16.055904,0.801199,0.705515,0.758402,0.818816,0.838454,0.751684,0,5.02339e-08,1.13422e-13,6.62361e-11,3.99125e-10,3.99125e-10,3.99125e-10,9.752544,1.237519,6.2063e-06,55.9795
aft01,5,125567,8205,8205,1,r,1,0,15.303717,8,21,67358,58209,53.643,125566,1,99.999,125567,0,100.0,87.631393,99.588097,103.291168,102.523392,102.526428,100.137794,102.248573,0.879938,0.848392,0.854745,0.85472,0.875108,0.857043,0,1.36313e-08,2.1635299999999998e-20,3.65005e-14,1.36313e-08,1.36313e-08,1.36313e-08,46.72224,1.875582,4.84387e-06,79.4809
sherman5,2,20793,3312,3312,0,r,1,0,6.27808,1,21,7215,13578,34.699,12774,8019,61.434,1719,19074,8.267,15.572768,18.272545,18.362112,19.432224,15.914176,15.91632,17.124256,0.85225,0.848092,0.801389,0.978547,0.978415,0.909398,0,5.47401e-08,8.69119e-11,4.43431e-10,9.36391e-11,9.36391e-11,9.36391e-11,11.092192,1.40394,7.41743e-06,58.134
nmos3,3,386594,18588,18588,0,r,1,0,20.798042,5,33,268652,117942,69.492,382104,4490,98.839,365691,20903,94.593,378.874878,400.172028,462.959229,415.418701,407.108032,395.851776,403.774933,0.94678,0.818376,0.912031,0.930649,0.957113,0.938332,0,4.01785e-08,1.65577e-14,4.58e-12,4.47958e-12,4.47958e-12,4.47958e-12,186.344131,2.0332,6.01947e-06,562.918
case9_b1_01,2,14453,14454,1,0,r,1,1,0.999931,0,1,14434,19,99.869,14424,29,99.799,14453,0,100.0,10.316384,10.96848,11.732544,11.650752,11.32096,11.40896,11.681056,0.940548,0.879296,0.885469,0.911264,0.904235,0.883172,0,1.81726e-08,3.01497e-11,2.82282e-11,1.81726e-08,1.81726e-08,1.81726e-08,9.57808,1.077083,2.13468e-06,41.1756
cond-mat,3,95188,16726,16726,1,r,1,462,5.69102,0,107,78016,17172,81.96,0,95188,0.0,2187,93001,2.298,78.379456,84.502304,98.162979,80.799683,77.740067,77.148804,86.225952,0.927542,0.798462,0.970047,1.008225,1.015952,0.909001,0,3.85662e-08,1.3191e-08,0.0,8.1974e-09,8.1974e-09,8.1974e-09,44.461983,1.762842,7.55891e-06,103.317
bcsstm35,2,20619,30237,30237,1,r,1,14434,0.681913,0,6,20619,0,100.0,7439,13180,36.078,19061,1558,92.444,20.226879,22.113888,25.060352,25.505665,13.597536,13.783072,24.45392,0.914669,0.807127,0.793035,1.48754,1.467516,0.827143,0,3.69023e-08,3.69023e-08,1.04566e-10,1.55194e-08,1.55194e-08,1.55194e-08,17.65856,1.145443,5.28392e-06,64.554
abacus_shell_md_e,3,19216,23412,23412,0,r,1,21808,0.820776,0,12,8,19208,0.042,2184,17032,11.366,592,18624,3.081,18.30352,23.092031,19.548191,21.946016,6.19088,6.026912,19.948288,0.792634,0.936328,0.834025,2.95653,3.036965,0.917548,0,4.54114e-08,3.39074e-16,4.82115e-10,2.45312e-10,2.45312e-10,2.45312e-10,14.836224,1.233705,9.11723e-06,92.243
tsopf_rs_b678_c1_b,3,9515,18696,339,0,r,1,9517,0.508932,0,2,9466,49,99.485,8514,1001,89.48,8867,648,93.19,10.916128,11.37024,13.444928,12.238144,8.158496,8.047808,12.146624,0.960061,0.811914,0.891976,1.338007,1.35641,0.898697,0,4.4936e-08,4.20623e-08,6.56286e-11,2.91469e-08,2.91469e-08,2.91469e-08,10.044736,1.086751,4.97914e-06,42.2012
deter2,3,35731,6095,17313,0,r,1,0,5.862346,2,30,12435,23296,34.802,0,35731,0.0,0,35731,0.0,28.649023,35.335327,35.391647,30.063168,28.906752,28.727039,29.686527,0.810776,0.809485,0.952961,0.991084,0.997284,0.965051,0,3.6077e-08,2.42339e-08,0.0,0.0,0.0,0.0,19.105087,1.499549,7.88773e-06,82.037
qpband,2,45000,20000,20000,1,r,1,0,2.25,2,3,5000,40000,11.111,0,45000,0.0,0,45000,0.0,30.472704,33.294815,38.072865,35.146912,30.373407,30.478239,31.680256,0.915239,0.800379,0.867009,1.003269,0.999818,0.961883,0,3.74769e-08,1.27693e-09,0.0,0.0,0.0,0.0,23.548512,1.294039,5.52826e-06,48.315
cbuckle,5,676515,13681,13681,1,r,1,0,49.449236,26,600,252622,423893,37.342,542046,134469,80.123,163951,512564,24.235,352.474701,407.525787,381.087799,401.367889,368.502014,363.994446,370.265717,0.864914,0.924917,0.878184,0.956507,0.968352,0.951951,0,4.58725e-08,2.78017e-12,1.50234e-10,1.81532e-10,1.81532e-10,1.81532e-10,202.727844,1.73866,8.90052e-06,356.88
rail_5177_e,3,35241,5177,5177,1,r,1,0,6.807224,4,11,35241,0,100.0,1898,33343,5.386,1842,33399,5.227,24.363041,29.916767,31.876415,25.812223,24.767103,24.700159,25.891745,0.814361,0.764297,0.943857,0.983686,0.986352,0.940958,0,4.52654e-08,4.52654e-08,3.66893e-10,8.1757e-10,8.1757e-10,8.1757e-10,16.170879,1.5066,7.90511e-06,43.602
delf_a_15,3,15036,3170,6642,0,r,1,0,4.743218,2,21,5957,9079,39.618,12867,2169,85.575,9263,5773,61.605,13.665056,15.412192,17.153631,17.434977,14.507104,14.3864,16.530752,0.886639,0.796628,0.783773,0.941956,0.949859,0.826645,0,5.51629e-08,2.90517e-11,1.01994e-10,2.01095e-09,2.01095e-09,2.01095e-09,10.19968,1.339753,6.79849e-06,57.8403
oscil_dcop_44,1,1544,430,430,0,r,1,0,3.590698,1,13,662,882,42.876,1386,158,89.767,1288,256,83.42,2.748736,3.037504,3.136256,3.022784,3.044192,3.063584,3.468928,0.904932,0.876439,0.909339,0.902944,0.897229,0.792388,0,3.29755e-08,3.93214e-14,1.38259e-10,1.92227e-10,1.92227e-10,1.92227e-10,3.623296,0.758629,8.70407e-06,32.9413
deter6,3,24771,4255,12113,0,r,1,0,5.821622,2,30,9001,15770,36.337,0,24771,0.0,0,24771,0.0,20.924736,25.660225,26.623072,21.899872,21.16016,21.011488,21.693632,0.815454,0.785963,0.955473,0.988874,0.995871,0.964557,0,3.62046e-08,2.49357e-08,0.0,0.0,0.0,0.0,14.373984,1.455737,7.64083e-06,69.9975
scsd8-2r,5,190210,8650,60550,0,r,1,0,21.989595,10,24,138320,51890,72.72,0,190210,0.0,0,190210,0.0,177.693024,187.391205,216.744415,182.00592,175.945572,175.255142,178.755615,0.948246,0.819827,0.976304,1.009932,1.01391,0.994056,0,3.47978e-08,3.06691e-08,0.0,0.0,0.0,0.0,88.046562,2.018171,9.35237e-06,166.42
nemeth09,5,395506,9506,9506,1,r,1,0,41.605933,18,52,395506,0,100.0,273082,122424,69.046,0,395506,0.0,229.270233,258.883484,264.695679,246.301468,232.082977,228.793533,232.44339,0.885612,0.866165,0.930852,0.98788,1.002084,0.986349,0,4.62663e-08,4.62663e-08,2.57498e-10,0.0,0.0,0.0,130.278427,1.759848,8.94558e-06,218.967
fv3,5,87025,9801,9801,1,r,1,0,8.879196,4,9,77224,9801,88.738,0,87025,0.0,0,87025,0.0,89.158783,89.562401,106.227776,92.527039,90.079903,88.724098,92.986626,0.995493,0.839317,0.963597,0.989774,1.004899,0.958834,0,3.68159e-08,9.24114e-09,0.0,0.0,0.0,0.0,45.936897,1.940897,8.27027e-06,58.8803
t2d_q9_a_10,3,87025,9801,9801,0,r,1,0,8.879196,4,9,65223,21802,74.947,0,87025,0.0,0,87025,0.0,89.15773,89.595551,106.646812,92.558624,90.044769,88.650467,92.931068,0.995113,0.836009,0.963257,0.990149,1.005722,0.959396,0,4.43301e-08,1.0159e-08,0.0,0.0,0.0,0.0,45.936512,1.94089,8.33743e-06,100.028
inlet_c,3,64,1,11730,0,r,1,0,64.0,64,64,64,0,100.0,30,34,46.875,0,64,0.0,2.417216,2.578464,2.631968,2.659584,2.539552,2.50944,2.545856,0.937464,0.918406,0.90887,0.951828,0.963249,0.949471,0,2.51785e-08,2.51785e-08,5.4689e-10,0.0,0.0,0.0,3.367296,0.717851,8.49325e-06,39.1018
case9_a_10,5,147972,14454,14454,1,r,1,0,10.237443,1,7210,103525,44447,69.963,147960,12,99.992,147898,74,99.95,133.828415,143.30368,155.632294,148.087845,146.516006,142.797638,148.991257,0.93388,0.859901,0.90371,0.913405,0.937189,0.89823,0,6.62942e-08,1.29728e-15,6.87351e-14,6.84581e-14,6.84581e-14,6.84581e-14,71.335968,1.87603,1.60884e-06,76.4281
t2d_q4_a_11,3,87025,9801,9801,0,r,1,0,8.879196,4,9,24478,62547,28.128,42609,44416,48.962,46437,40588,53.361,89.121826,89.707939,98.667198,103.288544,91.154976,89.89872,94.309891,0.993466,0.903257,0.862843,0.977696,0.991358,0.944989,0,4.41544e-08,9.27029e-11,2.42114e-10,6.69824e-10,6.69824e-10,6.69824e-10,48.057087,1.854499,7.67012e-06,96.3181
bcsstk25,5,252241,15439,15439,1,r,1,0,16.33791,2,59,18880,233361,7.485,243132,9109,96.389,215122,37119,85.284,313.664978,332.394958,352.013062,354.786255,332.619019,326.997833,333.808929,0.943651,0.891061,0.884096,0.943016,0.959226,0.939654,0,4.22229e-08,1.46174e-14,1.00181e-11,1.24432e-10,1.24432e-10,1.24432e-10,155.203003,2.020998,5.20501e-06,156.138
large_a_11,3,19637,4247,8587,0,r,1,0,4.623734,2,21,7338,12299,37.368,16976,2661,86.449,12855,6782,65.463,17.434849,19.77376,22.551647,22.367968,18.700001,18.642879,21.016064,0.881716,0.773108,0.779456,0.932345,0.935201,0.829596,0,4.56097e-08,2.08835e-11,1.27047e-10,1.85998e-08,1.85998e-08,1.85998e-08,12.470656,1.39807,7.93782e-06,76.7071
abacus_shell_hd_k,5,216082,23412,23412,0,r,1,0,9.22954,4,15,50455,165627,23.35,197326,18756,91.32,194536,21546,90.029,209.235291,222.310532,252.155869,232.231232,228.558365,221.137054,232.074554,0.941185,0.829786,0.900978,0.915457,0.946179,0.901587,0,4.1701e-08,1.3363e-14,1.74955e-11,4.80846e-12,4.80846e-12,4.80846e-12,110.189888,1.898861,7.97654e-06,190.736
c-48,3,166080,18354,18354,1,r,1,0,9.048709,2,950,108760,57320,65.487,106924,59156,64.381,26725,139355,16.092,183.564194,197.301849,223.939392,223.710876,193.759171,186.646591,197.765854,0.930372,0.819705,0.820542,0.947383,0.983485,0.92819,0,1.61959e-08,5.44241e-12,5.19434e-12,3.4012e-12,3.4012e-12,3.4012e-12,99.958626,1.836402,6.18479e-06,218.633
bcsstm24,3,3562,3562,3562,1,r,1,0,1.0,1,1,202,3360,5.671,2042,1520,57.327,3562,0,100.0,4.043968,4.46288,4.58192,5.017152,4.481216,4.418816,4.535424,0.906134,0.882592,0.806029,0.902427,0.91517,0.891641,0,4.97019e-08,3.80132e-15,1.44071e-10,4.97019e-08,4.97019e-08,4.97019e-08,4.44192,0.91041,3.44996e-06,32.6679
t2d_q4_a_13,3,87025,9801,9801,0,r,1,0,8.879196,4,9,31650,55375,36.369,14329,72696,16.465,14022,73003,16.113,89.155396,89.665855,100.594368,96.097244,91.429085,89.799133,93.924194,0.994307,0.886286,0.927762,0.975132,0.992831,0.949227,0,5.08409e-08,7.66218e-10,3.67911e-10,9.75754e-10,9.75754e-10,9.75754e-10,46.685886,1.909686,7.83713e-06,99.0357
m80pi_n,3,10261,4182,4182,0,r,1,0,2.453611,1,12,1881,8380,18.332,1854,8407,18.068,23,10238,0.224,8.340608,8.98848,11.444032,10.336416,8.252768,8.239072,8.451744,0.927922,0.728817,0.806915,1.010644,1.012324,0.98685,0,2.33584e-08,1.48183e-09,1.0671e-11,8.06548e-10,8.06548e-10,8.06548e-10,7.283136,1.145195,4.12578e-06,39.0517
lpi_bgdbg1,2,1662,348,629,0,r,1,0,4.775862,2,29,281,1381,16.907,281,1381,16.907,326,1336,19.615,3.541792,3.875488,4.96528,4.05216,3.578688,3.657056,3.772192,0.913896,0.713312,0.87405,0.98969,0.968482,0.938921,0,2.63345e-08,2.53998e-10,2.53998e-10,4.92258e-09,4.92258e-09,4.92258e-09,3.735232,0.948212,7.08441e-06,71.2181
descriptor_xingo6u,2,73916,20738,20738,0,r,1,0,3.564278,1,34,10705,63211,14.483,73912,4,99.995,73916,0,100.0,48.133472,45.936031,54.899616,48.672287,45.709408,45.876705,47.072353,1.047837,0.876754,0.98893,1.053032,1.049192,1.022542,0,3.58971e-08,1.03322e-18,1.06622e-14,3.58971e-08,3.58971e-08,3.58971e-08,28.429056,1.693108,3.688e-06,112.538
nemeth05,5,394808,9506,9506,1,r,1,0,41.532506,17,52,394808,0,100.0,333282,61526,84.416,0,394808,0.0,230.276962,260.017609,267.252594,265.922852,233.124481,229.537155,233.605148,0.885621,0.861645,0.865954,0.987785,1.003223,0.985753,0,4.57865e-08,4.57865e-08,2.01666e-10,0.0,0.0,0.0,130.776871,1.760839,8.74702e-06,215.848
bodyy4,3,121938,17546,17546,1,r,1,0,6.949618,3,9,72556,49382,59.502,70578,51360,57.88,2668,119270,2.188,72.756516,77.429214,93.409119,92.147392,73.557663,72.633118,75.53894,0.939652,0.778902,0.789567,0.989109,1.001699,0.963166,0,4.50035e-08,4.41668e-10,4.04085e-10,4.15532e-10,4.15532e-10,4.15532e-10,45.03952,1.615393,7.18078e-06,79.539
c-37,2,74676,8204,8204,1,r,1,0,9.102389,2,652,55493,19183,74.312,50696,23980,67.888,15258,59418,20.432,78.232002,85.28067,94.96624,93.704964,79.57888,80.915298,90.521149,0.917347,0.823788,0.834876,0.983075,0.966838,0.86424,0,9.08122e-08,3.82548e-11,2.40434e-11,2.15923e-11,2.15923e-11,2.15923e-11,42.89299,1.823888,5.0194e-06,120.715
ncvxqp9,2,54040,16554,16554,1,r,1,0,3.264468,1,9,2022,52018,3.742,54038,2,99.996,54040,0,100.0,30.011295,35.992962,40.631615,37.378654,35.724129,35.804096,36.782818,0.83381,0.738619,0.802899,0.840085,0.838208,0.815905,0,2.69591e-08,1.51288e-17,2.1207e-14,2.69591e-08,2.69591e-08,2.69591e-08,21.62672,1.387695,5.27467e-06,54.3168
ted_a,3,424587,10605,10605,0,r,1,0,40.036492,1,147,409451,15136,96.435,278107,146480,65.501,144088,280499,33.936,258.723907,290.180481,299.032257,278.934174,277.020691,271.951447,277.641937,0.891597,0.865204,0.927545,0.933952,0.951361,0.931862,0,4.42433e-08,1.23086e-08,1.42689e-10,4.81231e-09,4.81231e-09,4.81231e-09,140.698074,1.838859,8.5973e-06,426.276
hydr1c_a_34,3,19485,5308,5308,0,r,1,0,3.670874,1,12,7288,12197,37.403,18201,1284,93.41,18057,1428,92.671,12.101888,14.91824,16.31712,15.835712,14.491296,14.302816,15.83808,0.811214,0.741668,0.764215,0.835114,0.846119,0.764101,0,5.26255e-08,1.05181e-13,5.52598e-11,2.87517e-10,2.87517e-10,2.87517e-10,9.580448,1.263186,6.17489e-06,55.6283
oscil_dcop_50,1,1544,430,430,0,r,1,0,3.590698,1,13,662,882,42.876,1386,158,89.767,1288,256,83.42,2.655168,3.079936,3.12336,3.026112,3.053952,3.047904,3.194304,0.862085,0.8501,0.877419,0.86942,0.871146,0.83122,0,2.9574e-08,5.36419e-14,1.91138e-10,2.5054e-10,2.5054e-10,2.5054e-10,3.496608,0.759355,3.76314e-06,31.6957
lnsp3937,2,25407,3937,3937,0,r,1,0,6.453391,1,11,15444,9963,60.786,23763,1644,93.529,23187,2220,91.262,19.223392,23.691999,24.517248,25.719072,22.934143,22.968767,25.514624,0.811388,0.784076,0.747437,0.8382,0.836936,0.753426,0,4.30858e-08,9.65046e-19,2.71868e-11,1.36608e-11,1.36608e-11,1.36608e-11,12.356032,1.55579,6.53454e-06,52.4225
zd_jac6,3,1711983,22835,22835,0,r,1,0,74.971885,1,1050,1502678,209305,87.774,1696811,15172,99.114,1577550,134433,92.148,631.604797,711.24646,704.396973,736.149109,711.09314,703.789978,712.648132,0.888025,0.89666,0.857985,0.888217,0.897434,0.886279,0,4.92223e-08,2.81117e-14,1.45967e-13,1.50159e-11,1.50158e-11,1.50158e-11,373.799469,1.689689,2.52299e-06,1812.87
hydr1c_a_07,3,22915,5308,5308,0,r,1,0,4.317069,1,14,7236,15679,31.578,21207,1708,92.546,20725,2190,90.443,21.824192,25.152639,26.887936,25.745825,24.149311,24.109344,25.769279,0.86767,0.811672,0.847679,0.903719,0.905217,0.846907,0,5.66604e-08,1.02919e-13,8.31705e-11,3.85432e-09,3.85432e-09,3.85432e-09,16.151392,1.351227,7.22518e-06,57.7049
flowmeter0,3,67391,9669,9669,1,r,1,0,6.9698,4,11,62163,5228,92.242,62169,5222,92.251,61359,6032,91.049,35.964577,39.10413,43.879105,42.696224,38.531265,38.494209,43.01392,0.919713,0.819629,0.842336,0.933387,0.934285,0.836115,0,4.30037e-08,1.62783e-11,1.68363e-11,1.62627e-11,1.62627e-11,1.62627e-11,23.508257,1.52987,7.58862e-06,51.4855
nemeth24,3,1506550,9506,9506,1,r,1,0,158.484115,62,193,1506550,0,100.0,1166300,340250,77.415,0,1506550,0.0,385.065613,429.491943,435.342194,455.658936,381.517365,377.124786,377.78476,0.896561,0.884513,0.845074,1.0093,1.021056,1.019272,0,4.43272e-08,4.43272e-08,1.61275e-10,0.0,0.0,0.0,241.952316,1.591494,1.05279e-05,638.523
t2d_q9_a_25,3,87025,9801,9801,0,r,1,0,8.879196,4,9,10951,76074,12.584,17613,69412,20.239,17775,69250,20.425,89.142174,89.711006,95.487679,97.0168,91.67392,90.120865,94.058975,0.993659,0.933546,0.918832,0.972383,0.98914,0.947726,0,4.63627e-08,2.4803e-10,4.5641e-10,1.19147e-09,1.19147e-09,1.19147e-09,46.307522,1.925004,8.51424e-06,93.5629
t2d_q4_a_18,5,87025,9801,9801,0,r,1,0,8.879196,4,9,31261,55764,35.922,1853,85172,2.129,895,86130,1.028,89.124771,89.709602,100.667778,93.333633,90.122818,88.73616,93.05677,0.993481,0.885336,0.954905,0.988926,1.004379,0.957746,0,4.4028e-08,2.00192e-09,2.56121e-10,5.27534e-10,5.27534e-10,5.27534e-10,46.847584,1.902441,8.54781e-06,88.0287
tsc_opf_1047,3,2016902,8140,8140,1,r,1,0,247.776658,1,1526,1975159,41743,97.93,1969861,47041,97.668,1932704,84198,95.825,465.680389,420.502899,443.446228,442.631958,416.184235,413.7146,416.365601,1.107437,1.050139,1.052071,1.118928,1.125608,1.118441,0,5.15846e-08,1.03088e-11,4.53337e-12,2.57137e-11,2.57137e-11,2.57137e-11,296.39975,1.571123,8.49905e-06,953.93
meg4,2,46842,5860,5860,1,r,1,0,7.993515,1,1194,40352,6490,86.145,40460,6382,86.375,44026,2816,93.988,34.22477,40.724129,45.206818,44.437088,38.91827,39.352737,41.397217,0.840405,0.757071,0.770185,0.879401,0.869692,0.826741,0,3.90047e-08,5.38999e-15,3.14132e-13,3.80413e-08,3.80413e-08,3.80413e-08,24.302176,1.408301,3.69857e-06,278.326
gams10am,3,407,114,171,0,r,1,0,3.570175,1,20,80,327,19.656,50,357,12.285,23,384,5.651,2.6608,2.624672,3.8176,2.703904,2.766688,2.63008,3.078176,1.013765,0.696982,0.984059,0.961727,1.01168,0.864408,0,2.92213e-08,5.24176e-09,1.46332e-09,1.95434e-09,1.95434e-09,1.95434e-09,3.330752,0.798859,7.34355e-06,37.2695
astro-ph,3,242502,16706,16706,1,r,1,660,14.515863,0,360,226288,16214,93.314,25684,216818,10.591,11931,230571,4.92,173.690048,197.683395,211.03833,181.26384,171.686203,168.75856,182.369095,0.878627,0.823026,0.958217,1.011672,1.029222,0.952409,0,3.95521e-08,1.68483e-08,4.33279e-10,4.6564e-09,4.6564e-09,4.6564e-09,97.654144,1.778624,9.58556e-06,227.009
oscil_dcop_37,1,1544,430,430,0,r,1,0,3.590698,1,13,662,882,42.876,1386,158,89.767,1288,256,83.42,2.637728,3.06624,3.106272,3.020224,3.051232,3.044576,3.593792,0.860248,0.849162,0.873355,0.86448,0.86637,0.733968,0,4.36682e-08,6.09493e-14,2.7165e-10,3.91424e-10,3.91424e-10,3.91424e-10,3.535072,0.74616,4.6978e-06,37.6914
scrs8-2r_a_06,3,7367,1820,3499,0,r,1,0,4.047802,1,15,2059,5308,27.949,774,6593,10.506,12,7355,0.163,8.721408,9.741312,10.467808,9.755392,8.81856,8.742912,8.926976,0.895301,0.833165,0.894009,0.988983,0.99754,0.976972,0,3.5255e-08,3.03519e-09,5.39846e-10,1.9807e-10,1.9807e-10,1.9807e-10,6.962208,1.252678,7.01163e-06,43.9968
lowthrust_13,5,224897,18476,18476,1,r,1,0,12.172386,2,7184,166368,58529,73.975,135229,89668,60.129,30699,194198,13.65,174.329849,195.309982,210.579773,211.037125,179.568039,175.166138,188.751587,0.89258,0.827857,0.826062,0.970829,0.995226,0.923594,0,4.39665e-08,4.39293e-09,2.49981e-10,1.14263e-08,1.14263e-08,1.14263e-08,96.411873,1.808178,2.10442e-05,114.601
delf_a_36,3,15397,3170,6654,0,r,1,0,4.857098,2,21,6347,9050,41.222,13257,2140,86.101,9556,5841,62.064,13.700416,15.484832,17.225409,17.529856,14.479968,14.415584,16.623936,0.884764,0.795361,0.781548,0.946163,0.950389,0.824138,0,4.17228e-08,2.48701e-11,8.86336e-11,6.05592e-09,6.05592e-09,6.05592e-09,10.094048,1.357277,9.68989e-06,54.4762
freeflyingrobot_15,2,43378,6038,6038,1,r,1,0,7.184167,1,1209,19213,24165,44.292,41829,1549,96.429,42007,1371,96.839,34.332672,41.795231,41.805984,43.544479,40.91853,41.399681,42.406078,0.82145,0.821238,0.788451,0.83905,0.829298,0.809617,0,3.80595e-08,7.0128e-15,1.25535e-11,3.18346e-08,3.18346e-08,3.18346e-08,24.31584,1.411947,5.177e-06,168.295
oscil_dcop_14,1,1544,430,430,0,r,1,0,3.590698,1,13,662,882,42.876,1386,158,89.767,1288,256,83.42,2.778496,3.050272,3.153088,3.018464,3.058176,3.092832,3.179776,0.910901,0.881198,0.9205,0.908547,0.898366,0.873802,0,3.16035e-08,5.46946e-14,1.89241e-10,2.40524e-10,2.40524e-10,2.40524e-10,3.533056,0.786429,9.33789e-06,40.4715
tsopf_fs_b162_c1_b,2,10797,10798,1,0,r,1,1,0.999907,0,1,10429,368,96.592,10438,359,96.675,10797,0,100.0,8.239232,8.805184,10.382016,9.22544,8.93248,9.102496,9.346368,0.935725,0.793606,0.893099,0.92239,0.905162,0.881544,0,4.11189e-08,1.42229e-11,1.59952e-11,4.11189e-08,4.11189e-08,4.11189e-08,7.913728,1.041132,3.73152e-06,42.5884
p010,3,118000,10090,19090,0,r,1,0,11.694747,1,1001,81000,37000,68.644,0,118000,0.0,19,117981,0.016,102.546883,107.211746,106.648354,106.59613,102.49411,101.880768,105.625343,0.956489,0.961542,0.962013,1.000515,1.006538,0.970855,0,3.10238e-08,7.8214e-09,0.0,4.84423e-10,4.84423e-10,4.84423e-10,56.180126,1.825323,9.18766e-06,227.584
hangglider_1,3,3477,360,360,1,r,1,0,9.658333,2,319,1760,1717,50.618,2052,1425,59.016,305,3172,8.772,5.813088,6.526496,7.017856,6.568416,6.399168,6.095488,6.154176,0.890691,0.828328,0.885006,0.908413,0.953671,0.944576,0,3.69056e-08,6.3558e-11,1.05738e-10,1.92898e-10,1.92898e-10,1.92898e-10,5.037856,1.153881,4.10186e-06,51.037
freeflyingrobot_14,2,43298,5958,5958,1,r,1,0,7.267204,1,1193,19072,24226,44.048,41820,1478,96.586,42155,1143,97.36,33.826336,41.071522,41.342049,42.818657,40.346722,40.788479,41.802593,0.823596,0.818207,0.789991,0.838391,0.829311,0.809192,0,1.90637e-08,8.03426e-15,3.22106e-12,3.81403e-10,3.81403e-10,3.81403e-10,24.423904,1.384968,6.34435e-06,166.919
fs_183_1,4,1069,183,183,0,r,1,0,5.84153,2,72,890,179,83.255,1060,9,99.158,1069,0,100.0,3.1224,3.557248,5.128448,3.631392,4.518112,3.596992,3.57744,0.877757,0.608839,0.859836,0.691085,0.868059,0.872803,0,5.34371e-08,2.6908e-15,1.51221e-12,5.34371e-08,5.34371e-08,5.34371e-08,2.690688,1.160447,3.47948e-06,58.707
lp_sc205,1,665,205,317,0,r,1,0,3.243902,1,5,6,659,0.902,2,663,0.301,2,663,0.301,2.475008,2.678272,3.015296,2.56544,2.708928,2.581952,2.6512,0.924106,0.820818,0.96475,0.913648,0.95858,0.933543,0,2.8687e-08,1.07488e-09,1.65664e-10,1.26797e-09,1.26797e-09,1.26797e-09,3.148256,0.786152,6.36764e-06,34.4707
e40r0100,3,553562,17281,17281,0,r,1,0,32.032984,8,62,516664,36898,93.334,278704,274858,50.347,83339,470223,15.055,385.002625,431.068939,468.152985,420.287384,400.473297,394.234497,399.834961,0.893135,0.822386,0.916046,0.961369,0.976583,0.962904,0,4.55906e-08,1.04002e-08,3.38924e-10,1.37037e-10,1.37037e-10,1.37037e-10,211.188644,1.823027,8.66181e-06,528.422
vibrobox,3,342828,12328,12328,1,r,1,0,27.80889,9,121,67124,275704,19.579,270680,72148,78.955,138388,204440,40.367,268.910492,292.333344,304.304871,312.516998,281.004608,277.611572,282.853485,0.919876,0.883688,0.860467,0.956961,0.968657,0.950706,0,4.12407e-08,1.90414e-14,1.08941e-10,6.02471e-11,6.02471e-11,6.02471e-11,139.913406,1.921978,7.44602e-06,281.44
str_600,3,3279,363,363,0,r,1,0,9.033058,1,33,2594,685,79.109,1717,1562,52.364,482,2797,14.7,5.355584,5.970048,6.976384,5.732512,5.505152,5.453056,5.97824,0.897076,0.767673,0.934247,0.972831,0.982125,0.895846,0,5.3815e-08,1.2723e-08,5.91316e-10,5.8151e-09,5.8151e-09,5.8151e-09,3.567136,1.501368,6.76639e-06,34.7263
zd_jac6_db,3,663643,22835,22835,0,r,1,0,29.062536,1,224,470908,192735,70.958,636319,27324,95.883,105652,557991,15.92,525.740906,576.21814,566.190063,601.504761,553.003418,544.397034,558.544556,0.912399,0.928559,0.874043,0.950701,0.965731,0.941269,0,4.0537e-08,2.78051e-14,1.05946e-11,1.38898e-08,1.38898e-08,1.38898e-08,278.576874,1.887238,6.22051e-06,644.719
bcsstk22,4,696,138,138,1,r,1,0,5.043478,2,8,78,618,11.207,290,406,41.667,214,482,30.747,2.538272,2.633408,3.262592,2.652576,2.604192,2.592256,2.582304,0.963873,0.777992,0.956908,0.974687,0.979175,0.982949,0,4.97651e-08,9.02269e-15,2.76168e-10,2.21388e-10,2.21388e-10,2.21388e-10,3.155584,0.804375,5.07709e-06,29.8817
ecoli_10nn,3,4560,336,336,1,r,1,0,13.571429,10,26,4560,0,100.0,12,4548,0.263,0,4560,0.0,5.183872,5.69344,6.702912,5.42064,5.270048,5.172896,5.252864,0.910499,0.773376,0.956321,0.983648,1.002122,0.986866,0,4.46851e-08,4.46851e-08,1.16502e-10,0.0,0.0,0.0,4.569728,1.134394,8.2517e-06,32.9502
t2d_q4_a_42,5,87025,9801,9801,0,r,1,0,8.879196,4,9,313,86712,0.36,28241,58784,32.452,29031,57994,33.359,89.15731,89.638756,93.311005,98.737572,92.613441,90.424194,94.293373,0.994629,0.955485,0.902972,0.962682,0.98599,0.945531,0,4.76154e-08,1.09986e-12,3.15317e-10,8.31988e-10,8.31988e-10,8.31988e-10,46.230946,1.92852,7.86125e-06,88.5974
nemeth04,3,394808,9506,9506,1,r,1,0,41.532506,17,52,394808,0,100.0,343280,51528,86.949,0,394808,0.0,230.313095,260.03006,266.793457,274.986511,233.185242,229.423111,233.631012,0.885717,0.863264,0.837543,0.987683,1.003879,0.985798,0,4.55687e-08,4.55687e-08,1.74925e-10,0.0,0.0,0.0,130.773987,1.761154,8.61834e-06,230.982
t2d_q9_a_42,3,87025,9801,9801,0,r,1,0,8.879196,4,9,313,86712,0.36,28241,58784,32.452,29031,57994,33.359,89.120255,89.583549,93.3825,98.704124,92.631775,90.377151,94.340607,0.994828,0.954357,0.902903,0.962092,0.986093,0.944665,0,4.59898e-08,1.22309e-12,3.14257e-10,8.0495e-10,8.0495e-10,8.0495e-10,45.517506,1.957934,7.80116e-06,92.9335
gre_185,4,1005,185,185,0,r,1,0,5.432432,3,7,1005,0,100.0,30,975,2.985,0,1005,0.0,2.5864,2.678304,3.442752,2.730816,3.270272,2.601856,2.600128,0.965686,0.751259,0.947116,0.790882,0.99406,0.99472,0,3.75617e-08,3.75617e-08,7.26184e-15,0.0,0.0,0.0,3.106368,0.832612,7.09295e-06,32.7431
crystm02,5,322905,13965,13965,1,r,1,0,23.122449,8,27,322905,0,100.0,19392,303513,6.005,0,322905,0.0,285.202271,301.038147,310.279602,308.067352,283.199493,282.288361,287.699677,0.947396,0.919178,0.925779,1.007072,1.010322,0.991319,0,4.5934e-08,4.5934e-08,4.52498e-10,0.0,0.0,0.0,140.580032,2.028754,8.78112e-06,135.314
hep-th,3,31502,8361,8361,1,r,1,751,3.767731,0,50,19152,12350,60.796,894,30608,2.838,2662,28840,8.45,19.062559,24.839808,25.772064,20.095903,17.967615,17.809025,23.105215,0.76742,0.73966,0.948579,1.06094,1.070388,0.825033,0,3.96324e-08,8.95014e-09,1.78699e-10,9.18882e-09,9.18882e-09,9.18882e-09,14.38496,1.325173,8.00195e-06,61.9331
tsopf_rs_b300_c2,3,2943887,28338,28338,0,r,1,0,103.884784,1,209,2857569,86318,97.068,2856600,87287,97.035,2884063,59824,97.968,955.431274,976.321411,1008.98584,1006.467896,961.379395,956.175476,968.08905,0.978603,0.946922,0.949291,0.993813,0.999222,0.986925,0,3.13184e-08,5.72101e-11,8.45134e-13,2.7722e-10,2.7722e-10,2.7722e-10,553.150513,1.727254,7.83175e-06,2394.88
scsd8-2b,2,112770,5130,35910,0,r,1,0,21.982456,10,24,82000,30770,72.714,0,112770,0.0,0,112770,0.0,106.465668,111.940735,129.435516,108.984322,105.54509,105.586815,107.316032,0.95109,0.822538,0.97689,1.008722,1.008324,0.992076,0,3.61531e-08,3.0776e-08,0.0,0.0,0.0,0.0,53.19677,2.001356,8.79754e-06,115.797
bcsstk05,2,2423,153,153,1,r,1,0,15.836601,4,24,2,2421,0.083,698,1725,28.807,0,2423,0.0,3.512352,3.795264,5.886912,3.764256,3.609824,3.644704,4.108896,0.925457,0.596637,0.93308,0.972998,0.963686,0.854817,0,5.07282e-08,3.41598e-16,6.63051e-10,0.0,0.0,0.0,3.741376,0.938786,9.80199e-06,38.1924
delf_a_33,3,15400,3173,6651,0,r,1,0,4.853451,2,21,6321,9079,41.045,13261,2139,86.11,9549,5851,62.006,13.73808,15.481152,18.082081,17.537439,14.547424,14.454368,16.682625,0.887407,0.759762,0.783357,0.944365,0.950445,0.823496,0,4.38305e-08,3.1761e-11,9.99168e-11,6.11668e-09,6.11668e-09,6.11668e-09,9.342432,1.470504,8.93507e-06,49.8874
lhr14,3,307858,14270,14270,0,r,1,0,21.573791,1,63,281828,26030,91.545,128461,179397,41.727,14137,293721,4.592,313.367065,352.330963,381.704132,356.039307,319.390045,317.340759,323.135101,0.889411,0.820968,0.880147,0.981142,0.987478,0.969771,0,3.3934e-08,2.89945e-08,6.3098e-10,3.46112e-09,3.46112e-09,3.46112e-09,165.166748,1.897277,8.43238e-06,336.174
lp_standata,3,3230,359,1274,0,r,1,0,8.997214,2,745,0,3230,0.0,0,3230,0.0,0,3230,0.0,6.86016,8.093472,6.96224,6.978688,7.440864,6.919008,7.576224,0.847616,0.985338,0.983016,0.921957,0.991495,0.905485,0,3.88623e-08,0.0,0.0,0.0,0.0,0.0,5.926848,1.157472,1.17635e-05,106.596
hydr1c_a_73,3,19510,5308,5308,0,r,1,0,3.675584,1,12,7295,12215,37.391,18226,1284,93.419,18082,1428,92.681,12.0904,14.933664,18.630432,15.814336,14.492768,14.329024,15.821408,0.809607,0.64896,0.764521,0.834237,0.84377,0.76418,0,4.70045e-08,1.16384e-13,6.49684e-11,3.07556e-10,3.07556e-10,3.07556e-10,9.538656,1.267516,6.91688e-06,57.2159
t2d_q9_a_27,3,87025,9801,9801,0,r,1,0,8.879196,4,9,10951,76074,12.584,17535,69490,20.149,17667,69358,20.301,89.149986,89.647362,96.182434,96.896896,91.631683,90.008575,93.897217,0.994452,0.926884,0.92005,0.972917,0.990461,0.949442,0,4.46538e-08,2.36491e-10,4.395e-10,1.18619e-09,1.18619e-09,1.18619e-09,45.606144,1.95478,7.74877e-06,96.4746
delf_a_34,3,15403,3175,6650,0,r,1,0,4.851339,2,21,6329,9074,41.089,13269,2134,86.146,9578,5825,62.183,13.948352,15.584256,18.912895,17.584127,14.48656,14.437664,16.603519,0.895028,0.737505,0.793235,0.962848,0.966109,0.840084,0,4.55621e-08,2.77357e-11,8.71312e-11,2.06714e-09,2.06714e-09,2.06714e-09,9.366272,1.489211,8.54989e-06,51.3287
t2d_q4_a_45,5,87025,9801,9801,0,r,1,0,8.879196,4,9,311,86714,0.357,26530,60495,30.485,27084,59941,31.122,89.122978,89.628548,93.389053,98.366493,92.596062,90.249245,94.284515,0.994359,0.954319,0.90603,0.962492,0.98752,0.945256,0,4.60033e-08,1.50004e-12,3.71552e-10,9.1355e-10,9.1355e-10,9.1355e-10,46.523071,1.915673,7.82825e-06,88.3689
hydr1c_a_56,3,19495,5308,5308,0,r,1,0,3.672758,1,12,7299,12196,37.44,18211,1284,93.414,18067,1428,92.675,12.065856,15.080704,16.943104,15.8544,14.479872,14.328704,15.845824,0.800086,0.71214,0.761041,0.833285,0.842076,0.761453,0,4.93973e-08,1.07835e-13,5.75871e-11,2.86419e-10,2.86419e-10,2.86419e-10,9.541824,1.264523,7.8144e-06,54.9095
beaflw,3,53403,497,507,0,r,1,5,107.450704,0,494,26236,27167,49.128,39938,13465,74.786,74,53329,0.139,16.107456,20.376064,19.811617,20.781984,16.393791,16.265568,16.53664,0.790509,0.813031,0.775068,0.982534,0.990279,0.974046,0,6.06469e-08,9.46965e-12,5.39545e-11,1.30627e-09,1.30627e-09,1.30627e-09,10.127008,1.590544,4.36208e-06,99.3082
hangglider_4,3,149532,15561,15561,1,r,1,0,9.609408,2,13831,103248,46284,69.047,116360,33172,77.816,46322,103210,30.978,187.34198,221.016891,237.120667,233.319611,243.212067,209.409058,226.579834,0.847636,0.79007,0.802941,0.770282,0.894622,0.826825,0,5.48266e-08,2.43839e-11,4.50734e-11,5.41477e-08,5.41477e-08,5.41477e-08,114.468643,1.636623,5.37008e-06,798.578
dynamicsoaringproblem_5,2,36789,3271,3271,1,r,1,0,11.247019,2,1226,21595,15194,58.7,29837,6952,81.103,9314,27475,25.317,29.991199,33.423298,37.115009,36.489246,31.270817,31.375711,32.58717,0.897314,0.808061,0.821919,0.95908,0.955873,0.920338,0,8.00763e-08,1.54045e-12,6.77824e-12,7.28745e-12,7.28745e-12,7.28745e-12,18.985184,1.579716,6.57064e-06,43.1731
t2d_q9_a_06,3,87025,9801,9801,0,r,1,0,8.879196,4,9,65271,21754,75.003,0,87025,0.0,0,87025,0.0,89.128929,89.617889,107.842079,92.522079,90.052544,88.722206,92.980385,0.994544,0.826476,0.963326,0.989744,1.004584,0.958578,0,4.43909e-08,1.00705e-08,0.0,0.0,0.0,0.0,46.003231,1.937449,8.05777e-06,91.7269
t2d_q9_a_35,3,87025,9801,9801,0,r,1,0,8.879196,4,9,2563,84462,2.945,23396,63629,26.884,23796,63229,27.344,89.173859,89.771713,94.381378,97.888062,92.324158,90.347458,94.233315,0.99334,0.944825,0.910978,0.965878,0.98701,0.946309,0,4.68458e-08,2.33188e-11,3.77371e-10,9.87984e-10,9.87984e-10,9.87984e-10,46.465984,1.919121,8.23163e-06,92.2436
fxm2-16,2,32972,3900,7335,0,r,1,0,8.454359,1,57,13106,19866,39.749,25554,7418,77.502,23167,9805,70.263,36.066143,40.786625,43.773281,43.05901,39.798721,39.813824,41.937889,0.884264,0.823931,0.837598,0.906214,0.90587,0.859989,0,4.76962e-08,3.09126e-10,7.13608e-10,7.13414e-09,7.13414e-09,7.13414e-09,20.952736,1.721309,8.51728e-06,96.4149
delf_a_03,3,14432,3135,6605,0,r,1,0,4.603509,1,21,5609,8823,38.865,12463,1969,86.357,9093,5339,63.006,13.558048,15.285472,18.225857,17.325537,14.446656,14.29984,16.427776,0.886989,0.743891,0.782547,0.93849,0.948126,0.825312,0,4.35673e-08,2.80994e-11,1.20953e-10,4.18441e-09,4.18441e-09,4.18441e-09,10.577824,1.281743,7.33725e-06,57.2204
spmsrtls,5,229947,29995,29995,1,r,1,0,7.666178,4,8,163940,66007,71.295,67418,162529,29.319,1215,228732,0.528,122.368477,129.140518,154.724289,155.273376,123.475487,121.501854,125.680962,0.947561,0.790881,0.788084,0.991035,1.007133,0.973644,0,4.45284e-08,8.32997e-09,7.05951e-10,1.38275e-09,1.38275e-09,1.38275e-09,74.153763,1.650199,7.34775e-06,112.38
lund_b,3,2441,147,147,1,r,1,0,16.605442,5,21,430,2011,17.616,897,1544,36.747,5,2436,0.205,4.962368,5.264224,5.618112,5.579264,5.068832,5.033056,5.05008,0.942659,0.88328,0.889431,0.978996,0.985955,0.982632,0,3.91792e-08,3.9304e-12,3.29831e-10,2.41527e-11,2.41527e-11,2.41527e-11,3.978592,1.247267,1.01973e-05,32.7502
lp_vtp_base,3,1051,198,346,0,r,1,0,5.308081,1,38,22,1029,2.093,788,263,74.976,685,366,65.176,2.663936,2.924768,3.163904,3.551584,3.157216,3.038016,3.17984,0.91082,0.841977,0.75007,0.843761,0.876867,0.837758,0,2.98264e-08,2.07953e-12,3.19931e-10,6.09103e-10,6.09103e-10,6.09103e-10,3.230144,0.824711,7.77637e-06,42.8764
abacus_shell_ud_m,5,206474,23412,23412,0,r,1,0,8.819153,4,12,197163,9311,95.49,194623,11851,94.26,192142,14332,93.059,208.917282,222.219879,232.430908,231.752701,227.789276,220.839874,231.663361,0.940138,0.898836,0.901466,0.917152,0.946013,0.901814,0,4.43154e-08,5.18685e-10,6.86448e-12,4.03747e-12,4.03747e-12,4.03747e-12,110.169731,1.896322,6.45264e-06,181.47
nemeth11,3,408264,9506,9506,1,r,1,0,42.948033,18,52,408264,0,100.0,254742,153522,62.396,0,408264,0.0,232.827484,264.038818,269.718475,239.398087,235.644577,232.104568,235.9599,0.881793,0.863224,0.972554,0.988045,1.003115,0.986725,0,4.66044e-08,4.66044e-08,2.89737e-10,0.0,0.0,0.0,133.303329,1.746599,9.07596e-06,241.774
rw5151,2,20199,5151,5151,0,r,1,0,3.921374,1,4,20197,2,99.99,1003,19196,4.966,31,20168,0.153,9.690624,10.365184,11.547968,10.751648,9.45632,9.49344,10.099552,0.934921,0.839163,0.901315,1.024778,1.020771,0.95951,0,4.35832e-08,4.35744e-08,4.94747e-10,4.17174e-09,4.17174e-09,4.17174e-09,8.013024,1.209359,6.43157e-06,41.2433
rat_a_2,3,137413,3136,9408,0,r,1,0,43.817921,23,45,131141,6272,95.436,69549,67864,50.613,0,137413,0.0,80.440605,90.606049,100.162018,81.214943,81.484482,80.351807,81.714371,0.887806,0.803105,0.990466,0.987189,1.001105,0.984412,0,2.74897e-08,9.04579e-09,5.58489e-10,0.0,0.0,0.0,46.913696,1.714651,9.36809e-06,140.722
scfxm1-2b_a_2,3,14508,2460,4263,0,r,1,0,5.897561,1,57,4994,9514,34.422,3089,11419,21.292,1097,13411,7.561,12.214624,14.40736,15.391936,14.069312,12.727712,12.710112,13.39552,0.847804,0.793573,0.868175,0.959687,0.961016,0.911844,0,3.47132e-08,1.23263e-09,2.73835e-10,5.20896e-10,5.20896e-10,5.20896e-10,8.358496,1.461342,7.97875e-06,50.9518
tsopf_rs_b162_c4_b,2,10145,20374,49,0,r,1,10275,0.497939,0,2,10145,0,100.0,6000,4145,59.142,10053,92,99.093,11.776608,12.202496,14.334336,15.24624,8.842272,8.928832,13.087456,0.965098,0.821566,0.772427,1.331853,1.318942,0.899839,0,5.05342e-08,5.05342e-08,2.50142e-10,1.03929e-08,1.03929e-08,1.03929e-08,10.711136,1.099473,5.28337e-06,44.2942
lund_a,4,2449,147,147,1,r,1,0,16.659864,5,21,184,2265,7.513,1027,1422,41.935,0,2449,0.0,4.965664,5.19664,5.561088,5.562272,5.102688,5.048736,5.022656,0.955553,0.89293,0.89274,0.973147,0.983546,0.988653,0,4.63088e-08,1.99123e-14,1.25678e-10,0.0,0.0,0.0,4.32752,1.147462,8.64943e-06,31.59
oscil_dcop_01,1,1544,430,430,0,r,1,0,3.590698,1,13,637,907,41.256,1386,158,89.767,1288,256,83.42,2.779584,3.049856,4.319552,3.005952,3.11424,3.932256,3.846144,0.911382,0.643489,0.924693,0.89254,0.706867,0.722694,0,2.13498e-08,1.52398e-13,2.3749e-10,2.78733e-10,2.78733e-10,2.78733e-10,2.564416,1.083905,6.18446e-06,32.2173
cz148,1,1527,148,148,0,r,1,0,10.317568,1,33,582,945,38.114,680,847,44.532,1,1526,0.065,3.423168,3.585984,3.826496,3.541952,3.578592,3.631136,3.58288,0.954597,0.894596,0.966464,0.956568,0.942726,0.955424,0,3.69742e-08,2.92703e-10,4.32728e-10,2.18685e-12,2.18685e-12,2.18685e-12,3.578848,0.9565,7.60346e-06,34.6692
swang1,2,20841,3169,3169,0,r,1,0,6.576523,3,10,20841,0,100.0,1303,19538,6.252,0,20841,0.0,13.0616,14.319936,15.6208,15.36864,13.00832,13.071168,13.414016,0.912127,0.836167,0.849887,1.004096,0.999268,0.973728,0,4.7238e-08,4.7238e-08,4.30183e-10,0.0,0.0,0.0,9.656576,1.352612,7.37113e-06,50.2393
bips98_606_c,4,20,4,7135,0,r,1,0,5.0,5,5,9,11,45.0,5,15,25.0,0,20,0.0,2.772544,2.165984,3.622976,2.441408,2.262112,2.181184,2.132416,1.280039,0.765267,1.135633,1.225644,1.271119,1.300189,0,4.57426e-08,1.74695e-09,1.09296e-09,0.0,0.0,0.0,2.196896,1.262028,2.91227e-06,32.7394
std1_jac3,3,1455848,21982,21982,0,r,1,0,66.229097,1,1030,1323326,132522,90.897,1445752,10096,99.307,1385666,70182,95.179,587.865784,657.008301,657.427551,679.077209,660.294983,653.539062,662.434631,0.894762,0.894191,0.865683,0.890308,0.899511,0.887432,0,3.43086e-08,2.03117e-14,2.112e-13,8.42893e-11,8.42893e-11,8.42893e-11,340.394379,1.727014,5.79155e-06,1639.81
lhr17,3,381975,17576,17576,0,r,1,0,21.732761,1,63,349185,32790,91.416,157807,224168,41.313,15021,366954,3.932,385.065765,433.069061,467.748138,437.234802,392.078461,389.52005,396.506989,0.889156,0.823233,0.880684,0.982114,0.988565,0.971145,0,3.52578e-08,3.0341e-08,6.70502e-10,3.35942e-09,3.35942e-09,3.35942e-09,202.944839,1.897391,8.46733e-06,408.427
bips07_1693_c,3,20,4,13275,0,r,1,0,5.0,5,5,9,11,45.0,5,15,25.0,0,20,0.0,2.173984,2.136992,3.194592,2.523776,2.279936,2.145184,2.174656,1.01731,0.68052,0.861401,0.953529,1.013425,0.999691,0,2.69387e-08,6.54543e-10,1.41543e-10,0.0,0.0,0.0,2.095008,1.037697,4.88887e-06,29.654
tsopf_rs_b9_c6,2,54082,7224,7224,0,r,1,0,7.486434,2,11,32425,21657,59.955,32400,21682,59.909,180,53902,0.333,30.494656,36.339104,38.449986,38.389503,30.483681,30.557665,31.635809,0.839169,0.793099,0.794349,1.00036,0.997938,0.963928,0,4.45262e-08,2.40682e-10,2.13335e-11,4.60577e-10,4.60577e-10,4.60577e-10,20.346369,1.498776,6.67302e-06,60.4944
hydr1c_a_69,3,19503,5308,5308,0,r,1,0,3.674265,1,12,7319,12184,37.528,18220,1283,93.422,18075,1428,92.678,12.131488,14.929824,17.319616,15.802848,14.478656,14.31312,15.849216,0.812567,0.700448,0.767677,0.837888,0.847578,0.765431,0,4.14073e-08,1.23487e-13,5.81508e-11,2.33198e-10,2.33198e-10,2.33198e-10,9.997376,1.213467,7.8121e-06,59.9267
chebyshev1,4,2319,261,261,0,r,1,0,8.885057,3,261,2250,69,97.025,2276,43,98.146,2266,53,97.715,4.464672,5.153824,5.486176,5.136608,5.211456,5.031264,5.031072,0.866283,0.813804,0.869187,0.856703,0.887386,0.88742,0,6.04177e-08,1.26994e-11,3.36096e-11,2.93472e-11,2.93472e-11,2.93472e-11,4.275264,1.044303,5.02096e-06,56.1494
t2d_q9_a_02,5,87025,9801,9801,0,r,1,0,8.879196,4,9,51027,35998,58.635,19826,67199,22.782,20364,66661,23.4,89.198753,89.600929,105.714691,97.45491,91.938782,90.069664,94.054558,0.995511,0.843769,0.915282,0.970197,0.990331,0.948372,0,4.06972e-08,8.61963e-10,3.57132e-10,9.93973e-10,9.93973e-10,9.93973e-10,45.992287,1.939429,8.09598e-06,88.1507
oscil_dcop_02,1,1544,430,430,0,r,1,0,3.590698,1,13,624,920,40.415,1386,158,89.767,1288,256,83.42,2.812256,3.061984,3.134688,3.028384,3.076032,3.044,3.211232,0.918442,0.897141,0.928633,0.914248,0.923869,0.875756,0,4.97872e-08,4.78483e-14,1.55943e-10,2.06007e-10,2.06007e-10,2.06007e-10,3.522144,0.79845,4.06602e-06,31.7278
delf_a_10,3,14888,3135,6610,0,r,1,0,4.748963,2,21,5877,9011,39.475,12678,2210,85.156,9088,5800,61.042,13.522016,15.2136,16.868864,17.271328,14.277152,14.190752,16.313663,0.888811,0.801596,0.782917,0.947109,0.952875,0.828877,0,4.12678e-08,2.90719e-11,9.91551e-11,3.45031e-09,3.45031e-09,3.45031e-09,10.006176,1.351367,8.89885e-06,51.2729
cz10228,3,102876,10228,10228,0,r,1,0,10.058271,1,27,298,102578,0.29,43161,59715,41.954,1,102875,0.001,101.194626,106.823677,104.590271,108.051651,103.57859,100.748863,104.333565,0.947305,0.967534,0.936539,0.976984,1.004424,0.969914,0,3.69948e-08,7.19179e-15,5.51522e-10,7.89238e-16,7.89238e-16,7.89238e-16,51.475742,1.96587,7.72921e-06,118.466
oscil_dcop_55,1,1544,430,430,0,r,1,0,3.590698,1,13,662,882,42.876,1386,158,89.767,1288,256,83.42,2.653568,3.051328,4.071296,3.029696,3.052448,3.116576,3.148448,0.869644,0.651775,0.875853,0.869325,0.851437,0.842818,0,2.88561e-08,4.28031e-14,1.40512e-10,1.89573e-10,1.89573e-10,1.89573e-10,4.712576,0.563082,4.65872e-06,31.7378
freeflyingrobot_12,2,41940,5578,5578,1,r,1,0,7.518824,1,1117,19438,22502,46.347,40449,1491,96.445,40412,1528,96.357,32.161442,39.031231,40.686016,40.6488,38.025215,38.560192,39.73037,0.823993,0.790479,0.791203,0.845793,0.834058,0.809493,0,4.73845e-08,3.46954e-14,1.16561e-11,4.2406e-09,4.2406e-09,4.2406e-09,22.898176,1.404542,6.56352e-06,152.295
pres_poisson,5,715804,14822,14822,1,r,1,0,48.293348,18,50,710236,5568,99.222,289192,426612,40.401,0,715804,0.0,375.130371,429.972778,444.49353,415.523071,380.333313,374.398529,381.08075,0.872451,0.84395,0.902791,0.98632,1.001955,0.984386,0,4.56662e-08,2.13547e-08,3.40759e-10,0.0,0.0,0.0,216.177734,1.735287,8.69212e-06,318.453
inlet,3,328323,11730,11730,0,r,1,0,27.990026,1,41,322605,5718,98.258,237636,90687,72.379,42852,285471,13.052,245.06163,265.70755,281.449341,286.546722,251.021606,247.376007,252.331421,0.922298,0.870713,0.855224,0.976257,0.990644,0.97119,0,4.32257e-08,2.29994e-08,2.16418e-10,2.69756e-09,2.69756e-09,2.69756e-09,128.254471,1.910745,7.30021e-06,294.16
hydr1c_a_42,3,23523,5308,5308,0,r,1,0,4.431613,1,14,17961,5562,76.355,21774,1749,92.565,21519,2004,91.481,22.920448,27.063808,27.198145,27.719648,26.393345,26.300928,27.77696,0.846904,0.842721,0.826866,0.868418,0.871469,0.82516,0,4.31703e-08,3.79598e-12,8.3151e-11,5.16958e-10,5.16958e-10,5.16958e-10,15.728544,1.457252,7.8035e-06,63.6719
rail_5177,3,35185,5177,5177,1,r,1,0,6.796407,3,11,35185,0,100.0,940,34245,2.672,0,35185,0.0,24.308031,29.865055,31.337631,26.037472,24.360512,24.353825,25.177504,0.813929,0.775682,0.933579,0.997846,0.99812,0.965466,0,4.17688e-08,4.17688e-08,3.5474e-10,0.0,0.0,0.0,16.188768,1.501537,7.80149e-06,45.6694
nemeth08,5,394816,9506,9506,1,r,1,0,41.533347,17,52,394816,0,100.0,278786,116030,70.612,0,394816,0.0,229.921799,259.790436,266.423187,245.842117,232.993439,229.327805,233.282532,0.885028,0.862995,0.935242,0.986817,1.00259,0.985594,0,4.62467e-08,4.62467e-08,2.04567e-10,0.0,0.0,0.0,130.263168,1.765056,8.75244e-06,214.009
lp_scsd6,4,4316,147,1350,0,r,1,0,29.360544,20,40,3312,1004,76.738,0,4316,0.0,0,4316,0.0,5.056896,5.509792,6.377824,5.165824,5.201824,5.153568,5.129056,0.917802,0.792887,0.978914,0.972139,0.981242,0.985931,0,3.71931e-08,3.26533e-08,0.0,0.0,0.0,0.0,3.592512,1.407621,8.69103e-06,35.1117
psmigr_2,3,540022,3140,3140,0,r,1,0,171.981529,3,2293,540022,0,100.0,211725,328297,39.207,0,540022,0.0,135.396896,147.651779,150.00061,144.232132,135.50499,134.108643,135.557983,0.917001,0.902642,0.938743,0.999202,1.009606,0.998812,0,3.95729e-08,3.95729e-08,3.83199e-10,0.0,0.0,0.0,94.067841,1.439354,1.0608e-05,988.231
abacus_shell_ud_k,5,216082,23412,23412,0,r,1,0,9.22954,4,15,50455,165627,23.35,197326,18756,91.32,194536,21546,90.029,209.240891,222.197693,252.041443,232.192703,228.625946,221.198242,232.129639,0.941688,0.830184,0.901152,0.915211,0.945943,0.901397,0,4.53051e-08,1.42499e-14,1.84885e-11,6.15276e-12,6.15276e-12,6.15276e-12,110.227005,1.898272,7.8059e-06,186.345
case9_a_12,5,147972,14454,14454,1,r,1,0,10.237443,1,7210,103528,44444,69.965,147960,12,99.992,147898,74,99.95,133.893799,143.37149,155.803101,148.150085,146.626205,142.834656,148.946716,0.933894,0.859378,0.903771,0.913164,0.937404,0.898938,0,6.88367e-08,1.2665e-16,2.62004e-16,2.29084e-16,2.29084e-16,2.29084e-16,71.098557,1.883214,4.07003e-06,74.0841
lp_grow15,3,5620,300,645,0,r,1,0,18.733333,5,22,4995,625,88.879,3435,2185,61.121,0,5620,0.0,7.867552,8.38,9.359104,9.236576,7.913504,7.877728,8.020608,0.938849,0.840631,0.851782,0.994193,0.998708,0.980917,0,2.93563e-08,1.87819e-08,4.77514e-10,0.0,0.0,0.0,5.681088,1.384867,9.16877e-06,37.5936
bloweybq,5,69991,10001,10001,1,r,1,0,6.9984,4,10001,39994,29997,57.142,19992,49999,28.564,10001,59990,14.289,98.014877,121.755455,123.923012,128.047836,119.682404,135.067993,146.371964,0.805014,0.790934,0.765455,0.818958,0.725671,0.669629,0,3.45519e-08,1.46733e-09,5.92947e-15,3.28614e-08,3.28614e-08,3.28614e-08,71.201759,1.376579,2.10979e-06,64.5962
mbeause,3,41063,496,496,0,r,1,48,82.788306,0,489,18106,22957,44.093,23111,17952,56.282,198,40865,0.482,14.743808,18.054785,19.138241,18.357121,14.552288,14.518688,15.235904,0.816615,0.770385,0.803166,1.013161,1.015506,0.967702,0,2.90775e-08,4.01242e-11,9.97342e-11,2.18683e-08,2.18683e-08,2.18683e-08,8.873088,1.661632,7.58868e-06,96.1371
cavity25,3,138187,4562,4562,0,r,1,0,30.290881,1,62,122591,15596,88.714,64419,73768,46.617,21903,116284,15.85,103.677277,116.111458,120.088577,113.953827,106.534492,105.596161,108.152573,0.892912,0.86334,0.909818,0.97318,0.981828,0.958621,0,4.50263e-08,8.09906e-09,4.71332e-10,9.84195e-10,9.84195e-10,9.84195e-10,56.942657,1.820731,9.14226e-06,178.644
t2d_q4_a_28,3,87025,9801,9801,0,r,1,0,8.879196,4,9,10943,76082,12.575,17659,69366,20.292,17811,69214,20.467,89.109825,89.683907,95.474815,96.968163,91.704124,90.051422,94.032318,0.993599,0.933333,0.91896,0.97171,0.989544,0.947651,0,4.71347e-08,2.51782e-10,4.61292e-10,1.20693e-09,1.20693e-09,1.20693e-09,46.230846,1.927497,8.0932e-06,93.5469
hydr1c_a_40,3,19491,5308,5308,0,r,1,0,3.672005,1,12,7298,12193,37.443,18209,1282,93.423,18063,1428,92.674,12.064704,14.920864,16.936993,15.841568,14.499232,14.306816,15.829344,0.808579,0.712329,0.761585,0.832093,0.843284,0.762173,0,4.88481e-08,1.06749e-13,6.46254e-11,3.52223e-10,3.52223e-10,3.52223e-10,9.51744,1.267642,8.06134e-06,56.9747
beause,3,44551,497,507,0,r,1,5,89.639839,0,500,18499,26052,41.523,32410,12141,72.748,71,44480,0.159,15.564544,19.516159,18.784672,19.601919,15.692992,15.68816,16.298208,0.797521,0.828577,0.794032,0.991815,0.99212,0.954985,0,4.84922e-08,8.09421e-12,7.33224e-11,2.35239e-09,2.35239e-09,2.35239e-09,10.16272,1.531533,1.03307e-05,96.4008
t2d_q9_a_08,5,87025,9801,9801,0,r,1,0,8.879196,4,9,65269,21756,75.0,0,87025,0.0,0,87025,0.0,89.110947,89.563202,107.677696,92.539551,90.172447,88.649086,92.885376,0.99495,0.827571,0.96295,0.988228,1.00521,0.959365,0,4.35121e-08,1.02547e-08,0.0,0.0,0.0,0.0,46.081154,1.933783,8.10169e-06,88.1699
lp_sc105,3,340,105,163,0,r,1,0,3.238095,1,5,6,334,1.765,2,338,0.588,1,339,0.294,2.21776,2.411328,2.655008,2.705472,2.63488,2.484832,2.518784,0.919726,0.835312,0.819731,0.841693,0.892519,0.880488,0,2.12679e-08,3.63039e-09,4.71291e-10,8.7988e-10,8.7988e-10,8.7988e-10,3.188064,0.695645,6.70583e-06,32.9803
raefsky4,5,1328611,19779,19779,1,r,1,0,67.17281,18,177,46220,1282391,3.479,1325466,3145,99.763,1298209,30402,97.712,546.504395,629.43866,596.641479,642.940369,631.021973,625.595642,633.110657,0.868241,0.915968,0.850008,0.866062,0.873574,0.863205,0,4.46267e-08,2.68119e-14,3.83245e-12,5.09651e-12,5.09656e-12,5.09648e-12,306.602081,1.782455,9.57621e-06,531.233
hydr1c_a_18,3,19479,5308,5308,0,r,1,0,3.669744,1,12,7284,12195,37.394,18195,1284,93.408,18051,1428,92.669,12.075008,14.910848,16.328287,15.805856,14.460224,14.321792,15.876576,0.809814,0.739515,0.763958,0.83505,0.843121,0.760555,0,5.17553e-08,1.21966e-13,6.54522e-11,3.11153e-10,3.11153e-10,3.11153e-10,9.910592,1.218394,8.22676e-06,55.7786
model10,3,150372,4400,16819,0,r,1,0,34.175455,1,537,48858,101514,32.491,89873,60499,59.767,79425,70947,52.819,104.646812,117.147453,120.765984,117.89357,114.218399,113.259933,114.959679,0.893291,0.866526,0.887638,0.916199,0.923953,0.910291,0,4.53568e-08,2.85176e-11,7.46343e-11,7.84341e-11,7.84341e-11,7.84341e-11,55.768257,1.876458,4.70342e-06,219.387
case9_b1_11,2,14134,14454,1,0,r,1,320,0.977861,0,1,14125,9,99.936,14128,6,99.958,14134,0,100.0,10.331488,11.002464,12.718656,11.646336,11.081184,11.233728,11.671968,0.939016,0.81231,0.887102,0.932345,0.919685,0.885154,0,2.8654e-08,4.07105e-15,4.952e-13,2.8654e-08,2.8654e-08,2.8654e-08,9.570304,1.079536,5.33535e-06,48.4966
poli_large,3,33074,15575,15575,0,r,1,0,2.123531,1,491,8460,24614,25.579,976,32098,2.951,13556,19518,40.987,33.220608,42.831615,43.444767,36.252609,35.97456,34.699104,40.436798,0.775609,0.764663,0.916365,0.923447,0.957391,0.821544,0,2.92216e-08,1.40746e-08,2.8532e-10,1.89934e-08,1.89934e-08,1.89934e-08,24.463585,1.357962,8.15075e-06,159.069
large_a_32,3,20667,4294,8626,0,r,1,0,4.812995,2,21,8411,12256,40.698,18132,2535,87.734,13528,7139,65.457,17.782305,20.034496,23.345951,22.705185,18.886688,18.742752,21.611488,0.887584,0.761687,0.783183,0.941526,0.948756,0.822817,0,4.3362e-08,2.8641e-11,1.28015e-10,1.96386e-08,1.96386e-08,1.96386e-08,12.716832,1.398328,7.17728e-06,60.6327
str_400,3,3157,363,363,0,r,1,0,8.69697,1,33,2510,647,79.506,1697,1460,53.754,498,2659,15.774,5.326272,5.978208,6.11568,5.64768,5.529824,5.41712,5.904576,0.890948,0.870921,0.94309,0.96319,0.983229,0.902058,0,3.36682e-08,1.10539e-08,5.72384e-10,5.07783e-09,5.07783e-09,5.07783e-09,4.64384,1.146954,8.24753e-06,35.0017
oscil_trans_01,1,1614,430,430,0,r,1,0,3.753488,1,13,656,958,40.644,1440,174,89.219,1348,266,83.519,2.731904,3.034656,3.18736,3.058464,3.094144,3.224512,4.358464,0.900235,0.857106,0.893227,0.882927,0.84723,0.626804,0,5.24066e-08,4.09512e-14,2.08632e-10,7.73232e-09,7.73232e-09,7.73232e-09,3.551936,0.769131,5.73442e-06,36.3225
lowthrust_11,5,223801,18368,18368,1,r,1,0,12.184288,2,7142,165316,58485,73.867,134477,89324,60.088,30612,193189,13.678,173.306946,193.865082,211.163971,209.928131,180.401245,175.985214,187.422684,0.893956,0.820722,0.825554,0.960675,0.984781,0.924685,0,4.36175e-08,4.4984e-09,2.48779e-10,3.82774e-09,3.82774e-09,3.82774e-09,96.056259,1.804223,8.07791e-06,113.894
bloweya,3,150009,30004,30004,1,r,1,0,4.999633,2,10001,40008,110001,26.67,40004,110005,26.668,20002,130007,13.334,219.254333,260.794586,246.131073,244.69754,268.405182,222.684418,286.463959,0.840717,0.890803,0.896022,0.816878,0.984597,0.765382,0,4.2407e-08,4.2347e-11,1.80768e-14,8.09186e-17,8.09186e-17,8.09186e-17,145.657669,1.505271,1.60917e-05,1185.37
hydr1c_a_27,3,19485,5308,5308,0,r,1,0,3.670874,1,12,7291,12194,37.419,18200,1285,93.405,18057,1428,92.671,12.146304,15.003648,17.248512,15.890528,14.634496,14.379488,15.88368,0.809557,0.704194,0.764374,0.829978,0.844697,0.764703,0,4.04178e-08,1.05034e-13,5.89128e-11,3.22327e-10,3.22327e-10,3.22327e-10,10.135808,1.198356,7.27389e-06,57.8937
mark3jac060,3,170695,27449,27449,0,r,1,0,6.218624,2,44,108558,62137,63.598,161678,9017,94.717,148137,22558,86.785,124.229057,140.143906,157.52713,149.753159,141.821884,139.294174,148.5849,0.886439,0.78862,0.829559,0.875951,0.891847,0.836081,0,3.85096e-08,3.82291e-14,1.43117e-11,4.5828e-10,4.5828e-10,4.5828e-10,76.023651,1.634084,3.95049e-06,719.203
nd6k,1,6897316,18000,18000,1,r,1,0,383.184222,130,514,6745422,151894,97.798,6476852,420464,93.904,0,6897316,0.0,1368.876709,1284.064453,1315.171997,1285.964722,1385.353516,1357.325562,1376.731445,1.06605,1.040835,1.064475,0.988106,1.00851,0.994295,0,4.51812e-08,9.59611e-10,4.55524e-11,0.0,0.0,0.0,872.458618,1.568988,1.09611e-05,2766.96
t2d_q9_a_38,5,87025,9801,9801,0,r,1,0,8.879196,4,9,214,86811,0.246,42599,44426,48.95,44166,42859,50.751,89.150467,89.63485,93.65667,100.554527,91.801376,90.063683,94.492676,0.994596,0.951886,0.886588,0.971123,0.98986,0.943464,0,4.65635e-08,3.68066e-14,1.99859e-10,5.40988e-10,5.40988e-10,5.40988e-10,46.713535,1.90845,7.40222e-06,89.3578
bayer02,3,63679,13935,13935,0,r,1,0,4.569717,1,22,61556,2123,96.666,61555,2124,96.665,63668,11,99.983,56.125729,63.961151,66.585312,65.481277,64.165085,63.961792,65.68483,0.877497,0.842915,0.857126,0.874708,0.877488,0.85447,0,1.41914e-08,6.66024e-13,6.66011e-13,1.41914e-08,1.41914e-08,1.41914e-08,35.880543,1.564239,2.74319e-06,125.681
nemeth14,5,496144,9506,9506,1,r,1,0,52.19272,24,60,496144,0,100.0,307202,188942,61.918,0,496144,0.0,250.261215,290.424408,297.511383,258.526367,253.692902,250.250366,253.913086,0.861709,0.841182,0.96803,0.986473,1.000043,0.985618,0,4.47715e-08,4.47715e-08,2.8532e-10,0.0,0.0,0.0,143.269669,1.746784,9.26527e-06,235.303
jan99jac020sc,3,38692,6774,6774,0,r,1,0,5.711839,2,68,20216,18476,52.249,5464,33228,14.122,1489,37203,3.848,28.91408,33.975071,37.296577,33.933247,29.277952,29.151104,31.203136,0.851038,0.775248,0.852087,0.987572,0.991869,0.92664,0,2.70747e-08,2.46689e-09,5.62401e-11,1.82831e-08,1.82831e-08,1.82831e-08,19.319168,1.496652,5.79359e-06,134.288
raefsky2,3,294276,3242,3242,0,r,1,0,90.769895,24,108,291180,3096,98.948,110145,184131,37.429,0,294276,0.0,101.59584,115.566719,127.192131,114.344444,103.557884,101.06723,103.073891,0.87911,0.798759,0.888507,0.981054,1.00523,0.98566,0,3.45164e-08,2.68847e-08,4.9362e-10,0.0,0.0,0.0,59.78384,1.699386,1.02227e-05,267.111
hydr1c_a_67,3,19502,5308,5308,0,r,1,0,3.674077,1,12,7306,12196,37.463,18220,1282,93.426,18074,1428,92.678,12.065408,14.9536,16.267904,15.797632,14.452832,14.322912,15.820416,0.806856,0.741669,0.763748,0.834813,0.842385,0.762648,0,3.61797e-08,1.06256e-13,6.34789e-11,2.9421e-10,2.9421e-10,2.9421e-10,9.711872,1.242336,6.97196e-06,54.8982
t2dah,5,176117,11445,11445,1,r,1,0,15.388117,8,21,170590,5527,96.862,149559,26558,84.92,138152,37965,78.443,121.292419,138.147995,143.799362,142.818649,138.554947,134.262009,138.37706,0.877989,0.843484,0.849276,0.87541,0.903401,0.876536,0,5.04388e-08,3.58777e-09,7.63205e-11,5.89342e-11,5.89342e-11,5.89342e-11,66.504578,1.823821,8.14052e-06,110.806
bcsstk06,3,7860,420,420,1,r,1,0,18.714286,2,28,2486,5374,31.628,5466,2394,69.542,473,7387,6.018,10.057856,10.798848,12.11344,12.050144,10.2648,10.256736,10.475328,0.931382,0.830306,0.834667,0.979839,0.98061,0.960147,0,4.92521e-08,1.962e-14,1.96442e-10,1.19648e-10,1.19648e-10,1.19648e-10,6.917152,1.454046,7.09091e-06,34.9449
hydr1c_a_54,3,23543,5308,5308,0,r,1,0,4.435381,1,14,17880,5663,75.946,21796,1747,92.58,21539,2004,91.488,22.931681,26.9832,27.265217,27.748257,26.388577,26.281696,27.79808,0.84985,0.84106,0.826419,0.869,0.872534,0.824938,0,3.57042e-08,3.18422e-12,7.17751e-11,1.90184e-09,1.90184e-09,1.90184e-09,16.155872,1.419402,8.03907e-06,55.5084
viscoplastic1_c_6,2,61166,4326,4326,0,r,1,0,14.139159,7,37,25926,35240,42.386,33234,27932,54.334,22326,38840,36.501,39.277248,43.470978,50.01667,49.154911,40.442497,40.618111,41.683392,0.903528,0.785283,0.79905,0.971188,0.966989,0.942276,0,3.59593e-08,3.27533e-13,1.84791e-10,3.11907e-13,3.11907e-13,3.11907e-13,22.596191,1.738224,7.98191e-06,60.2342
dynamicsoaringproblem_8,2,38136,3543,3543,1,r,1,0,10.76376,2,1328,22965,15171,60.219,35833,2303,93.961,29738,8398,77.979,32.027935,35.47744,40.301151,38.371712,34.492641,34.53952,36.635742,0.902769,0.794715,0.834676,0.928544,0.927284,0.874226,0,9.18939e-08,2.89836e-12,2.0113e-11,3.45872e-09,3.45872e-09,3.45872e-09,18.901632,1.694453,8.9112e-06,43.8475
hydr1c_a_12,3,19503,5308,5308,0,r,1,0,3.674265,1,12,7307,12196,37.466,18218,1285,93.411,18075,1428,92.678,12.089856,14.951456,16.309568,15.805632,14.460416,14.338336,15.8552,0.808607,0.741274,0.764908,0.836066,0.843184,0.762517,0,4.3448e-08,1.07266e-13,5.68722e-11,2.518e-10,2.518e-10,2.518e-10,9.538464,1.267485,5.99611e-06,53.9467
str_0,3,2454,363,363,0,r,1,0,6.760331,1,34,1885,569,76.813,1319,1135,53.749,503,1951,20.497,3.534144,3.984576,4.079552,4.10656,3.935648,3.580576,3.858368,0.886956,0.866307,0.860609,0.897983,0.987032,0.915969,0,3.27092e-08,1.50047e-08,7.19703e-10,1.12288e-08,1.12288e-08,1.12288e-08,3.623264,0.975403,5.89849e-06,42.5588
si10h16,3,875923,17077,17077,1,r,1,0,51.292557,7,393,761166,114757,86.899,577564,298359,65.938,0,875923,0.0,398.35202,452.394806,476.126038,473.994293,401.217163,396.662292,404.249176,0.880541,0.836652,0.840415,0.992859,1.00426,0.985412,0,4.1778e-08,2.58929e-09,1.61774e-10,0.0,0.0,0.0,225.656448,1.765303,9.07917e-06,485.896
impcol_a,3,572,207,207,0,r,1,0,2.763285,1,8,153,419,26.748,476,96,83.217,431,141,75.35,2.375136,2.588096,3.121728,3.211712,2.608288,2.55936,2.962944,0.917716,0.76084,0.739523,0.910611,0.928019,0.801613,0,3.08937e-08,6.82106e-11,2.25248e-10,1.5737e-08,1.5737e-08,1.5737e-08,3.361472,0.706576,1.17954e-05,31.9386
tsopf_fs_b39_c7,5,730080,28216,28216,1,r,1,0,25.874681,1,14024,574762,155318,78.726,574554,155526,78.697,149537,580543,20.482,632.318542,692.544312,660.731445,660.751892,634.970947,630.281616,641.504639,0.913037,0.956998,0.956968,0.995823,1.003232,0.98568,0,4.83585e-08,3.83688e-12,2.8554e-13,1.98596e-10,1.98596e-10,1.98596e-10,336.740692,1.877761,7.0127e-06,309.561
hydr1c_a_52,3,19503,5308,5308,0,r,1,0,3.674265,1,12,7317,12186,37.517,18221,1282,93.427,18075,1428,92.678,12.059008,14.952704,17.318848,15.793824,14.50272,14.311456,15.848224,0.806477,0.696294,0.763527,0.8315,0.842612,0.760906,0,4.87876e-08,1.19983e-13,6.08394e-11,3.14422e-10,3.14422e-10,3.14422e-10,9.501216,1.269207,7.8529e-06,55.105
t2d_q9_a_13,3,87025,9801,9801,0,r,1,0,8.879196,4,9,31650,55375,36.369,14329,72696,16.465,14022,73003,16.113,89.169853,89.671165,100.581474,96.166176,91.434563,89.743843,93.903748,0.994409,0.886544,0.927248,0.975231,0.993604,0.949588,0,4.17558e-08,6.92295e-10,3.41381e-10,9.24551e-10,9.24551e-10,9.24551e-10,46.243809,1.928255,8.73899e-06,90.0901
delf_a_29,3,15602,3179,6654,0,r,1,0,4.907833,2,21,6506,9096,41.7,13470,2132,86.335,9702,5900,62.184,13.707616,15.434912,18.418079,17.507648,14.471264,14.368512,16.59248,0.888092,0.744248,0.78295,0.94723,0.954004,0.826134,0,4.43965e-08,3.06022e-11,1.01313e-10,3.75759e-09,3.75759e-09,3.75759e-09,9.325696,1.469876,6.99727e-06,58.9899
sinc18,3,973826,16428,16428,0,r,1,0,59.278427,1,111,450014,523812,46.211,963586,10240,98.948,900529,73297,92.473,449.430054,505.173431,520.308533,516.19635,509.631256,505.694153,507.07843,0.889655,0.863776,0.870657,0.881873,0.888739,0.886313,0,4.741e-08,3.06531e-14,7.80047e-12,4.14425e-12,4.14419e-12,4.14417e-12,289.93103,1.550127,6.49928e-06,741.552
lfat5000_m,0,79966,19994,19994,1,r,1,0,3.9995,2,5,79966,0,100.0,64974,14992,81.252,54978,24988,68.752,53.719646,51.820927,58.418846,64.950912,61.14307,59.574818,76.26442,1.03664,0.91956,0.827081,0.878589,0.901717,0.704387,0,4.90285e-08,4.90285e-08,7.48877e-11,7.48877e-11,7.48877e-11,7.48877e-11,28.307327,1.897729,6.44511e-06,65.3378
mcca,0,2659,180,180,0,r,1,0,14.772222,4,60,11,2648,0.414,2615,44,98.345,2477,182,93.155,4.076672,4.323104,4.0736,4.390912,4.335136,4.383648,4.378784,0.942997,1.000754,0.928434,0.940379,0.929973,0.931005,0,2.59672e-08,2.8802699999999997e-27,5.70863e-12,3.7451e-12,3.7451e-12,3.7451e-12,4.001504,1.018785,4.64405e-06,36.0738
graphics,3,117954,29493,11822,0,r,1,0,3.99939,3,4,172,117782,0.146,72256,45698,61.258,26602,91352,22.553,59.020287,59.261986,59.86528,71.945534,60.433121,58.215233,65.05056,0.995922,0.985885,0.820347,0.976622,1.013829,0.907299,0,4.8599e-08,5.11895e-16,1.45574e-10,1.44949e-10,1.44949e-10,1.44949e-10,37.870049,1.558495,5.21565e-06,114.091
mult_dcop_01,1,193276,25187,25187,0,r,1,0,7.673641,1,22767,192748,528,99.727,192573,703,99.636,193276,0,100.0,396.384674,480.952728,479.387115,478.409271,506.374176,478.980316,508.519348,0.824166,0.826857,0.828547,0.78279,0.827559,0.779488,0,2.62896e-08,4.60831e-11,2.78728e-11,2.62896e-08,2.62896e-08,2.62896e-08,271.675781,1.459036,1.14959e-05,2734.86
sts4098,5,72356,4098,4098,1,r,1,0,17.656418,4,784,12056,60300,16.662,61260,11096,84.665,50221,22135,69.408,80.869186,88.443108,91.164604,94.467712,87.132545,86.535233,88.71904,0.914364,0.887068,0.856051,0.928117,0.934523,0.91152,0,4.80361e-08,2.03545e-14,1.77987e-11,1.35673e-11,1.35673e-11,1.35673e-11,43.131454,1.874947,5.11657e-06,77.6119
impcol_e,2,1308,225,225,0,r,1,0,5.813333,1,12,825,483,63.073,1256,52,96.024,1308,0,100.0,3.035456,3.087296,3.273408,3.139072,3.135904,3.137728,3.233248,0.983209,0.927308,0.966992,0.967968,0.967406,0.938826,0,4.21853e-08,1.43608e-11,3.84748e-11,4.21853e-08,4.21853e-08,4.21853e-08,3.500768,0.867083,6.31325e-06,33.7543
inlet_b,2,39,11730,2,0,r,1,11691,0.003325,0,1,17,22,43.59,0,39,0.0,39,0,100.0,6.465024,6.640896,7.069984,7.077888,3.509824,3.677088,6.948256,0.973517,0.914433,0.913411,1.84198,1.758191,0.930453,0,3.32737e-08,5.88163e-09,0.0,3.32737e-08,3.32737e-08,3.32737e-08,6.921632,0.934032,3.23199e-06,37.6738
tuma2,2,49365,12992,12992,1,r,1,0,3.799646,1,5,18907,30458,38.3,12393,36972,25.105,706,48659,1.43,25.582752,30.851328,27.288095,28.492384,24.908447,25.035393,28.202047,0.829227,0.937506,0.89788,1.027071,1.021863,0.907124,0,2.853e-08,6.76762e-09,7.30782e-10,3.50455e-09,3.50455e-09,3.50455e-09,18.484703,1.383996,6.84554e-06,66.1094
zd_jac2_db,3,676439,22835,22835,0,r,1,0,29.622903,1,224,568098,108341,83.984,662495,13944,97.939,460028,216411,68.007,523.108398,574.871704,576.634888,596.572937,573.789124,565.260437,573.429016,0.909957,0.907174,0.876856,0.911674,0.925429,0.912246,0,5.1712e-08,3.24592e-14,4.07221e-12,7.21395e-09,7.21395e-09,7.21395e-09,278.288544,1.879734,7.80764e-06,674.78
t2dal_bci_aside,2,31,4257,4257,1,r,1,4226,0.007282,0,1,31,0,100.0,0,31,0.0,31,0,100.0,3.565056,3.665312,3.984896,3.887584,2.175072,2.296128,3.837504,0.972647,0.894642,0.917036,1.639052,1.552638,0.929004,0,4.76149e-08,4.76149e-08,0.0,4.76149e-08,4.76149e-08,4.76149e-08,4.58992,0.776714,3.92909e-06,31.6114
appu,3,1853104,14000,14000,0,r,1,0,132.364571,12,294,1841670,11434,99.383,283078,1570026,15.276,0,1853104,0.0,628.459717,666.847107,706.244202,642.466309,629.040649,627.715759,628.589355,0.942434,0.889862,0.978199,0.999076,1.001185,0.999794,0,4.50062e-08,3.18463e-08,4.79014e-10,0.0,0.0,0.0,522.815613,1.202068,1.13268e-05,1899.88
tumorantiangiogenesis_6,2,4795,465,465,1,r,1,0,10.311828,2,461,2529,2266,52.742,4755,40,99.166,4795,0,100.0,7.005856,7.925024,8.767488,8.3464,7.84672,7.85856,7.99744,0.884017,0.799072,0.839387,0.892839,0.891494,0.876012,0,3.53339e-08,1.23114e-15,3.08951e-13,3.53339e-08,3.53339e-08,3.53339e-08,5.726368,1.223438,3.26127e-06,60.64
west0381,3,2157,381,381,0,r,1,0,5.661417,1,25,1286,871,59.62,1155,1002,53.547,631,1526,29.254,3.71504,4.084736,4.888416,4.050752,3.958656,3.803008,3.998272,0.909493,0.759968,0.917123,0.93846,0.976869,0.929161,0,3.06497e-08,1.50835e-10,8.73878e-11,2.5098e-08,2.5098e-08,2.5098e-08,2.726144,1.362745,5.37234e-06,34.1625
large_a_22,2,19952,4311,8633,0,r,1,0,4.628161,2,21,7286,12666,36.518,17187,2765,86.142,12910,7042,64.705,17.746977,20.060064,23.146879,22.724096,18.861792,18.866367,21.531679,0.884692,0.766711,0.780976,0.940896,0.940667,0.824226,0,4.60134e-08,2.22659e-11,1.33106e-10,1.92515e-08,1.92515e-08,1.92515e-08,12.68768,1.398757,7.86709e-06,59.9659
case9_b1_12,2,14146,14454,1,0,r,1,308,0.978691,0,1,14137,9,99.936,14140,6,99.958,14146,0,100.0,10.383488,11.063808,12.889824,11.732288,11.21712,11.283552,11.825056,0.938509,0.805557,0.885035,0.925682,0.920232,0.878092,0,2.80337e-08,2.33678e-19,7.01751e-14,2.80337e-08,2.80337e-08,2.80337e-08,9.06736,1.14515,1.65999e-06,41.2296
chipcool0,3,281150,20082,20082,0,r,1,0,14.0001,5,24,281150,0,100.0,250755,30395,89.189,247185,33965,87.919,196.552322,216.163452,224.378983,225.307205,220.369217,213.715225,225.555206,0.909276,0.875984,0.872375,0.891923,0.919693,0.871416,0,4.29918e-08,4.29918e-08,2.1602e-11,1.81236e-11,1.81236e-11,1.81236e-11,108.438019,1.812578,8.27868e-06,265.482
hydr1c_a_22,3,23542,5308,5308,0,r,1,0,4.435192,1,14,18071,5471,76.761,21793,1749,92.571,21538,2004,91.488,22.906689,26.99712,27.245953,27.771839,26.394112,26.301023,27.769888,0.848486,0.840737,0.824817,0.867871,0.870943,0.824875,0,4.9335e-08,4.21159e-12,7.73103e-11,1.98687e-09,1.98687e-09,1.98687e-09,16.575457,1.381964,7.78824e-06,55.356
c-27,3,31375,4563,4563,1,r,1,0,6.875959,2,369,21597,9778,68.835,17726,13649,56.497,6014,25361,19.168,22.167135,26.265663,27.902687,27.497185,23.875008,23.167456,24.907969,0.843959,0.794444,0.80616,0.928466,0.956822,0.889962,0,1.18611e-08,6.37881e-11,2.98642e-11,3.82313e-11,3.82313e-11,3.82313e-11,15.690304,1.412792,7.6113e-06,78.3783
t2d_q4_a_15,3,87025,9801,9801,0,r,1,0,8.879196,4,9,31261,55764,35.922,2503,84522,2.876,1272,85753,1.462,89.131104,89.669502,101.496483,93.467262,90.199806,88.82093,92.979172,0.993996,0.878169,0.953608,0.988152,1.003492,0.958614,0,4.38719e-08,1.85123e-09,2.66628e-10,5.13692e-10,5.13692e-10,5.13692e-10,46.687008,1.90912,8.02637e-06,91.7087
ex18,2,71805,5773,5773,0,r,1,0,12.438074,1,18,36136,35669,50.325,44989,26816,62.654,24067,47738,33.517,54.833279,63.883167,60.894878,59.697311,56.83424,56.979874,64.941635,0.858337,0.900458,0.918522,0.964793,0.962327,0.844347,0,4.24337e-08,1.60283e-14,2.62828e-10,1.05422e-11,1.05422e-11,1.05422e-11,30.338753,1.807368,7.19412e-06,85.0812
delf_a_11,3,14952,3147,6622,0,r,1,0,4.751192,2,21,5906,9046,39.5,12751,2201,85.28,9143,5809,61.149,13.631872,15.236192,16.941183,17.322304,14.371552,14.31488,16.312927,0.894703,0.804659,0.786955,0.948532,0.952287,0.835648,0,5.05465e-08,2.79734e-11,9.63704e-11,3.0891e-09,3.0891e-09,3.0891e-09,10.059808,1.355083,7.81915e-06,56.3056
saylr1,4,1128,238,238,0,r,1,0,4.739496,3,5,98,1030,8.688,1024,104,90.78,962,166,85.284,2.78912,3.013056,3.089536,3.08384,3.09888,3.075552,3.0688,0.925678,0.902763,0.904431,0.900041,0.906868,0.908863,0,2.28314e-08,1.29231e-16,6.70268e-11,6.34575e-11,6.34575e-11,6.34575e-11,4.289568,0.65021,5.47923e-06,38.6582
tumorantiangiogenesis_7,3,4597,475,475,1,r,1,0,9.677895,2,471,2530,2067,55.036,4557,40,99.13,4597,0,100.0,7.263296,8.20896,9.321088,8.596608,8.177312,8.097088,8.186976,0.884801,0.779233,0.844903,0.888225,0.897026,0.887177,0,3.20073e-08,8.45358e-16,2.56869e-12,3.20073e-08,3.20073e-08,3.20073e-08,4.941984,1.469713,3.71264e-06,58.6999
bcsstm25,2,15439,15439,15439,1,r,1,0,1.0,1,1,30,15409,0.194,14377,1062,93.121,15439,0,100.0,10.907488,11.60848,13.610464,13.432288,11.86576,12.076,12.291936,0.939614,0.801405,0.812035,0.919241,0.903237,0.887369,0,4.56784e-08,7.2033e-18,4.28264e-11,4.56784e-08,4.56784e-08,4.56784e-08,9.31168,1.171377,3.28992e-06,49.7479
lhr10c,3,232633,10672,10672,0,r,1,0,21.798445,1,63,214358,18275,92.144,117687,114946,50.589,22333,210300,9.6,235.791367,264.807739,289.074341,270.884186,241.423462,239.902786,244.208099,0.890425,0.815677,0.870451,0.976671,0.982862,0.965535,0,3.95488e-08,2.67798e-08,5.01671e-10,7.29497e-09,7.29497e-09,7.29497e-09,124.678658,1.891193,7.72703e-06,276.776
case9_b2_07,2,14453,14454,1,0,r,1,1,0.999931,0,1,14426,27,99.813,14439,14,99.903,14453,0,100.0,10.301568,11.068704,12.727616,11.695936,11.235072,11.414688,11.690976,0.930693,0.809387,0.880782,0.916912,0.902484,0.881156,0,6.6982e-08,9.72528e-14,5.35199e-13,6.6982e-08,6.6982e-08,6.6982e-08,9.622944,1.070521,1.44545e-06,43.6774
lp_osa_30,1,604488,4350,104374,0,r,1,0,138.962759,18,72555,396,604092,0.066,6,604482,0.001,0,604488,0.0,394.554535,416.252808,434.861633,432.916687,463.66626,468.894806,465.312683,0.947872,0.907311,0.911387,0.850945,0.841456,0.847934,0,5.51037e-08,2.11146e-10,5.68258e-12,0.0,0.0,0.0,257.767151,1.530663,0.000111915,9116.83
lowthrust_6,5,207349,16928,16928,1,r,1,0,12.248878,2,6582,152131,55218,73.37,123697,83652,59.656,28139,179210,13.571,160.355225,179.428314,194.035324,193.728775,165.802628,161.428802,174.186081,0.893701,0.826423,0.827731,0.967145,0.99335,0.920597,0,4.34177e-08,4.27024e-09,2.48719e-10,3.37922e-09,3.37922e-09,3.37922e-09,88.972221,1.802307,7.9947e-06,107.448
gemat11,3,33185,4929,4929,0,r,1,0,6.732603,1,27,22164,11021,66.789,6384,26801,19.238,4,33181,0.012,20.617985,23.692736,26.918016,25.547424,21.131777,21.069281,21.306751,0.870224,0.765955,0.807047,0.975686,0.97858,0.967674,0,7.39635e-08,2.76435e-09,1.79001e-10,1.45629e-11,1.45629e-11,1.45629e-11,14.367936,1.435,5.4629e-06,72.5393
airfoil_2d,5,259688,14214,14214,0,r,1,0,18.269875,1,23,26702,232986,10.282,170089,89599,65.497,39670,220018,15.276,289.574677,306.273468,326.0466,350.1763,292.762238,289.906677,296.24234,0.945478,0.888139,0.82694,0.989112,0.998855,0.977493,0,4.71765e-08,3.22172e-13,2.95026e-10,3.17354e-10,3.17354e-10,3.17354e-10,142.452637,2.032779,8.75264e-06,227.055
utm300,3,3155,300,300,0,r,1,0,10.516667,1,33,3151,4,99.873,1493,1662,47.322,96,3059,3.043,4.731808,5.16416,5.251232,5.461984,4.834656,4.813696,5.009248,0.916278,0.901085,0.866317,0.978727,0.982989,0.944615,0,4.66284e-08,4.66062e-08,5.06054e-10,1.21557e-08,1.21557e-08,1.21557e-08,4.247232,1.114092,7.37859e-06,35.2333
oscil_dcop_25,1,1544,430,430,0,r,1,0,3.590698,1,13,662,882,42.876,1386,158,89.767,1288,256,83.42,2.685376,3.050688,3.135328,3.049536,3.079872,3.058208,3.158304,0.880253,0.85649,0.880585,0.871912,0.878088,0.850259,0,4.23234e-08,3.87239e-14,1.49798e-10,2.19831e-10,2.19831e-10,2.19831e-10,4.167424,0.644373,6.87015e-06,31.9722
sts4098_b,2,1612,4098,1,0,r,1,2486,0.393363,0,1,1076,536,66.749,280,1332,17.37,1612,0,100.0,4.277184,4.58448,5.89376,4.997664,3.057216,3.092384,4.82864,0.93297,0.725714,0.855837,1.399045,1.383135,0.885795,0,4.47867e-08,4.84593e-09,5.59361e-10,4.47867e-08,4.47867e-08,4.47867e-08,4.584512,0.932964,3.77965e-06,32.1144
rdb200,4,1120,200,200,0,r,1,0,5.6,4,6,0,1120,0.0,0,1120,0.0,0,1120,0.0,2.662112,2.849152,3.671392,2.660704,2.691328,2.667488,2.629728,0.934352,0.725096,1.000529,0.989144,0.997985,1.012315,0,4.92463e-08,0.0,0.0,0.0,0.0,0.0,5.156864,0.516227,7.75731e-06,31.8551
large_a_18,3,19754,4277,8608,0,r,1,0,4.618658,1,21,7317,12437,37.041,17081,2673,86.469,12971,6783,65.663,17.706944,19.944096,22.880417,22.710625,18.818016,18.705153,21.487392,0.887829,0.773891,0.779677,0.940957,0.946635,0.824062,0,4.06606e-08,2.31681e-11,1.44256e-10,1.99375e-08,1.99375e-08,1.99375e-08,11.86928,1.49183,7.45471e-06,60.7201
utm5940,3,83842,5940,5940,0,r,1,0,14.114815,1,30,83760,82,99.902,44452,39390,53.019,602,83240,0.718,59.94125,63.37085,66.527519,68.160576,62.061535,60.218784,62.117184,0.94588,0.900999,0.879412,0.965836,0.995391,0.964971,0,4.22056e-08,4.21003e-08,4.52394e-10,5.30117e-09,5.30117e-09,5.30117e-09,30.51536,1.964298,7.89518e-06,96.4282
rim,3,1014951,22560,22560,0,r,1,0,44.988963,1,112,352565,662386,34.737,691130,323821,68.095,177718,837233,17.51,534.984558,617.030823,595.715698,615.118164,555.628052,547.695923,561.11322,0.867031,0.898053,0.869726,0.962847,0.976791,0.953434,0,4.64387e-08,6.63377e-12,2.30297e-10,3.08232e-11,3.08232e-11,3.08232e-11,301.008728,1.777306,9.20109e-06,1067.2
cvxqp3,3,122462,17500,17500,1,r,1,0,6.997829,3,17,7500,114962,6.124,54742,67720,44.701,30411,92051,24.833,88.332802,96.428963,100.58947,96.618179,91.714272,88.678688,92.546883,0.91604,0.878152,0.914246,0.96313,0.9961,0.954465,0,3.63882e-08,0.0,1.74502e-10,5.608e-11,5.608e-11,5.608e-11,53.759007,1.643126,7.97948e-06,92.4034
t2d_q4_a_41,5,87025,9801,9801,0,r,1,0,8.879196,4,9,315,86710,0.362,32924,54101,37.833,34092,52933,39.175,89.332932,90.105827,93.912544,100.101089,92.868416,90.679329,94.904289,0.991422,0.951235,0.892427,0.96193,0.985152,0.941295,0,3.8654e-08,7.40776e-13,2.74326e-10,7.60542e-10,7.60542e-10,7.60542e-10,47.281281,1.889393,8.68988e-06,90.5468
bcsstk03,0,640,112,112,1,r,1,0,5.714286,4,6,4,636,0.625,332,308,51.875,154,486,24.063,2.334976,3.095232,2.506976,2.622016,2.67328,2.54592,2.59616,0.754378,0.931391,0.890527,0.87345,0.917144,0.899396,0,2.74175e-08,3.97382e-16,2.15311e-10,1.10612e-10,1.10612e-10,1.10612e-10,3.743936,0.623669,5.26904e-06,31.4089
scrs8-2r_a_08,3,14663,3612,6955,0,r,1,0,4.059524,1,15,4107,10556,28.009,1542,13121,10.516,12,14651,0.082,15.16304,17.133087,18.553823,17.159231,15.183488,15.164288,15.660896,0.885015,0.817246,0.883667,0.998653,0.999918,0.96821,0,3.53899e-08,1.31274e-09,2.55678e-10,9.42354e-11,9.42354e-11,9.42354e-11,11.134592,1.361796,6.67868e-06,47.7732
bcsstk21,0,26600,3600,3600,1,r,1,0,7.388889,4,9,0,26600,0.0,13300,13300,50.0,13300,13300,50.0,17.652832,21.593311,19.378304,24.611135,19.866528,19.916449,24.450752,0.817514,0.910959,0.71727,0.888572,0.886344,0.721975,0,3.63109e-08,0.0,4.38869e-11,4.38869e-11,4.38869e-11,4.38869e-11,11.417312,1.546146,7.44006e-06,40.0748
scsd8-2r_a_02,3,3650,170,1190,0,r,1,0,21.470588,10,24,2640,1010,72.329,0,3650,0.0,0,3650,0.0,5.372768,5.727648,6.333504,5.540128,5.512736,5.488896,5.56704,0.938041,0.848309,0.969791,0.97461,0.978843,0.965103,0,3.92342e-08,3.5517e-08,0.0,0.0,0.0,0.0,4.558208,1.178702,7.8491e-06,41.9245
rdist1,3,94408,4134,4134,0,r,1,0,22.836962,1,81,91084,3324,96.479,61821,32587,65.483,8908,85500,9.436,94.516861,99.634941,104.268097,104.757217,95.037247,93.848,97.712418,0.948632,0.906479,0.902247,0.994524,1.007127,0.967296,0,3.99291e-08,1.05091e-09,4.43806e-11,1.95933e-10,1.95933e-10,1.95933e-10,48.379871,1.95364,8.7863e-06,152.486
mhd3200b,2,18316,3200,3200,1,r,1,0,5.72375,1,10,18303,13,99.929,11346,6970,61.946,7798,10518,42.575,13.890848,15.886752,17.398432,17.996449,15.877952,15.895776,18.524096,0.874367,0.798397,0.771866,0.874851,0.87387,0.74988,0,3.58841e-08,2.31662e-08,8.09105e-11,1.04353e-08,1.04353e-08,1.04353e-08,11.043456,1.257835,5.47066e-06,38.1351
dermatology_5nn,3,2440,366,366,1,r,1,0,6.666667,5,15,2440,0,100.0,8,2432,0.328,0,2440,0.0,3.543072,3.862272,4.442304,3.62896,3.600704,3.583872,3.59536,0.917354,0.797575,0.976333,0.983994,0.988616,0.985457,0,4.74617e-08,4.74617e-08,1.19934e-10,0.0,0.0,0.0,4.160544,0.851589,8.14258e-06,38.8542
oscil_dcop_39,1,1544,430,430,0,r,1,0,3.590698,1,13,662,882,42.876,1386,158,89.767,1288,256,83.42,2.647744,3.048832,3.103648,3.020992,3.061568,3.047424,3.777312,0.868445,0.853107,0.876448,0.864833,0.868847,0.70096,0,3.98188e-08,7.57536e-14,1.93872e-10,2.94394e-10,2.94394e-10,2.94394e-10,3.487872,0.759129,3.17478e-06,33.6595
raefsky1,3,294276,3242,3242,0,r,1,0,90.769895,24,108,291180,3096,98.948,140496,153780,47.743,3702,290574,1.258,101.747551,116.125725,127.364578,114.399902,104.872093,101.189789,103.618851,0.876184,0.798869,0.889402,0.970206,1.005512,0.981941,0,3.21259e-08,2.20248e-08,3.41472e-10,5.80503e-09,5.80503e-09,5.80503e-09,59.956161,1.697032,1.00859e-05,272.704
rail_20209_b,3,689,20209,7,0,r,1,19520,0.034094,0,1,689,0,100.0,0,689,0.0,689,0,100.0,10.954176,11.269984,13.9816,12.049952,2.49952,2.464864,12.015104,0.971978,0.783471,0.909064,4.382512,4.44413,0.9117,0,5.57272e-08,5.57272e-08,0.0,5.57272e-08,5.57272e-08,5.57272e-08,9.060032,1.209066,3.56738e-06,43.6368
co9,3,109651,10789,22924,0,r,1,0,10.163222,1,441,44630,65021,40.702,83998,25653,76.605,45383,64268,41.389,106.749504,113.346306,117.370399,122.141373,120.056061,117.055939,117.186882,0.9418,0.90951,0.873983,0.889164,0.911953,0.910934,0,4.47304e-08,1.12888e-10,2.53685e-10,3.17334e-08,3.17334e-08,3.17334e-08,58.391071,1.828182,9.58074e-06,198.33
swang2,2,20841,3169,3169,0,r,1,0,6.576523,3,10,20841,0,100.0,3095,17746,14.851,0,20841,0.0,13.077312,14.309184,15.325952,16.321695,13.023488,13.102432,13.387392,0.91391,0.853279,0.801223,1.004133,0.998083,0.976838,0,4.38837e-08,4.38837e-08,5.62618e-10,0.0,0.0,0.0,9.615584,1.360012,7.31991e-06,42.9534
case9_a_04,5,147972,14454,14454,1,r,1,0,10.237443,1,7210,104252,43720,70.454,147930,42,99.972,147804,168,99.886,134.260132,143.946106,156.298599,148.584549,147.694183,143.806747,149.433212,0.932711,0.858998,0.903594,0.909041,0.933615,0.898462,0,4.31831e-08,6.45443e-14,7.74096e-13,1.06894e-11,1.06894e-11,1.06894e-11,72.187683,1.859876,6.55643e-06,84.4758
c-49,3,157042,21132,21132,1,r,1,0,7.431478,2,1532,110437,46605,70.323,73224,83818,46.627,16688,140354,10.626,119.458656,134.924255,143.804672,139.715103,129.456833,121.65126,136.44899,0.885376,0.830701,0.855016,0.922768,0.981976,0.875482,0,8.16047e-08,2.2493e-11,7.25729e-12,1.00339e-11,1.00339e-11,1.00339e-11,77.526787,1.540869,2.7197e-06,275.385
robot,3,870,120,120,0,r,1,0,7.25,1,26,650,220,74.713,585,285,67.241,106,764,12.184,2.688704,2.977952,3.336896,2.743456,2.764864,2.694016,3.068128,0.90287,0.80575,0.980043,0.972454,0.998028,0.876334,0,4.53821e-08,1.77026e-09,1.64898e-10,1.18783e-09,1.18783e-09,1.18783e-09,3.800736,0.707417,7.76608e-06,33.5058
c-45,5,174452,13206,13206,1,r,1,0,13.210056,2,2242,139209,35243,79.798,138235,36217,79.24,44082,130370,25.269,133.475494,146.657761,163.878311,162.468384,139.601532,136.256836,144.272583,0.910115,0.814479,0.821547,0.956118,0.979588,0.925162,0,2.63222e-08,1.49687e-11,1.41403e-11,9.44035e-12,9.44035e-12,9.44035e-12,73.118179,1.825476,2.14844e-05,96.7005
cz20468,3,206076,20468,20468,0,r,1,0,10.068204,1,27,306,205770,0.148,86477,119599,41.964,1,206075,0.0,199.988541,222.344864,206.535355,214.20816,204.750107,198.659073,205.899033,0.899452,0.968302,0.933618,0.976744,1.006692,0.971294,0,3.68718e-08,1.71222e-15,5.45141e-10,3.81974e-17,3.81974e-17,3.81974e-17,108.12365,1.849628,7.84687e-06,198.833
lp_brandy,3,2202,220,303,0,r,1,27,10.009091,0,118,1247,955,56.63,1100,1102,49.955,409,1793,18.574,4.19808,4.738272,5.697984,4.972672,4.133408,4.099776,4.635392,0.885994,0.736766,0.84423,1.015646,1.023978,0.905658,0,2.91763e-08,8.45501e-10,2.83513e-10,1.96613e-08,1.96613e-08,1.96613e-08,4.037888,1.039672,1.63022e-05,43.1151
scrs8-2r_a_10,3,58439,14364,27691,0,r,1,0,4.068435,1,15,16395,42044,28.055,6150,52289,10.524,12,58427,0.021,60.281536,61.142975,73.376381,65.820801,60.699295,60.075905,62.136639,0.985911,0.821539,0.915843,0.993118,1.003423,0.970145,0,3.58553e-08,2.27909e-09,3.2359e-10,5.08727e-11,5.08727e-11,5.08727e-11,36.572575,1.648272,7.20063e-06,99.8426
rajat14,4,1503,180,180,0,r,1,0,8.35,1,163,518,985,34.464,1376,127,91.55,1040,463,69.195,3.64912,4.093216,5.495072,4.600736,4.524704,4.28672,4.023936,0.891504,0.664071,0.79316,0.806488,0.851262,0.906853,0,2.32879e-08,9.29057e-12,1.54727e-10,1.56609e-10,1.56609e-10,1.56609e-10,2.80336,1.301695,6.8638e-06,53.1881
lp_etamacro,3,2537,400,816,0,r,1,0,6.3425,2,23,365,2172,14.387,1643,894,64.762,1305,1232,51.439,3.633344,3.985952,3.909312,4.036672,4.029536,3.785792,4.082496,0.911537,0.929408,0.900084,0.901678,0.959731,0.889981,0,3.06359e-08,2.87707e-11,1.25442e-10,9.79048e-10,9.79048e-10,9.79048e-10,3.680192,0.98727,6.81503e-06,35.427
m80pi_n_e,2,4063,4182,4182,1,r,1,119,0.971545,0,1,4063,0,100.0,2409,1654,59.291,4063,0,100.0,4.359904,4.585568,5.598048,5.50288,4.70624,4.777536,4.883904,0.950788,0.778826,0.792295,0.926409,0.912584,0.892709,0,2.61597e-08,2.61597e-08,1.48782e-10,2.61597e-08,2.61597e-08,2.61597e-08,3.743296,1.164723,4.35346e-06,36.1335
flowmeter5_b,2,24,9669,1,0,r,1,9645,0.002482,0,1,0,24,0.0,0,24,0.0,24,0,100.0,5.5504,5.587808,6.11952,6.105024,2.126848,2.160544,5.960288,0.993305,0.906999,0.909153,2.609683,2.568983,0.93123,0,6.29889e-08,0.0,0.0,6.29889e-08,6.29889e-08,6.29889e-08,5.59104,0.992731,4.03034e-06,39.9151
large_a_03,3,20075,4249,8580,0,r,1,0,4.724641,2,21,8051,12024,40.105,17574,2501,87.542,13495,6580,67.223,17.522911,19.774752,22.649824,22.252607,18.866144,18.791328,21.264641,0.886125,0.773644,0.787454,0.928802,0.9325,0.82404,0,4.0557e-08,2.15876e-11,1.04538e-10,1.75713e-08,1.75713e-08,1.75713e-08,12.56592,1.394479,8.30009e-06,57.8351
gre_216b,2,876,216,216,0,r,1,0,4.055556,2,5,876,0,100.0,659,217,75.228,749,127,85.502,2.687104,2.743072,3.584032,3.062784,2.779104,2.785632,3.204736,0.979597,0.749743,0.87734,0.966896,0.96463,0.838479,0,3.21978e-08,3.21978e-08,8.78105e-10,2.72252e-08,2.72252e-08,2.72252e-08,3.306784,0.812603,6.77762e-06,32.2374
c-24,2,35699,4119,4119,1,r,1,0,8.666909,2,232,23339,12360,65.377,19562,16137,54.797,4274,31425,11.972,37.603649,42.428448,46.51408,45.808098,38.553631,38.676674,40.585121,0.886284,0.808436,0.820895,0.975359,0.972257,0.926538,0,3.85187e-08,1.10487e-10,6.84579e-11,4.78718e-11,4.78718e-11,4.78718e-11,22.94384,1.638943,5.10586e-06,64.231
stormg2-27,3,94274,14441,37485,0,r,1,54,6.528218,0,48,0,94274,0.0,0,94274,0.0,81,94193,0.086,71.277725,79.404381,75.4552,74.447556,74.718498,71.913857,73.141312,0.897655,0.944636,0.957422,0.95395,0.991154,0.974521,0,2.49527e-08,0.0,0.0,9.16649e-11,9.16649e-11,9.16649e-11,39.604481,1.799739,7.23368e-06,134.513
cq9,3,96653,9278,21534,0,r,1,0,10.417439,1,391,47503,49150,49.148,34532,62121,35.728,2345,94308,2.426,92.335709,94.844383,102.235008,98.519585,93.980606,92.950172,96.035683,0.97355,0.903171,0.937232,0.982497,0.993389,0.961473,0,3.68967e-08,4.46908e-10,5.48032e-11,5.18913e-11,5.18913e-11,5.18913e-11,49.330078,1.871793,8.34185e-06,183.508
s80pi_n1,2,9927,4028,4028,0,r,1,1,2.464499,0,8,1883,8044,18.968,1856,8071,18.696,30,9897,0.302,7.979392,8.564736,11.346368,10.237536,7.996512,8.082272,8.400128,0.931656,0.703255,0.779425,0.997859,0.987271,0.949913,0,2.65981e-08,2.56982e-09,4.24384e-11,1.31927e-09,1.31927e-09,1.31927e-09,6.075136,1.313451,5.43885e-06,36.5479
nemeth21,3,1173746,9506,9506,1,r,1,0,123.474227,53,141,1173746,0,100.0,874786,298960,74.529,0,1173746,0.0,344.741882,419.17572,425.195465,363.275818,350.419037,345.885254,346.677063,0.822428,0.810784,0.948981,0.983799,0.996694,0.994418,0,4.32317e-08,4.32317e-08,1.68952e-10,0.0,0.0,0.0,208.832443,1.650806,9.98801e-06,505.011
g7jac060,3,203316,17730,17730,0,r,1,0,11.467343,2,153,147490,55826,72.542,173856,29460,85.51,165263,38053,81.284,173.61734,193.760391,211.595749,203.684387,194.887802,190.128326,197.547836,0.896041,0.820514,0.852384,0.890858,0.913159,0.878862,0,4.5937e-08,2.90024e-14,1.90086e-11,1.2364e-08,1.2364e-08,1.2364e-08,95.717728,1.813847,6.18983e-06,476.026
hydr1c_a_62,3,19503,5308,5308,0,r,1,0,3.674265,1,12,7318,12185,37.522,18222,1281,93.432,18075,1428,92.678,12.093216,15.050496,17.156416,15.919296,14.490208,14.38384,15.854016,0.803509,0.70488,0.759658,0.834579,0.84075,0.762786,0,4.45989e-08,1.02844e-13,6.37058e-11,2.82178e-10,2.82178e-10,2.82178e-10,12.153856,0.995011,6.65837e-06,55.4196
gas11,3,2166,459,862,0,r,1,0,4.718954,1,11,219,1947,10.111,1250,916,57.71,1108,1058,51.154,3.550592,3.859808,4.78608,3.973952,3.810048,3.760768,3.978688,0.919888,0.741858,0.893466,0.931902,0.944114,0.892403,0,4.49852e-08,1.27523e-11,4.30706e-10,4.19591e-10,4.19591e-10,4.19591e-10,2.735616,1.297913,7.79923e-06,32.7318
poisson2d,3,2417,367,367,0,r,1,0,6.585831,3,9,2417,0,100.0,1,2416,0.041,0,2417,0.0,3.38592,3.631904,4.463488,3.832352,3.506816,3.472224,3.48352,0.932271,0.758582,0.88351,0.965525,0.975144,0.971982,0,3.15448e-08,3.15448e-08,7.2739e-11,0.0,0.0,0.0,3.821216,0.886084,7.41673e-06,36.2318
lhr11,3,233741,10964,10964,0,r,1,0,21.318953,1,63,214264,19477,91.667,97863,135878,41.868,12376,221365,5.295,242.069244,271.793671,298.248566,274.597504,246.71431,245.034302,249.558975,0.890636,0.811636,0.881542,0.981172,0.987899,0.969988,0,3.43947e-08,3.00272e-08,6.33718e-10,3.70841e-09,3.70841e-09,3.70841e-09,126.921021,1.907243,8.18835e-06,258.343
large_a_33,2,20650,4292,8627,0,r,1,0,4.811277,2,21,8415,12235,40.751,18120,2530,87.748,13525,7125,65.496,17.745537,20.037121,22.220863,22.667393,18.937281,19.044191,21.549568,0.885633,0.798598,0.782866,0.937069,0.931808,0.823475,0,4.28627e-08,2.99487e-11,1.24264e-10,2.05898e-08,2.05898e-08,2.05898e-08,15.794752,1.123508,8.17326e-06,59.2205
hydr1c_a_31,3,19506,5308,5308,0,r,1,0,3.67483,1,12,7312,12194,37.486,18221,1285,93.412,18078,1428,92.679,12.068032,15.240448,16.313791,15.847872,14.483712,14.323968,15.859872,0.791842,0.739744,0.761492,0.833214,0.842506,0.760916,0,4.40266e-08,1.28156e-13,7.21415e-11,3.53927e-10,3.53927e-10,3.53927e-10,9.523584,1.267173,8.164e-06,54.9211
ex11,3,1096948,16614,16614,0,r,1,0,66.025521,14,90,197732,899216,18.026,560975,535973,51.14,33690,1063258,3.071,456.700745,527.008484,506.13031,510.745514,466.842468,456.94986,467.980286,0.866591,0.902338,0.894185,0.978276,0.999455,0.975897,0,3.94433e-08,2.38506e-14,2.67985e-10,3.80059e-11,3.80059e-11,3.80059e-11,257.419067,1.774153,9.25438e-06,872.139
tsopf_rs_b678_c1,3,4396289,18696,18696,0,r,1,0,235.145967,2,512,4337155,59134,98.655,4335097,61192,98.608,4351830,44459,98.989,1058.336548,1031.961426,1047.688721,1042.797119,1020.365723,1016.879578,1026.963745,1.025558,1.010163,1.014902,1.037213,1.040769,1.030549,0,3.58689e-08,3.35123e-12,9.74816e-14,9.53196e-12,9.53196e-12,9.53196e-12,616.69165,1.716152,5.89236e-06,3718.95
msc23052,5,1154814,23052,23052,1,r,1,0,50.096044,12,178,31455,1123359,2.724,647518,507296,56.071,67169,1087645,5.816,593.084534,682.504211,620.987854,646.320068,606.05304,596.940552,606.344666,0.868983,0.955066,0.917633,0.978602,0.99354,0.978131,0,4.56864e-08,2.47768e-14,2.51759e-10,4.55482e-11,4.55482e-11,4.55482e-11,332.191956,1.785367,9.55639e-06,515.448
cage7,3,3084,340,340,0,r,1,0,9.070588,3,16,3084,0,100.0,0,3084,0.0,0,3084,0.0,4.997184,5.18016,5.45632,4.997952,5.0064,4.983584,5.061024,0.964677,0.915852,0.999846,0.998159,1.002729,0.987386,0,4.23895e-08,4.23895e-08,0.0,0.0,0.0,0.0,4.213312,1.186046,7.57423e-06,34.3802
c-35,3,62891,6537,6537,1,r,1,0,9.620774,2,964,20957,41934,33.323,36341,26550,57.784,14956,47935,23.781,60.163872,68.869698,73.329506,72.603485,63.82019,63.544319,66.019905,0.87359,0.820459,0.828664,0.942709,0.946802,0.911299,0,4.3896e-08,1.05401e-10,1.87636e-10,6.26077e-09,6.26077e-09,6.26077e-09,35.94099,1.673963,7.23796e-06,147.615
hydr1c_a_28,3,19477,5308,5308,0,r,1,0,3.669367,1,12,7283,12194,37.393,18192,1285,93.402,18049,1428,92.668,12.172992,15.002496,20.944576,15.851872,14.483808,14.372544,15.862304,0.811398,0.5812,0.767921,0.840455,0.846962,0.767416,0,4.91584e-08,1.31397e-13,7.10585e-11,3.77928e-10,3.77928e-10,3.77928e-10,10.896544,1.117142,6.96089e-06,55.0064
c-38,3,77689,8127,8127,1,r,1,0,9.55937,2,889,40105,37584,51.622,16954,60735,21.823,2749,74940,3.538,77.585022,81.591331,93.192001,93.624321,80.253662,78.941505,84.195518,0.950898,0.832529,0.828684,0.966747,0.982817,0.921486,0,4.56862e-08,2.14992e-09,3.9342e-10,6.36075e-10,6.36075e-10,6.36075e-10,41.919807,1.850796,6.9441e-06,146.182
case9_a_02,5,147972,14454,14454,1,r,1,0,10.237443,1,7210,103841,44131,70.176,147922,50,99.966,147750,222,99.85,134.225189,143.854492,155.246429,148.671417,148.769318,145.934906,149.568283,0.933062,0.864594,0.902831,0.902237,0.919761,0.897417,0,4.67677e-08,1.14436e-14,1.03559e-13,5.1386e-13,5.1386e-13,5.1386e-13,73.591011,1.823935,1.70112e-06,78.0332
rajat03,2,32653,7602,7602,0,r,1,0,4.295317,1,52,17500,15153,53.594,17500,15153,53.594,7551,25102,23.125,28.133024,31.086496,36.477215,36.445599,29.063105,29.167072,30.376032,0.904992,0.771249,0.771918,0.967998,0.964547,0.926159,0,4.15947e-08,6.24248e-14,6.24248e-14,9.88664e-11,9.88664e-11,9.88664e-11,19.636896,1.432661,5.8991e-06,49.6795
rw496,0,1859,496,496,0,r,1,0,3.747984,1,4,1857,2,99.892,59,1800,3.174,7,1852,0.377,2.672416,2.701888,2.856864,2.94384,2.937056,3.10416,3.049088,0.989092,0.935437,0.907799,0.909896,0.860914,0.876464,0,4.4267e-08,4.42661e-08,5.14969e-10,4.31699e-09,4.31699e-09,4.31699e-09,3.288224,0.812723,6.53189e-06,33.9147
nemeth19,3,818302,9506,9506,1,r,1,0,86.082685,41,98,818302,0,100.0,574214,244088,70.171,0,818302,0.0,285.668854,319.313416,325.97113,337.412415,289.772491,283.858002,288.104523,0.894635,0.876362,0.846646,0.985838,1.006379,0.991546,0,4.3368e-08,4.3368e-08,1.92454e-10,0.0,0.0,0.0,167.165115,1.708902,9.70093e-06,368.508
3d_28984_tetra,3,599170,28984,28984,0,r,1,0,20.67244,12,3817,575766,23404,96.094,598042,1128,99.812,599170,0,100.0,603.402954,640.110535,698.073547,662.540588,651.210693,635.546814,647.944519,0.942654,0.864383,0.910741,0.926586,0.949423,0.931257,0,4.93839e-08,8.80647e-16,2.43933e-15,4.93839e-08,4.93839e-08,4.93839e-08,299.81781,2.012565,3.89398e-06,4197.99
fd15,3,44206,11532,11532,0,r,1,0,3.833333,1,6,9868,34338,22.323,43900,306,99.308,43784,422,99.045,21.368353,23.861183,25.03216,24.764736,24.337631,24.013056,24.871519,0.895528,0.853636,0.862854,0.877996,0.889864,0.859149,0,8.69556e-08,5.81135e-15,1.78976e-11,1.78973e-11,1.78973e-11,1.78973e-11,15.14368,1.411041,4.00003e-06,51.7606
windscreen_m,5,1481988,22692,22692,1,r,1,0,65.308831,24,81,1481988,0,100.0,987858,494130,66.658,0,1481988,0.0,628.23053,720.787109,735.74231,711.34552,637.504578,626.497437,637.179626,0.87159,0.853873,0.883158,0.985453,1.002766,0.985955,0,4.33644e-08,4.33644e-08,2.59678e-14,0.0,0.0,0.0,358.095276,1.754367,8.45497e-06,575.93
ted_b_unscaled,5,144579,10605,10605,1,r,1,0,13.633098,1,49,140337,4242,97.066,140337,4242,97.066,144579,0,100.0,106.659805,117.527458,118.517792,118.584259,121.213921,117.755714,120.646561,0.907531,0.899948,0.899443,0.87993,0.905772,0.884068,0,2.68521e-08,4.61887e-15,4.61887e-15,2.68521e-08,2.68521e-08,2.68521e-08,61.422302,1.7365,3.59888e-06,99.2302
kmnist_norm_10nn,3,156932,10000,10000,1,r,1,0,15.6932,10,140,156932,0,100.0,0,156932,0.0,0,156932,0.0,107.105888,119.480003,123.404701,109.336128,110.252739,106.860352,109.210846,0.896434,0.867924,0.979602,0.971458,1.002298,0.980726,0,4.42614e-08,4.42614e-08,0.0,0.0,0.0,0.0,66.864929,1.601825,8.87456e-06,122.868
nnc261,3,1500,261,261,0,r,1,0,5.747126,1,16,758,742,50.533,1074,426,71.6,309,1191,20.6,3.076,3.116128,3.996224,3.520448,3.126656,3.108832,3.204352,0.987122,0.769727,0.873752,0.983799,0.989439,0.959944,0,4.25234e-08,2.13538e-10,2.45436e-10,1.57644e-10,1.57644e-10,1.57644e-10,3.508288,0.876781,7.35429e-06,34.8529
ck400,3,2860,400,400,0,r,1,0,7.15,2,10,2850,10,99.65,1601,1259,55.979,0,2860,0.0,3.653952,4.055488,4.957984,3.839072,3.648672,3.608032,3.653696,0.900989,0.736983,0.95178,1.001447,1.012727,1.00007,0,4.47691e-08,4.00803e-08,2.71914e-10,0.0,0.0,0.0,3.57536,1.021982,7.2285e-06,32.3052
lpi_gosh,3,99953,3792,13455,0,r,1,2,26.358914,0,401,41447,58506,41.466,15501,84452,15.508,6320,93633,6.323,87.063454,93.372673,104.820801,92.417091,89.089821,88.22467,89.701149,0.93243,0.830593,0.942071,0.977255,0.986838,0.970595,0,4.50064e-08,5.78019e-09,3.35345e-10,6.9642e-10,6.9642e-10,6.9642e-10,43.775745,1.988851,8.63583e-06,152.043
t2d_q4_a_19,5,87025,9801,9801,0,r,1,0,8.879196,4,9,31249,55776,35.908,1977,85048,2.272,961,86064,1.104,89.159935,89.531425,100.787903,93.321693,90.093086,88.784737,93.014595,0.995851,0.884629,0.955404,0.989642,1.004226,0.958559,0,4.31966e-08,1.91865e-09,2.68608e-10,4.85537e-10,4.85537e-10,4.85537e-10,46.163551,1.931392,8.29338e-06,87.9973
bips07_3078_c,4,20,4,21128,0,r,1,0,5.0,5,5,12,8,60.0,7,13,35.0,0,20,0.0,2.976064,2.158592,3.674656,2.40992,2.133024,2.142464,2.1288,1.378706,0.809889,1.234922,1.395232,1.389085,1.398001,0,5.17747e-09,1.18791e-09,2.29069e-10,0.0,0.0,0.0,3.218112,0.924786,1.77005e-06,31.6102
hydr1c_a_74,3,19494,5308,5308,0,r,1,0,3.67257,1,12,7278,12216,37.335,18210,1284,93.413,18066,1428,92.675,12.053024,14.964064,16.28064,15.817856,14.496896,14.326528,15.851104,0.805465,0.740329,0.761989,0.831421,0.841308,0.76039,0,4.18498e-08,9.28193e-14,5.45276e-11,2.42051e-10,2.42051e-10,2.42051e-10,9.536224,1.26392,6.01932e-06,53.8483
case9_b2_09,2,14453,14454,1,0,r,1,1,0.999931,0,1,14425,28,99.806,14432,21,99.855,14453,0,100.0,10.388928,10.991008,12.907488,11.74336,11.26544,11.362752,11.700832,0.945221,0.804876,0.884664,0.922195,0.914297,0.887879,0,7.87608e-09,1.75398e-13,6.21039e-13,7.87608e-09,7.87608e-09,7.87608e-09,8.87104,1.171106,4.46647e-06,40.9504
psse0,3,102432,26722,11028,0,r,1,0,3.833246,1,4,7314,95118,7.14,71596,30836,69.896,54036,48396,52.753,52.88496,53.593346,56.238239,61.973888,55.087807,52.902687,58.885567,0.986782,0.940374,0.853343,0.960012,0.999665,0.898097,0,5.13628e-08,2.85689e-12,3.20602e-10,2.55004e-10,2.55004e-10,2.55004e-10,32.789185,1.612878,5.18468e-06,100.479
t2dal_bci_atop,2,111,4257,4257,1,r,1,4146,0.026075,0,1,111,0,100.0,49,62,44.144,111,0,100.0,3.931328,4.073664,5.809504,4.314912,2.159328,3.10416,4.27312,0.965059,0.676706,0.911103,1.820626,1.266471,0.920014,0,3.44168e-08,3.44168e-08,8.15863e-10,3.44168e-08,3.44168e-08,3.44168e-08,4.755424,0.826704,3.55761e-06,39.6708
t2d_q4_a_08,5,87025,9801,9801,0,r,1,0,8.879196,4,9,65269,21756,75.0,0,87025,0.0,0,87025,0.0,89.091843,89.658592,107.642975,92.501503,90.051361,88.648514,92.973763,0.993679,0.827661,0.963139,0.989345,1.005001,0.958247,0,4.52349e-08,1.01241e-08,0.0,0.0,0.0,0.0,46.40992,1.919672,8.14205e-06,87.098
cavity20,3,138187,4562,4562,0,r,1,0,30.290881,8,62,127813,10374,92.493,62734,75453,45.398,20185,118002,14.607,103.250595,114.695168,123.301758,116.720612,104.915108,103.795235,106.959999,0.900217,0.837381,0.884596,0.984135,0.994753,0.96532,0,4.58899e-08,1.00939e-08,4.56165e-10,2.8522e-10,2.8522e-10,2.8522e-10,55.595104,1.857189,8.75168e-06,169.232
shermanaca,3,25220,3432,3432,0,r,1,0,7.348485,1,2498,24207,1013,95.983,20292,4928,80.46,12462,12758,49.413,28.991776,37.645664,39.524864,37.454655,39.671871,34.76989,34.958752,0.770123,0.733507,0.77405,0.730789,0.833818,0.829314,0,1.1808e-07,2.53142e-09,1.19616e-10,5.2529e-10,5.2529e-10,5.2529e-10,20.708416,1.4,9.44735e-06,313.798
oscil_dcop_31,1,1544,430,430,0,r,1,0,3.590698,1,13,662,882,42.876,1386,158,89.767,1288,256,83.42,2.763488,3.057408,3.7192,3.059296,3.09936,3.08864,3.34768,0.903866,0.743033,0.903309,0.891632,0.894727,0.825493,0,2.81695e-08,3.71811e-14,1.13346e-10,2.33444e-10,2.33444e-10,2.33444e-10,3.59856,0.767943,3.7031e-06,31.0601
hydr1c_a_58,3,19503,5308,5308,0,r,1,0,3.674265,1,12,7305,12198,37.456,18221,1282,93.427,18075,1428,92.678,12.08112,14.92352,17.273855,15.805664,14.446944,14.323616,15.816512,0.809536,0.699388,0.764354,0.83624,0.843441,0.76383,0,5.56544e-08,1.34394e-13,7.14883e-11,3.15982e-10,3.15982e-10,3.15982e-10,9.511264,1.270191,7.70607e-06,54.6786
large_a_28,3,20362,4275,8621,0,r,1,0,4.763041,2,21,8067,12295,39.618,17787,2575,87.354,13289,7073,65.264,17.644705,19.938368,22.955328,22.644257,18.730816,18.64496,21.167776,0.884962,0.768654,0.779213,0.942015,0.946352,0.833564,0,5.02714e-08,2.83949e-11,1.37117e-10,1.97354e-08,1.97354e-08,1.97354e-08,11.83216,1.49125,8.24576e-06,60.5528
dynamicsoaringproblem_7,3,37680,3511,3511,1,r,1,0,10.731985,2,1316,22682,14998,60.196,28345,9335,75.226,7801,29879,20.703,31.759712,35.146881,39.913185,38.879681,33.188576,33.18531,34.181313,0.903628,0.79572,0.816872,0.956947,0.957041,0.929154,0,3.56452e-08,1.50084e-11,4.35549e-11,3.09948e-11,3.09948e-11,3.09948e-11,18.428352,1.723416,8.34787e-06,42.4988
c-36,5,65941,7479,7479,1,r,1,0,8.81682,2,674,42596,23345,64.597,17581,48360,26.662,3449,62492,5.23,65.57283,72.924194,82.297661,80.13446,66.518913,67.027809,71.994179,0.899192,0.796776,0.818285,0.985777,0.978293,0.910807,0,3.80241e-08,2.49249e-10,4.65517e-11,7.0283e-11,7.0283e-11,7.0283e-11,37.352798,1.7555,6.90701e-06,62.3539
nasa4704,5,104756,4704,4704,1,r,1,0,22.269558,6,42,17612,87144,16.812,70735,34021,67.524,49029,55727,46.803,98.18586,100.111198,114.27504,112.897507,101.279907,100.233185,101.985825,0.980768,0.859207,0.86969,0.969451,0.979574,0.96274,0,3.23896e-08,1.41741e-14,7.76318e-11,5.33336e-11,5.33336e-11,5.33336e-11,48.405025,2.028423,9.7001e-06,77.8599
oscil_dcop_29,3,1544,430,430,0,r,1,0,3.590698,1,13,662,882,42.876,1386,158,89.767,1288,256,83.42,2.633248,3.078496,4.192192,3.046272,3.080992,3.034784,3.155136,0.855368,0.628132,0.864417,0.854675,0.867689,0.834591,0,3.46954e-08,3.49265e-14,2.13512e-10,3.3326e-10,3.3326e-10,3.3326e-10,3.58304,0.73492,3.46707e-06,31.6052
ulevimin,0,164538,6590,46937,0,r,1,0,24.96783,1,24973,17508,147030,10.641,160308,4230,97.429,160148,4390,97.332,144.801926,162.988647,153.997086,163.454208,170.100388,167.52179,161.57869,0.888417,0.94029,0.885887,0.851273,0.864377,0.89617,0,3.09884e-08,1.30306e-14,5.67907e-12,2.67603e-12,2.67592e-12,2.6759e-12,79.418205,1.823284,1.68356e-05,3025.81
stokes64,5,140034,12546,12546,1,r,1,0,11.161645,5,13,131592,8442,93.971,65536,74498,46.8,32768,107266,23.4,113.892159,120.850815,137.329956,136.415771,118.156639,115.49411,120.907455,0.942419,0.829332,0.83489,0.963908,0.98613,0.941978,0,4.52352e-08,1.57187e-08,4.17253e-10,2.94192e-10,2.94192e-10,2.94192e-10,61.418655,1.854358,8.2204e-06,81.6507
bcsstm36,3,320606,23052,23052,1,r,1,10880,13.907947,0,103,320606,0,100.0,204076,116530,63.653,531,320075,0.166,234.873337,269.912079,277.558044,275.87085,155.575623,151.206329,238.513412,0.870185,0.846213,0.851389,1.509705,1.55333,0.984738,0,4.48443e-08,4.48443e-08,1.26549e-10,2.11234e-11,2.11234e-11,2.11234e-11,129.705917,1.810814,7.63801e-06,217.861
bips07_2476_c,2,20,4,16861,0,r,1,0,5.0,5,5,12,8,60.0,7,13,35.0,0,20,0.0,2.13088,2.1376,2.456128,2.422752,2.238688,2.268544,3.208448,0.996856,0.867577,0.879529,0.951843,0.939316,0.664147,0,9.32368e-08,2.05486e-09,4.51474e-10,0.0,0.0,0.0,3.106304,0.685986,1.46039e-05,29.086
t2d_q4_a_36,5,87025,9801,9801,0,r,1,0,8.879196,4,9,2563,84462,2.945,23394,63631,26.882,23796,63229,27.344,89.064957,89.55658,94.274658,97.864388,92.230881,90.380348,94.267807,0.99451,0.944739,0.910085,0.965674,0.985446,0.944808,0,4.54317e-08,2.31349e-11,3.74422e-10,9.96963e-10,9.96963e-10,9.96963e-10,45.895809,1.94059,9.10859e-06,88.1836
large_a_08,3,19595,4236,8575,0,r,1,0,4.625826,2,21,7341,12254,37.464,16931,2664,86.405,12811,6784,65.379,17.432928,19.684736,24.602688,22.330849,18.626177,18.548767,21.161345,0.885606,0.708578,0.780666,0.935937,0.939843,0.82381,0,4.48785e-08,2.16311e-11,1.2408e-10,1.89798e-08,1.89798e-08,1.89798e-08,11.731008,1.486055,7.17317e-06,59.0083
hydr1c_a_25,3,23539,5308,5308,0,r,1,0,4.434627,1,14,18035,5504,76.618,21790,1749,92.57,21535,2004,91.486,22.905344,27.007809,27.238688,27.734304,26.340927,26.283712,27.797953,0.848101,0.840912,0.825885,0.869572,0.871465,0.823994,0,4.26271e-08,4.16409e-12,9.15122e-11,3.05848e-09,3.05848e-09,3.05848e-09,15.690368,1.459835,7.07391e-06,58.1163
yalea_10nn,4,2268,165,165,1,r,1,0,13.745455,10,29,2264,4,99.824,0,2268,0.0,0,2268,0.0,3.539584,3.811936,4.840992,4.032128,3.601376,3.670208,3.575552,0.928553,0.731169,0.877845,0.982842,0.96441,0.989941,0,3.46349e-08,2.97806e-08,0.0,0.0,0.0,0.0,2.821248,1.254616,6.50825e-06,39.253
coater2,3,207308,9540,9540,0,r,1,64,21.730398,0,63,151284,56024,72.975,139970,67338,67.518,22776,184532,10.987,198.326523,215.557632,239.861862,235.71817,201.710587,198.881638,204.957413,0.920063,0.826836,0.841371,0.983223,0.997209,0.967647,0,4.99933e-08,2.89671e-10,1.92181e-10,5.99311e-11,5.99311e-11,5.99311e-11,102.267006,1.939301,7.47214e-06,232.712
delf_a_08,3,14898,3137,6611,0,r,1,0,4.749123,1,21,5884,9014,39.495,12694,2204,85.206,9095,5803,61.048,13.544768,15.194048,18.114592,17.245888,14.2568,14.17632,16.36832,0.891452,0.747727,0.785391,0.950057,0.95545,0.827499,0,5.04505e-08,2.66644e-11,1.03733e-10,5.09038e-09,5.09038e-09,5.09038e-09,9.214048,1.470013,9.19867e-06,51.7956
olafu,5,1015156,16146,16146,1,r,1,0,62.873529,24,89,2100,1013056,0.207,792326,222830,78.05,149169,865987,14.694,440.916962,512.110352,458.537659,518.309998,459.999969,451.041443,456.894287,0.86098,0.961572,0.850682,0.958515,0.977553,0.965031,0,2.90574e-08,2.73418e-14,4.95881e-12,2.49534e-12,2.49532e-12,2.49529e-12,246.648102,1.787636,9.53364e-06,417.595
hydr1c_a_03,3,22996,5308,5308,0,r,1,0,4.332329,1,14,7342,15654,31.927,21290,1706,92.581,20806,2190,90.477,21.767521,24.896959,26.816671,25.670944,24.081663,23.968767,25.728672,0.874304,0.811716,0.847944,0.903904,0.908162,0.846041,0,4.40743e-08,9.9664e-14,7.42365e-11,3.83118e-09,3.83118e-09,3.83118e-09,15.153824,1.436438,7.72282e-06,54.8973
shyy41,3,20042,4720,4720,0,r,1,0,4.246186,1,6,7484,12558,37.342,6252,13790,31.194,4680,15362,23.351,18.22336,19.943457,22.280224,21.23024,18.807903,18.77376,19.296192,0.913751,0.817916,0.858368,0.96892,0.970682,0.944402,0,4.32966e-08,6.04342e-10,5.7069e-11,3.52585e-11,3.52585e-11,3.52585e-11,13.065536,1.394766,6.52473e-06,38.8863
bips98_1142_c,3,20,4,9735,0,r,1,0,5.0,5,5,9,11,45.0,5,15,25.0,0,20,0.0,2.131456,2.146528,2.44032,2.38496,2.158784,2.158144,2.250432,0.992978,0.873433,0.893707,0.987341,0.987634,0.947132,0,6.54499e-08,1.69465e-09,1.71114e-10,0.0,0.0,0.0,3.091392,0.689481,7.26853e-06,29.4773
cavity04,3,7327,317,317,0,r,1,0,23.113565,1,62,5301,2026,72.349,3823,3504,52.177,1413,5914,19.285,8.623136,9.509152,9.677536,9.54016,9.0888,8.977312,9.083328,0.906825,0.891047,0.903877,0.948765,0.960548,0.949337,0,4.97376e-08,2.94535e-09,5.70506e-10,8.88143e-10,8.88143e-10,8.88143e-10,5.968192,1.444849,8.87297e-06,56.2956
large_a_35,3,20650,4294,8626,0,r,1,0,4.809036,2,21,8420,12230,40.775,18126,2524,87.777,13545,7105,65.593,17.753088,20.017441,23.181856,22.638048,18.782047,18.719296,21.475391,0.886881,0.765818,0.784215,0.945216,0.948384,0.826671,0,4.40527e-08,3.30006e-11,1.40842e-10,2.20881e-08,2.20881e-08,2.20881e-08,12.671968,1.400973,8.48919e-06,60.2875
sinc12,3,294986,7500,7500,0,r,1,0,39.331467,1,75,162952,132034,55.241,291595,3391,98.85,277511,17475,94.076,182.849503,190.908295,207.699265,195.650208,194.054108,189.003876,191.424637,0.957787,0.880357,0.934574,0.94226,0.967438,0.955204,0,8.27419e-08,5.93189e-14,1.21304e-11,7.20567e-12,7.20562e-12,7.20561e-12,97.270332,1.879808,1.35122e-05,228.38
scsd8-2c_a_3,3,112770,5130,35910,0,r,1,0,21.982456,10,24,82000,30770,72.714,0,112770,0.0,0,112770,0.0,106.477859,111.819618,129.408356,108.980225,105.512032,105.346275,107.231102,0.952229,0.822805,0.977038,1.009154,1.010742,0.992976,0,3.81744e-08,3.48463e-08,0.0,0.0,0.0,0.0,54.471424,1.954747,8.70985e-06,114.455
tsopf_rs_b2052_c1,3,6761100,25626,25626,0,r,1,0,263.837509,2,635,6683092,78008,98.846,6678352,82748,98.776,6699047,62053,99.082,1610.337769,1466.183472,1486.155396,1476.9021,1447.92749,1445.062378,1458.141235,1.098319,1.083559,1.090348,1.112167,1.114372,1.104377,0,3.02935e-08,4.08772e-12,5.23232e-14,7.24317e-12,7.24317e-12,7.24317e-12,936.409241,1.719694,5.87525e-06,5878.46
gyro_m,5,340431,17361,17361,1,r,1,0,19.608951,4,120,340431,0,100.0,184158,156273,54.096,103299,237132,30.344,355.787262,381.87561,393.945618,408.076141,365.728149,361.862579,369.15741,0.931684,0.903138,0.871865,0.972819,0.983211,0.963782,0,4.42799e-08,4.42799e-08,4.01153e-10,2.46997e-10,2.46997e-10,2.46997e-10,178.148987,1.997133,8.84977e-06,163.551
hydr1c_a_64,3,19478,5308,5308,0,r,1,0,3.669555,1,12,7293,12185,37.442,18197,1281,93.423,18050,1428,92.669,12.037344,14.97136,16.292576,15.879936,14.465824,14.387488,15.887552,0.804025,0.738824,0.758022,0.832123,0.836654,0.757659,0,3.44461e-08,9.39972e-14,5.21051e-11,2.63764e-10,2.63764e-10,2.63764e-10,9.602912,1.25351,4.38648e-06,55.7539
case9_a_03,5,147972,14454,14454,1,r,1,0,10.237443,1,7210,104027,43945,70.302,147957,15,99.99,147923,49,99.967,133.778183,143.227936,154.546631,148.070938,146.904678,143.400345,148.926468,0.934023,0.865617,0.903474,0.910646,0.9329,0.898283,0,6.52034e-08,3.54925e-16,5.53165e-14,2.31425e-13,2.31425e-13,2.31425e-13,71.085693,1.881928,5.62671e-08,74.2452
scrs8-2r_a_02,4,983,252,475,0,r,1,0,3.900794,1,15,267,716,27.162,102,881,10.376,12,971,1.221,2.756768,2.93312,3.001824,2.778208,2.803936,2.780992,2.772576,0.939876,0.918364,0.992283,0.983178,0.991289,0.994298,0,4.12498e-08,2.38368e-09,2.165e-10,4.01026e-10,4.01026e-10,4.01026e-10,3.398016,0.811288,6.40053e-06,39.1176
t2d_q4_a_17,5,87025,9801,9801,0,r,1,0,8.879196,4,9,31261,55764,35.922,1853,85172,2.129,895,86130,1.028,89.115875,89.527298,101.461342,93.277283,90.049507,88.708801,92.970177,0.995404,0.878323,0.955387,0.989632,1.004589,0.958543,0,4.43946e-08,1.98246e-09,2.94911e-10,5.36659e-10,5.36659e-10,5.36659e-10,45.874722,1.942592,8.48004e-06,86.3899
oscil_dcop_09,1,1544,430,430,0,r,1,0,3.590698,1,13,640,904,41.451,1386,158,89.767,1288,256,83.42,2.746624,2.97184,3.265536,2.94832,2.951008,2.991328,3.272224,0.924217,0.841094,0.93159,0.930741,0.918196,0.839375,0,4.85988e-08,4.34484e-14,1.41875e-10,2.43855e-10,2.43855e-10,2.43855e-10,3.429216,0.800948,4.59104e-06,31.5172
nemeth20,3,971870,9506,9506,1,r,1,0,102.237534,46,120,971870,0,100.0,703586,268284,72.395,0,971870,0.0,303.972961,353.741119,360.136841,354.043976,308.240509,304.294617,306.558777,0.859309,0.844049,0.858574,0.986155,0.998943,0.991565,0,4.51015e-08,4.51015e-08,1.81023e-10,0.0,0.0,0.0,180.227966,1.686603,9.95829e-06,413.229
abacus_shell_md_k,5,216082,23412,23412,0,r,1,0,9.22954,4,15,50455,165627,23.35,197326,18756,91.32,194536,21546,90.029,209.173279,222.074692,251.958176,232.074234,228.406693,221.067719,232.04509,0.941905,0.83019,0.901321,0.915793,0.946195,0.901434,0,4.61334e-08,1.41644e-14,2.20756e-11,5.32676e-12,5.32676e-12,5.32676e-12,109.709503,1.90661,8.23681e-06,186.419
case9_b2_08,2,14453,14454,1,0,r,1,1,0.999931,0,1,14420,33,99.772,14428,25,99.827,14453,0,100.0,10.376768,10.949152,12.526432,11.760832,11.407936,11.427488,11.653632,0.947723,0.82839,0.882316,0.90961,0.908053,0.890432,0,3.82869e-08,1.79461e-13,7.13326e-13,3.82869e-08,3.82869e-08,3.82869e-08,9.621664,1.07848,3.85908e-06,41.2224
bundle1,3,770901,10581,10581,1,r,1,0,72.857102,17,1711,90,770811,0.012,450288,320613,58.411,140649,630252,18.245,298.5849,314.922577,305.023163,328.195007,295.230652,292.113159,295.923737,0.948122,0.978893,0.909779,1.011361,1.022155,1.008993,0,4.1475e-08,7.64595e-14,5.84391e-11,4.89607e-10,4.89607e-10,4.89607e-10,168.486649,1.772158,1.89733e-05,352.806
cz308,3,3182,308,308,0,r,1,0,10.331169,1,27,714,2468,22.439,1389,1793,43.652,1,3181,0.031,5.119808,5.665056,5.889696,5.358976,4.972512,4.958432,5.07008,0.903752,0.869282,0.955371,1.029622,1.032546,1.009808,0,3.86481e-08,6.22415e-11,6.05379e-10,2.35242e-12,2.35242e-12,2.35242e-12,4.44208,1.15257,8.0256e-06,33.7766
lp_stocfor3,3,76473,16675,23541,0,r,1,0,4.586087,1,15,18060,58413,23.616,58827,17646,76.925,52946,23527,69.235,76.630241,79.892639,83.087166,85.806717,84.462082,83.086685,89.227646,0.959165,0.922287,0.893056,0.907274,0.922293,0.858817,0,4.23699e-08,9.8202e-11,2.01626e-10,1.90726e-10,1.90726e-10,1.90726e-10,43.804993,1.749349,7.64676e-06,300.53
shermanacb,3,145149,18510,18510,0,r,1,0,7.841653,1,10405,130134,15015,89.655,120809,24340,83.231,88809,56340,61.185,172.359009,215.913086,218.021027,217.039429,227.435074,212.315781,223.594437,0.79828,0.790561,0.794137,0.757838,0.811805,0.770856,0,2.89085e-08,3.88416e-10,2.72899e-11,5.51212e-10,5.51212e-10,5.51212e-10,117.472191,1.467232,2.89039e-06,1314.49
cavity26,3,138187,4562,4562,0,r,1,0,30.290881,8,62,121368,16819,87.829,60030,78157,43.441,20185,118002,14.607,103.323875,114.61261,119.927101,114.657219,104.809151,103.772224,106.979645,0.901505,0.861556,0.901155,0.985829,0.995679,0.965827,0,4.43203e-08,7.90936e-09,4.70257e-10,2.30729e-10,2.30729e-10,2.30729e-10,55.523392,1.860907,9.04464e-06,167.062
t2d_q4_a_01,3,87025,9801,9801,0,r,1,0,8.879196,4,9,77224,9801,88.738,0,87025,0.0,0,87025,0.0,89.147133,89.549889,106.231812,92.512291,90.010658,88.636192,92.886147,0.995502,0.839175,0.963625,0.990406,1.005764,0.959746,0,4.60056e-08,1.51976e-08,0.0,0.0,0.0,0.0,45.916096,1.941522,8.16881e-06,89.513
large_a_06,3,19314,4237,8576,0,r,1,0,4.558414,1,21,7174,12140,37.144,16672,2642,86.321,12678,6636,65.642,17.485697,19.66,21.872801,22.414177,18.566784,18.553024,20.932032,0.889405,0.799427,0.780118,0.941773,0.942472,0.835356,0,4.1759e-08,2.74426e-11,1.32464e-10,1.86641e-08,1.86641e-08,1.86641e-08,12.535936,1.394846,9.35099e-06,59.1798
c-34,3,64333,6611,6611,1,r,1,0,9.731206,2,862,38677,25656,60.12,6121,58212,9.515,966,63367,1.502,61.609024,69.707809,75.338272,72.245918,62.559967,62.008415,64.896317,0.883818,0.817765,0.852768,0.984799,0.993559,0.949345,0,4.35221e-08,6.60157e-09,3.44512e-10,1.00145e-09,1.00145e-09,1.00145e-09,35.130718,1.753708,6.17893e-06,142.368
hydr1c_a_05,3,22904,5308,5308,0,r,1,0,4.314996,1,14,7241,15663,31.615,21198,1706,92.552,20714,2190,90.438,21.775841,24.937857,26.784384,25.673792,24.092928,24.018496,25.692415,0.873204,0.813005,0.848174,0.903827,0.906628,0.847559,0,4.56552e-08,9.19356e-14,7.76714e-11,3.82122e-10,3.82122e-10,3.82122e-10,15.172064,1.435259,8.23202e-06,55.1446
car4,3,63724,16384,33052,0,r,1,0,3.889404,2,111,30956,32768,48.578,30672,33052,48.133,0,63724,0.0,39.023743,34.281792,38.847073,38.336864,38.653248,38.219776,38.942753,1.138323,1.004548,1.017917,1.009585,1.021035,1.00208,0,2.66755e-08,6.32233e-10,5.84719e-10,0.0,0.0,0.0,22.561888,1.729631,5.85108e-06,94.6296
lp_capri,3,1896,271,482,0,r,1,0,6.99631,1,48,584,1312,30.802,355,1541,18.724,106,1790,5.591,3.25104,3.62992,4.862144,3.691136,3.294592,3.278016,3.582688,0.895623,0.668643,0.88077,0.986781,0.991771,0.90743,0,3.86247e-08,7.30384e-10,2.19924e-10,2.02268e-10,2.02268e-10,2.02268e-10,2.739616,1.186677,8.6294e-06,46.6442
jan99jac060,3,127182,20614,20614,0,r,1,0,6.169691,2,68,86449,40733,67.973,125925,1257,99.012,125689,1493,98.826,96.260963,111.267235,119.302177,115.49971,112.526688,110.594017,114.339905,0.865133,0.806867,0.83343,0.85545,0.870399,0.841884,0,4.7313e-08,2.55805e-13,1.72123e-12,2.61822e-08,2.61822e-08,2.61822e-08,59.534016,1.616907,6.85715e-06,373.78
bcsstm21,3,3600,3600,3600,1,r,1,0,1.0,1,1,3600,0,100.0,1200,2400,33.333,3600,0,100.0,4.104928,4.361728,5.303648,5.291744,4.391552,4.34688,4.461568,0.941124,0.773982,0.775723,0.934733,0.944339,0.920064,0,4.1171e-08,4.1171e-08,1.56267e-09,4.1171e-08,4.1171e-08,4.1171e-08,4.480064,0.916266,3.53256e-06,39.2875
p0291,3,2283,252,543,0,r,1,0,9.059524,2,54,380,1903,16.645,0,2283,0.0,0,2283,0.0,4.325056,4.784416,4.888032,4.345408,4.353088,4.344256,4.348352,0.903988,0.884826,0.995316,0.99356,0.99558,0.994643,0,3.40169e-08,9.05219e-10,0.0,0.0,0.0,0.0,3.849088,1.123657,8.28492e-06,43.5767
oscil_dcop_36,3,1544,430,430,0,r,1,0,3.590698,1,13,662,882,42.876,1386,158,89.767,1288,256,83.42,2.747968,2.964,3.797952,3.011584,2.976608,2.974208,3.2712,0.927115,0.723539,0.912466,0.923188,0.923933,0.840049,0,3.27555e-08,3.79127e-14,1.28216e-10,1.85472e-10,1.85472e-10,1.85472e-10,3.370464,0.815308,6.81116e-06,39.2557
t2d_q9_a_05,3,87025,9801,9801,0,r,1,0,8.879196,4,9,65281,21744,75.014,0,87025,0.0,0,87025,0.0,89.127426,89.531807,106.571907,92.491165,89.998497,88.593636,92.845825,0.995483,0.836313,0.963632,0.990321,1.006025,0.959951,0,4.50104e-08,9.08672e-09,0.0,0.0,0.0,0.0,45.835617,1.944502,8.39403e-06,88.9275
c-23,3,31079,3969,3969,1,r,1,0,7.830436,2,655,12096,18983,38.92,9672,21407,31.121,2654,28425,8.54,19.345663,22.862368,23.565344,23.514751,20.006111,19.467745,21.523392,0.846179,0.820937,0.822703,0.966988,0.993729,0.89882,0,3.84591e-08,3.15193e-10,1.60833e-10,1.67863e-10,1.67863e-10,1.67863e-10,13.3872,1.445087,8.68865e-06,81.5728
viscoplastic1_c_5,2,61166,4326,4326,0,r,1,0,14.139159,7,37,28610,32556,46.774,33268,27898,54.39,22326,38840,36.501,39.281567,43.368546,49.230591,49.199425,40.403393,40.574528,41.728737,0.905762,0.79791,0.798415,0.972234,0.968134,0.941355,0,4.32545e-08,1.43064e-11,2.23028e-10,2.98747e-12,2.98747e-12,2.98747e-12,22.394815,1.754047,8.1121e-06,70.2529
delf_a_19,3,14939,3185,6648,0,r,1,0,4.690424,1,21,5686,9253,38.061,12716,2223,85.119,9177,5762,61.43,13.763616,15.492384,17.988993,17.531521,14.507616,14.4672,16.562977,0.888412,0.765113,0.785078,0.948717,0.951367,0.830987,0,4.25149e-08,2.05095e-11,9.26939e-11,8.5428e-09,8.5428e-09,8.5428e-09,10.1584,1.3549,8.12333e-06,55.9656
std1_jac2,3,1248731,21982,21982,0,r,1,0,56.806978,1,898,1157814,90917,92.719,1242479,6252,99.499,1236781,11950,99.043,563.184387,632.159912,638.648071,649.865784,639.682495,633.045959,642.298462,0.890889,0.881838,0.866616,0.880412,0.889642,0.876827,0,4.04442e-08,4.95426e-14,1.76594e-13,7.2511e-11,7.2511e-11,7.2511e-11,319.925629,1.76036,3.37777e-06,1420.88
gyro,5,1021159,17361,17361,1,r,1,0,58.819135,12,360,49936,971223,4.89,316420,704739,30.986,0,1021159,0.0,455.312836,527.936646,504.893311,505.438263,460.711975,453.433441,461.385651,0.862438,0.9018,0.900828,0.988281,1.004145,0.986838,0,5.01288e-08,2.28278e-14,3.46683e-10,0.0,0.0,0.0,255.38298,1.782863,9.17097e-06,435.961
delf_a_05,3,14696,3142,6614,0,r,1,0,4.677276,1,21,5805,8891,39.501,12648,2048,86.064,9131,5565,62.133,13.544832,15.2888,17.908928,17.238239,14.410592,14.349056,16.458431,0.885932,0.756317,0.785743,0.939922,0.943953,0.822972,0,4.93635e-08,2.65719e-11,1.05234e-10,5.32909e-09,5.32909e-09,5.32909e-09,10.12176,1.338189,8.64488e-06,57.0458
bayer09,3,21216,3083,3083,0,r,1,0,6.881609,1,34,19493,1723,91.879,21148,68,99.679,20400,816,96.154,14.458688,16.92944,18.317921,17.515039,17.328863,17.136896,17.483936,0.854056,0.789319,0.825501,0.83437,0.843717,0.82697,0,7.05359e-08,1.39287e-14,4.05139e-12,2.08581e-09,2.08581e-09,2.08581e-09,9.957248,1.452077,4.64785e-06,95.0993
cdde6,3,4681,961,961,0,r,1,0,4.870968,3,5,1860,2821,39.735,0,4681,0.0,0,4681,0.0,5.478848,5.845888,6.516832,5.492384,5.428768,5.378208,5.40064,0.937214,0.840723,0.997536,1.009225,1.018713,1.014481,0,3.69194e-08,4.53325e-09,0.0,0.0,0.0,0.0,4.762368,1.150446,7.81628e-06,18.3493
adder_dcop_25,3,11246,1813,1813,0,r,1,0,6.202978,1,1310,11228,18,99.84,7553,3693,67.162,2707,8539,24.071,19.392321,22.972897,23.451103,22.922943,22.364639,19.556095,23.568544,0.844139,0.826926,0.845979,0.867097,0.991625,0.822805,0,2.30597e-08,8.22683e-09,9.20174e-12,1.89098e-08,1.89098e-08,1.89098e-08,15.502016,1.250955,9.88746e-06,166.811
lp_fit2p,5,50284,3000,13525,0,r,1,0,16.761333,11,22,140,50144,0.278,38517,11767,76.599,741,49543,1.474,58.633568,63.582241,61.391998,72.774559,58.989086,58.830017,60.332226,0.922169,0.955069,0.805688,0.993973,0.996661,0.971845,0,4.01758e-08,8.93385e-12,4.86279e-10,1.00751e-09,1.00751e-09,1.00751e-09,31.233696,1.877254,8.24187e-06,45.0953
filter2d_e,1,1668,1668,1668,1,r,1,0,1.0,1,1,1668,0,100.0,16,1652,0.959,1668,0,100.0,2.846976,3.008512,4.026976,3.107008,3.114016,3.22288,3.181056,0.946307,0.706976,0.916308,0.914246,0.883364,0.894978,0,4.53951e-08,4.53951e-08,2.67508e-10,4.53951e-08,4.53951e-08,4.53951e-08,3.569888,0.797497,3.64074e-06,16.8507
extr1b,3,11404,2836,2836,0,r,1,0,4.021157,1,10,4185,7219,36.698,10719,685,93.993,10045,1359,88.083,12.39872,13.948512,14.990848,14.830112,13.694688,13.581376,14.73808,0.888892,0.827086,0.83605,0.905367,0.912921,0.841271,0,4.54359e-08,1.87963e-13,1.0979e-11,1.10117e-09,1.10117e-09,1.10117e-09,9.286752,1.335098,5.41856e-06,36.3779
spaceshuttleentry_3,3,28757,1834,1834,1,r,1,0,15.679935,2,1700,18512,10245,64.374,13284,15473,46.194,1134,27623,3.943,21.595167,26.452127,26.310272,26.162271,22.878817,21.633951,23.568224,0.816387,0.820788,0.825432,0.943894,0.998207,0.916283,0,4.11579e-08,2.27029e-09,3.56307e-10,9.81879e-11,9.81879e-11,9.81879e-11,13.858144,1.558302,1.05495e-05,121.836
west1505,3,5445,1505,1505,0,r,1,0,3.61794,1,12,1927,3518,35.39,5074,371,93.186,5016,429,92.121,4.840544,5.56944,6.906816,6.059232,6.016992,5.84576,5.91344,0.869126,0.700836,0.798871,0.804479,0.828044,0.818567,0,3.33756e-08,4.87308e-13,4.645e-11,3.77131e-09,3.77131e-09,3.77131e-09,4.78576,1.011447,5.67713e-06,22.8359
adder_dcop_27,3,11246,1813,1813,0,r,1,0,6.202978,1,1310,11228,18,99.84,7680,3566,68.291,2962,8284,26.338,19.380417,22.920799,24.171583,23.175072,22.31872,19.581152,23.563423,0.845538,0.801785,0.836261,0.868348,0.989749,0.822479,0,2.84541e-08,8.64568e-09,1.34906e-11,2.33327e-08,2.33327e-08,2.33327e-08,14.628832,1.32481,4.51059e-06,167.077
utm1700b,2,21509,1700,1700,0,r,1,0,12.652353,1,29,21501,8,99.963,11827,9682,54.986,483,21026,2.246,17.105951,19.426529,20.88912,21.094463,17.361183,17.405121,18.037184,0.880546,0.818893,0.810921,0.985299,0.982811,0.948372,0,4.27832e-08,4.27222e-08,4.63143e-10,7.59886e-09,7.59886e-09,7.59886e-09,10.702784,1.598271,7.76704e-06,47.7692
dw2048,3,10114,2048,2048,0,r,1,0,4.938477,3,8,10114,0,100.0,3063,7051,30.285,1168,8946,11.548,9.163264,9.909024,10.365856,11.07136,9.361664,9.35952,9.692224,0.924739,0.883985,0.827655,0.978807,0.979031,0.945424,0,4.25533e-08,4.25533e-08,6.06248e-10,1.74914e-08,1.74914e-08,1.74914e-08,7.28288,1.258192,7.04185e-06,46.7212
cdde5,2,4681,961,961,0,r,1,0,4.870968,3,5,1860,2821,39.735,0,4681,0.0,0,4681,0.0,5.36272,5.834336,6.466432,5.549728,5.37744,5.46032,5.417152,0.919165,0.829317,0.966303,0.997263,0.982126,0.989952,0,3.74501e-08,1.1956e-08,0.0,0.0,0.0,0.0,4.962368,1.080678,7.20431e-06,34.4561
saylr3,3,3750,1000,1000,1,r,1,0,3.75,1,7,2753,997,73.413,1325,2425,35.333,733,3017,19.547,3.959264,4.612512,5.393888,4.681056,4.07248,3.97184,4.857952,0.858375,0.734028,0.845806,0.9722,0.996834,0.815007,0,4.13594e-08,5.66073e-09,1.71959e-10,1.19056e-08,1.19056e-08,1.19056e-08,4.023936,0.983928,6.09541e-06,40.9415
adder_dcop_10,3,11232,1813,1813,0,r,1,0,6.195256,1,1310,11212,20,99.822,6997,4235,62.295,2657,8575,23.656,19.387487,22.914751,23.893345,23.080481,22.346464,19.552641,23.527679,0.84607,0.811418,0.839995,0.867586,0.991553,0.824029,0,4.12152e-08,5.31578e-09,4.92447e-11,2.48688e-08,2.48688e-08,2.48688e-08,15.517216,1.249418,8.07172e-06,181.078
bcsstm13,3,21943,2003,2003,1,r,1,0,10.955067,1,70,21166,777,96.459,19430,2513,88.548,7705,14238,35.114,20.752865,24.143167,26.253248,25.564159,22.614368,22.610687,24.294304,0.859575,0.790488,0.811795,0.917685,0.917834,0.854228,0,4.24787e-08,5.88844e-10,1.214e-10,2.7844e-08,2.7844e-08,2.7844e-08,12.701216,1.633927,4.99572e-06,54.9233
small,3,3207,677,1400,0,r,1,0,4.737075,1,19,1453,1754,45.307,2737,470,85.345,2193,1014,68.382,4.623648,5.101728,6.432192,5.419872,4.983744,4.889376,5.34448,0.906291,0.718829,0.853092,0.927746,0.945652,0.865126,0,4.29851e-08,4.93162e-11,1.40534e-10,4.20264e-08,4.20264e-08,4.20264e-08,3.3664,1.37347,6.57686e-06,54.7048
goodwin_013,3,56069,1965,1965,0,r,1,0,28.533842,1,62,55860,209,99.627,16219,39850,28.927,209,55860,0.373,42.925598,48.753567,50.346111,48.329311,43.519104,43.322849,44.278561,0.880461,0.85261,0.88819,0.986362,0.99083,0.969444,0,3.96666e-08,3.42987e-08,4.31399e-10,1.99259e-08,1.99259e-08,1.99259e-08,23.987648,1.789488,7.19373e-06,75.5646
extr1b_a_30,3,9053,2836,2836,0,r,1,0,3.192172,1,10,3513,5540,38.805,8564,489,94.598,8397,656,92.754,7.241568,8.42224,10.769856,8.556896,8.274624,8.001088,9.009728,0.859815,0.672392,0.846284,0.875154,0.905073,0.80375,0,3.91574e-08,2.04894e-12,5.82878e-11,5.98378e-09,5.98378e-09,5.98378e-09,6.409536,1.129812,6.674e-06,42.92
deter0,3,11173,1923,5468,0,r,1,0,5.810192,2,30,3894,7279,34.852,0,11173,0.0,0,11173,0.0,10.86464,13.11408,13.057376,11.324704,10.98768,10.914944,11.228128,0.828471,0.832069,0.959375,0.988802,0.995391,0.967627,0,3.58971e-08,2.40938e-08,0.0,0.0,0.0,0.0,8.255392,1.316066,7.76607e-06,48.4534
ts,3,45262,2142,2142,0,r,1,0,21.130719,1,23,2646,42616,5.846,2058,43204,4.547,182,45080,0.402,42.514526,46.091263,51.66835,51.621025,43.034782,42.87907,44.002335,0.922399,0.822835,0.823589,0.987911,0.991498,0.966188,0,5.50942e-08,3.32025e-10,2.62878e-10,8.31082e-11,8.31082e-11,8.31082e-11,23.038143,1.845397,9.76217e-06,50.7153
bcsstm12,3,19659,1473,1473,1,r,1,0,13.346232,2,22,19391,268,98.637,9440,10219,48.019,838,18821,4.263,16.43248,19.366783,20.837408,17.527296,16.5408,16.495745,17.157473,0.848488,0.788605,0.937537,0.993451,0.996165,0.957745,0,4.23953e-08,5.10294e-09,2.82555e-10,2.05841e-10,2.05841e-10,2.05841e-10,10.203264,1.610512,7.65761e-06,26.6407
extr1b_a_10,3,9053,2836,2836,0,r,1,0,3.192172,1,10,3507,5546,38.739,8564,489,94.598,8397,656,92.754,7.174112,8.402304,9.755872,8.545632,8.274304,8.006368,9.005408,0.853827,0.735363,0.839506,0.867035,0.896051,0.796645,0,4.56114e-08,2.10189e-12,6.19277e-11,1.07528e-08,1.07528e-08,1.07528e-08,6.229792,1.151581,8.93415e-06,34.4996
lp_cycle,3,21234,1903,3371,0,r,1,13,11.158171,0,64,6348,14886,29.895,14751,6483,69.469,13666,7568,64.359,19.319328,22.068993,23.087648,23.261921,21.096704,21.074144,22.514208,0.875406,0.836782,0.830513,0.915751,0.916731,0.858095,0,3.90539e-08,9.54994e-11,4.07435e-10,2.05494e-09,2.05494e-09,2.05494e-09,11.792704,1.638244,8.05965e-06,46.5461
c-19,3,21817,2327,2327,1,r,1,0,9.375591,2,362,7748,14069,35.514,12793,9024,58.638,5442,16375,24.944,22.293568,25.269793,27.34016,26.977823,23.403328,23.382113,24.222528,0.882222,0.815415,0.826366,0.952581,0.953445,0.920365,0,3.08213e-08,7.27071e-11,1.44042e-10,3.30778e-09,3.30778e-09,3.30778e-09,13.6048,1.638655,7.07856e-06,60.866
binaryalphadigs_10nn,3,19392,1404,1404,1,r,1,0,13.811966,10,31,19304,88,99.546,0,19392,0.0,0,19392,0.0,14.841696,16.643776,17.615265,15.324544,14.929472,14.734656,15.06464,0.891726,0.842547,0.968492,0.994121,1.007264,0.985201,0,3.30417e-08,2.29704e-08,0.0,0.0,0.0,0.0,9.534144,1.556689,8.48562e-06,25.58
lhr02,3,37206,2954,2954,0,r,1,0,12.595125,1,43,32251,4955,86.682,25173,12033,67.658,17228,19978,46.304,29.652384,34.374722,36.341152,36.000256,30.238049,30.136576,33.304031,0.862622,0.815945,0.823671,0.980632,0.983933,0.890354,0,3.49913e-08,2.60974e-08,3.03958e-10,1.09421e-08,1.09421e-08,1.09421e-08,17.074753,1.736622,7.51827e-06,59.7898
adder_dcop_47,3,11246,1813,1813,0,r,1,0,6.202978,1,1310,11228,18,99.84,7859,3387,69.883,3314,7932,29.468,19.381311,22.953279,23.429377,23.175903,22.37904,19.650433,23.586945,0.844381,0.827223,0.83627,0.866047,0.986305,0.821697,0,2.3162e-08,2.63733e-09,6.10655e-12,1.92272e-08,1.92272e-08,1.92272e-08,15.518944,1.248881,7.98313e-06,159.576
spaceshuttleentry_4,3,39669,2450,2450,1,r,1,0,16.191429,2,2272,25353,14316,63.911,18239,21430,45.978,1558,38111,3.928,48.697441,53.134464,60.065632,60.113567,49.307362,49.142559,50.377186,0.916494,0.810737,0.810091,0.98763,0.990942,0.966657,0,4.29671e-08,2.36973e-09,3.31741e-10,2.27118e-10,2.27118e-10,2.27118e-10,26.192032,1.859246,9.83232e-06,167.284
s40pi_n1_e,3,2028,2028,2028,1,r,1,0,1.0,1,1,2028,0,100.0,1205,823,59.418,2028,0,100.0,3.227456,3.281088,3.7984,3.801216,3.307968,3.28064,3.31808,0.983654,0.849688,0.849059,0.975661,0.983789,0.972688,0,2.60941e-08,2.60941e-08,1.81314e-10,2.60941e-08,2.60941e-08,2.60941e-08,3.718016,0.868059,2.20905e-06,38.5952
ex4,3,32299,1601,1601,1,r,1,0,20.174266,7,37,32299,0,100.0,5520,26779,17.09,0,32299,0.0,33.08707,36.134274,37.383968,39.457279,33.347328,33.231457,33.887135,0.91567,0.88506,0.838554,0.992196,0.995655,0.97639,0,4.36421e-08,4.36421e-08,5.27385e-10,0.0,0.0,0.0,18.108192,1.827188,8.41748e-06,52.1765
sherman1,3,3750,1000,1000,1,r,1,0,3.75,1,7,2753,997,73.413,1325,2425,35.333,733,3017,19.547,3.995968,4.623104,4.89024,4.687296,4.117792,3.964384,4.863872,0.864347,0.817131,0.85251,0.970415,1.007967,0.821561,0,4.27586e-08,5.35916e-09,1.68033e-10,1.01587e-08,1.01587e-08,1.01587e-08,4.066048,0.982765,6.48944e-06,38.6664
qrpivot_b,3,391,660,1,0,r,1,269,0.592424,0,1,279,112,71.355,231,160,59.079,391,0,100.0,2.269728,2.294656,3.730816,2.679424,2.306656,2.279328,2.3424,0.989136,0.608373,0.847095,0.983991,0.995788,0.968975,0,4.09558e-08,6.96977e-10,4.10709e-10,4.09558e-08,4.09558e-08,4.09558e-08,2.253728,1.007099,4.18905e-06,32.211
maragal_4,3,26719,1964,1034,0,r,1,0,13.604379,1,586,22802,3917,85.34,9875,16844,36.959,14,26705,0.052,22.185568,26.51696,28.1112,25.256256,22.693504,22.214369,23.202112,0.836656,0.789207,0.878419,0.977618,0.998703,0.956187,0,3.7616e-08,1.8956e-08,6.66818e-10,1.17841e-09,1.17841e-09,1.17841e-09,13.887008,1.597577,7.37537e-06,126.149
bcsstk11,3,34241,1473,1473,1,r,1,0,23.245757,2,33,5308,28933,15.502,12124,22117,35.408,0,34241,0.0,30.026527,32.508129,37.074081,36.702881,30.202848,30.110271,30.808865,0.923662,0.809906,0.818097,0.994162,0.997219,0.974607,0,4.45508e-08,1.28509e-14,1.10154e-10,0.0,0.0,0.0,16.058624,1.869807,8.31132e-06,50.4051
extr1b_a_12,3,9053,2836,2836,0,r,1,0,3.192172,1,10,3507,5546,38.739,8564,489,94.598,8397,656,92.754,7.25088,8.405728,9.794688,8.572704,8.282304,7.965504,9.0648,0.862612,0.740287,0.84581,0.875467,0.910285,0.799894,0,4.67442e-08,2.23132e-12,6.71568e-11,3.66995e-09,3.66995e-09,3.66995e-09,6.24416,1.161226,5.80221e-06,54.9512
dataset18mfeatmorphological_10nn,3,22832,2000,2000,1,r,1,0,11.416,10,18,22602,230,98.993,5740,17092,25.14,0,22832,0.0,18.666689,20.114847,22.581888,23.085823,18.532736,18.454559,19.055616,0.928006,0.826622,0.808578,1.007228,1.011495,0.97959,0,3.91786e-08,3.87879e-08,8.64686e-10,0.0,0.0,0.0,10.889792,1.714146,7.93546e-06,51.2019
adder_dcop_57,3,11246,1813,1813,0,r,1,0,6.202978,1,1310,11228,18,99.84,7869,3377,69.972,3318,7928,29.504,19.383776,22.961887,24.217152,23.174976,22.402945,19.662785,23.615969,0.844172,0.800415,0.83641,0.865233,0.98581,0.820791,0,3.51764e-08,1.424e-08,6.06043e-12,3.25577e-08,3.25577e-08,3.25577e-08,15.519104,1.249027,3.80138e-06,203.608
scagr7-2c_a_3,3,9005,2447,3479,0,r,1,0,3.680016,1,10,2183,6822,24.242,0,9005,0.0,1,9004,0.011,6.815008,8.256736,10.236192,6.924896,6.85072,6.840384,6.89984,0.825388,0.665776,0.984132,0.994787,0.99629,0.987705,0,4.92236e-08,6.75657e-09,0.0,1.2795e-10,1.2795e-10,1.2795e-10,5.880224,1.158971,7.51308e-06,45.5697
orani678,3,90158,2529,2529,0,r,1,0,35.649664,1,1110,85891,4267,95.267,72618,17540,80.545,234,89924,0.26,61.488865,66.205055,68.152351,64.612541,62.305729,61.658176,62.986271,0.928764,0.902227,0.951655,0.986889,0.997254,0.976226,0,3.16773e-08,1.21313e-08,2.74706e-10,6.05404e-09,6.05404e-09,6.05404e-09,30.425695,2.020952,6.99228e-06,446.185
ex6,3,49533,1651,1651,0,r,1,0,30.001817,3,62,40754,8779,82.276,27202,22331,54.917,3800,45733,7.672,36.71904,41.121025,44.082752,42.257599,37.236446,37.037502,37.942112,0.892951,0.832957,0.868933,0.986105,0.991402,0.967765,0,4.15145e-08,1.44387e-09,2.75541e-10,9.66079e-11,9.66079e-11,9.66079e-11,19.638111,1.869785,8.91633e-06,115.974
fs_541_4,2,4285,541,541,0,r,1,0,7.920518,1,11,2058,2227,48.028,3494,791,81.54,2497,1788,58.273,4.326176,4.875648,4.79008,5.029376,4.736,4.803168,4.88304,0.887303,0.903153,0.860181,0.913466,0.900692,0.88596,0,3.45167e-08,1.86461e-13,4.60729e-11,1.40926e-08,1.40926e-08,1.40926e-08,4.186176,1.033443,5.80159e-06,47.4992
ex10,3,54840,2410,2410,1,r,1,0,22.755187,6,50,23580,31260,42.998,25600,29240,46.681,12402,42438,22.615,49.607712,54.35408,58.261726,57.924191,50.801121,50.734463,52.012321,0.912677,0.851463,0.856425,0.976508,0.977791,0.953768,0,4.74043e-08,2.06644e-14,1.7188e-10,4.76538e-15,5.66364e-15,8.78387e-16,26.605568,1.864561,6.69984e-06,56.9452
model9,3,55956,2879,10939,0,r,1,92,19.435915,0,216,20810,35146,37.19,19401,36555,34.672,8309,47647,14.849,59.419807,66.000351,70.367393,66.963165,58.820671,58.576962,61.757378,0.900295,0.844422,0.887351,1.010186,1.014389,0.962149,0,4.03951e-08,4.28142e-10,2.68344e-10,1.54158e-10,1.54158e-10,1.54158e-10,31.32864,1.896661,7.172e-06,121.215
b_dyn,4,4264,1089,1089,0,r,1,0,3.915519,1,11,4081,183,95.708,4053,211,95.052,4096,168,96.06,4.330848,4.950816,6.176672,5.284608,5.309536,5.109344,5.076256,0.874775,0.701162,0.819521,0.815674,0.847633,0.853158,0,6.99557e-08,2.20328e-11,1.69429e-11,1.62764e-10,1.62764e-10,1.62764e-10,4.358176,0.993729,2.29381e-07,49.396
scrs8-2b_a_1,3,527,140,259,0,r,1,0,3.764286,1,15,139,388,26.376,54,473,10.247,12,515,2.277,2.716256,2.677568,2.855712,2.738784,2.799232,2.711776,2.777568,1.014449,0.951166,0.991774,0.970358,1.001652,0.977926,0,3.22049e-08,2.89243e-09,1.84122e-10,3.3252e-10,3.3252e-10,3.3252e-10,3.470144,0.78275,7.51411e-06,36.4045
ex7,3,54543,1633,1633,0,r,1,0,33.40049,8,75,30722,23821,56.326,32501,22042,59.588,16352,38191,29.98,35.980385,40.626751,42.704098,41.584866,37.285919,37.159809,38.096447,0.885633,0.842551,0.865228,0.964986,0.968261,0.944455,0,3.57739e-08,2.19196e-14,7.95703e-11,1.11513e-14,1.11513e-14,5.08479e-16,20.074656,1.792329,8.18329e-06,146.492
lpi_bgindy,3,66266,2671,10880,0,r,1,0,24.809435,1,1173,30755,35511,46.411,2090,64176,3.154,769,65497,1.16,60.358879,65.436737,65.097374,62.920383,60.91264,60.717567,61.857025,0.922401,0.927209,0.95929,0.990909,0.994093,0.975781,0,3.42744e-08,6.83538e-09,2.90818e-10,5.31313e-10,5.31313e-10,5.31313e-10,34.755966,1.736648,1.54385e-05,184.761
fs_541_3,3,4285,541,541,0,r,1,0,7.920518,1,11,1815,2470,42.357,3701,584,86.371,3304,981,77.106,4.318208,4.85248,5.526816,5.18,4.863328,4.85856,4.911168,0.889897,0.781319,0.833631,0.887912,0.888784,0.879263,0,4.80502e-08,3.43472e-14,7.34671e-11,2.34725e-08,2.34725e-08,2.34725e-08,3.27488,1.318585,4.41525e-06,38.2862
g7jac010sc,3,19635,2880,2880,0,r,1,0,6.817708,2,36,9988,9647,50.868,8053,11582,41.013,2111,17524,10.751,13.501536,15.673856,17.487553,17.073055,13.945408,13.902848,16.15296,0.861405,0.772066,0.79081,0.968171,0.971135,0.835855,0,5.04152e-08,1.87419e-10,1.34274e-10,7.45557e-10,7.45557e-10,7.45557e-10,9.704544,1.391259,6.44776e-06,72.3514
adder_dcop_33,3,11246,1813,1813,0,r,1,0,6.202978,1,1310,11228,18,99.84,7842,3404,69.731,3275,7971,29.121,19.379105,22.965088,24.484159,22.95376,22.490335,19.691969,23.614689,0.843851,0.791496,0.844267,0.861664,0.984112,0.820638,0,2.33202e-08,2.39106e-09,9.52749e-12,2.17242e-08,2.17242e-08,2.17242e-08,14.628576,1.324743,4.37423e-06,183.258
dynamicsoaringproblem_2,3,15588,1591,1591,1,r,1,0,9.797612,2,596,9788,5800,62.792,15569,19,99.878,15586,2,99.987,15.547776,17.10944,19.763968,17.775105,17.127199,17.118528,17.528799,0.908725,0.786673,0.874694,0.907783,0.908243,0.886985,0,3.55467e-08,1.89933e-13,2.49672e-12,3.55467e-08,3.55467e-08,3.55467e-08,9.045408,1.718858,5.27148e-07,42.4511
fs_541_1,2,4285,541,541,0,r,1,0,7.920518,1,11,3714,571,86.674,3466,819,80.887,2291,1994,53.466,4.335136,4.848032,5.257856,5.071008,4.618944,4.696928,5.039328,0.894205,0.824506,0.854886,0.938556,0.922973,0.860261,0,4.75465e-08,3.34321e-09,2.20422e-10,3.17791e-08,3.17791e-08,3.17791e-08,4.216768,1.028071,6.46823e-06,48.5124
small_a_01,3,3044,709,1435,0,r,1,0,4.293371,1,20,1201,1843,39.455,2544,500,83.574,1974,1070,64.849,4.702368,5.065792,6.397824,5.49936,5.014976,4.868,5.411008,0.928259,0.734995,0.855075,0.937665,0.965975,0.869037,0,4.13056e-08,4.36559e-11,1.4969e-10,4.0599e-08,4.0599e-08,4.0599e-08,4.371168,1.075769,6.70819e-06,39.5773
hangglider_2,3,14754,1647,1647,1,r,1,0,8.958106,2,1463,9219,5535,62.485,7740,7014,52.46,14,14740,0.095,18.135872,21.459105,22.70064,23.103935,19.06032,18.032225,19.357376,0.845136,0.798915,0.784969,0.951499,1.005748,0.936897,0,5.52066e-08,1.32566e-10,7.65375e-11,3.28185e-12,3.28185e-12,3.28185e-12,12.230272,1.482867,7.7425e-06,113.28
extr1b_a_04,3,10965,2836,2836,0,r,1,0,3.866361,1,9,3794,7171,34.601,10280,685,93.753,9776,1189,89.156,7.424,8.913952,9.523776,9.484896,8.911936,8.764864,9.99664,0.832852,0.779523,0.782718,0.83304,0.847018,0.742649,0,4.86372e-08,2.24948e-13,1.22647e-11,1.00827e-09,1.00827e-09,1.00827e-09,6.266272,1.184755,5.35117e-06,52.9617
piston_e,3,96400,2025,2025,0,r,1,405,47.604938,0,60,96400,0,100.0,44262,52138,45.915,1720,94680,1.784,51.440353,58.007999,59.603424,55.755905,47.262272,46.614239,52.094112,0.88678,0.863044,0.922599,1.088402,1.103533,0.98745,0,3.96407e-08,3.96407e-08,1.6792e-10,5.77761e-11,5.77761e-11,5.77761e-11,26.678656,1.928146,9.81507e-06,137.149
utm3060,3,42211,3060,3060,0,r,1,0,13.794444,1,29,42204,7,99.983,21717,20494,51.449,282,41929,0.668,29.375296,33.603294,35.462559,35.242912,29.516895,29.493601,30.661119,0.874179,0.828347,0.833509,0.995203,0.995989,0.958063,0,4.16331e-08,4.16075e-08,4.73319e-10,4.51674e-09,4.51674e-09,4.51674e-09,17.061855,1.721694,8.00266e-06,75.4178
laser,3,9000,3002,3002,1,r,1,0,2.998001,1,4,6000,3000,66.667,0,9000,0.0,2,8998,0.022,6.441408,6.87712,7.99424,6.745984,6.378304,6.37088,6.483712,0.936643,0.805756,0.954851,1.009894,1.01107,0.993475,0,2.86387e-08,1.09527e-08,0.0,2.52079e-11,2.52079e-11,2.52079e-11,5.729696,1.124215,5.22593e-06,46.6852
adder_dcop_12,3,11246,1813,1813,0,r,1,0,6.202978,1,1310,11228,18,99.84,7148,4098,63.56,2605,8641,23.164,19.401793,22.985023,24.475264,22.79648,22.337343,19.545088,23.547647,0.844106,0.79271,0.851087,0.868581,0.992668,0.823938,0,2.02484e-08,8.40674e-09,4.64566e-11,1.99654e-08,1.99654e-08,1.99654e-08,15.65808,1.239091,9.60949e-06,181.808
scrs8-2b_a_3,3,7367,1820,3499,0,r,1,0,4.047802,1,15,2059,5308,27.949,774,6593,10.506,12,7355,0.163,8.774368,9.77552,10.962688,9.80736,8.807872,8.79952,8.928864,0.897586,0.800385,0.894672,0.996196,0.997142,0.982697,0,3.35803e-08,2.19212e-09,2.54329e-10,1.39642e-10,1.39642e-10,1.39642e-10,6.92384,1.267269,8.71622e-06,39.2881
illc1033,3,4732,1033,320,0,r,1,0,4.580833,3,5,4720,12,99.746,154,4578,3.254,0,4732,0.0,5.722048,6.090272,7.393376,6.06272,5.72384,5.543072,5.741216,0.939539,0.773942,0.943809,0.999687,1.032288,0.996661,0,4.04811e-08,4.009e-08,1.38669e-10,0.0,0.0,0.0,4.136672,1.383249,7.11504e-06,34.3262
rail_1357,3,8985,1357,1357,1,r,1,0,6.621223,3,11,8985,0,100.0,240,8745,2.671,0,8985,0.0,7.909152,9.346272,9.498784,8.52192,7.980608,7.912608,7.99968,0.846236,0.832649,0.928095,0.991046,0.999563,0.988684,0,4.52671e-08,4.52671e-08,4.2079e-10,0.0,0.0,0.0,6.259744,1.263494,7.40662e-06,35.7975
extr1b_a_24,3,11404,2836,2836,0,r,1,0,4.021157,1,10,10623,781,93.152,10401,1003,91.205,10257,1147,89.942,12.739168,14.51264,16.239361,15.295936,14.24144,14.207872,15.330912,0.877798,0.784462,0.832847,0.894514,0.896627,0.830947,0,2.45437e-08,5.01984e-11,1.16169e-11,5.22059e-09,5.22059e-09,5.22059e-09,9.41904,1.352491,7.09651e-06,47.9252
lowthrust_2,2,26261,2312,2312,1,r,1,0,11.358564,2,898,20742,5519,78.984,15546,10715,59.198,2704,23557,10.297,21.591393,23.568256,28.337313,26.95392,21.91136,21.985439,22.496193,0.916122,0.761942,0.801048,0.985397,0.982077,0.95978,0,4.61069e-08,7.00547e-09,3.02867e-10,3.77976e-09,3.77976e-09,3.77976e-09,12.455488,1.733484,1.39166e-05,39.9142
freeflyingrobot_5,3,24582,2878,2878,1,r,1,0,8.541348,1,577,11086,13496,45.098,23725,857,96.514,23287,1295,94.732,26.684896,29.887873,33.678753,31.757343,28.94912,28.916416,30.514112,0.892834,0.792336,0.840275,0.921786,0.922829,0.87451,0,2.04954e-08,3.30176e-14,1.82565e-11,9.50052e-09,9.50052e-09,9.50052e-09,16.242369,1.642919,5.30348e-06,96.2584
model8,3,25277,2896,6464,0,r,1,0,8.728246,2,58,16224,9053,64.185,6768,18509,26.775,2940,22337,11.631,27.666719,31.272545,34.723518,31.143999,28.09696,28.080065,29.040447,0.884697,0.796772,0.888348,0.984687,0.98528,0.952696,0,3.05458e-08,1.81384e-08,6.74799e-10,5.25827e-09,5.25827e-09,5.25827e-09,16.242369,1.703367,7.87102e-06,73.2577
lnsp_511,3,2796,511,511,0,r,1,0,5.471624,1,11,1903,893,68.062,2586,210,92.489,2536,260,90.701,4.307104,4.946624,4.99936,5.218592,4.828704,4.806752,5.29184,0.870716,0.861531,0.825338,0.891979,0.896053,0.813914,0,5.48221e-08,4.8434e-18,5.97902e-11,7.54227e-11,7.54227e-11,7.54227e-11,4.80512,0.896357,7.8688e-06,35.5337
lp_modszk1,2,3168,687,1620,0,r,1,1,4.611354,0,21,646,2522,20.391,318,2850,10.038,1,3167,0.032,4.757632,5.174304,6.107968,5.30496,4.787008,4.793216,4.805152,0.919473,0.778922,0.896827,0.993863,0.992576,0.990111,0,3.06096e-08,8.14454e-09,6.01057e-10,7.89776e-11,7.89776e-11,7.89776e-11,3.358848,1.416447,7.08399e-06,40.833
adder_dcop_11,3,11243,1813,1813,0,r,1,0,6.201324,1,1310,11225,18,99.84,7068,4175,62.866,2558,8685,22.752,19.424864,22.994144,23.441313,23.09392,22.385792,19.590528,23.549152,0.844774,0.828659,0.841125,0.867732,0.991544,0.824865,0,2.15662e-08,4.22404e-09,4.12638e-11,2.02193e-08,2.02193e-08,2.02193e-08,15.554432,1.248831,1.83137e-05,176.745
adder_dcop_55,3,11246,1813,1813,0,r,1,0,6.202978,1,1310,11228,18,99.84,7861,3385,69.9,3299,7947,29.335,19.400225,22.942272,24.201569,23.168863,22.46176,19.66032,23.60512,0.84561,0.80161,0.83734,0.8637,0.986771,0.821865,0,3.15719e-08,2.94325e-09,8.17542e-12,2.78102e-08,2.78102e-08,2.78102e-08,14.64848,1.324385,5.97371e-06,181.168
adder_dcop_09,3,11239,1813,1813,0,r,1,0,6.199117,1,1310,11209,30,99.733,8552,2687,76.092,4636,6603,41.249,19.388544,22.948448,24.2616,23.504225,22.637377,19.796864,23.786016,0.844874,0.799145,0.824896,0.856484,0.979375,0.815124,0,4.76878e-08,5.85984e-10,4.03865e-11,5.30528e-09,5.30528e-09,5.30528e-09,15.534688,1.248081,9.73867e-06,186.958
lp_greenbea,3,31070,2392,5598,0,r,1,3,12.98913,0,275,14015,17055,45.108,5119,25951,16.476,738,30332,2.375,24.93104,28.876991,31.700224,27.854561,25.268896,25.101824,25.981983,0.863353,0.786463,0.895043,0.98663,0.993196,0.959551,0,3.26781e-08,8.41997e-09,4.44256e-10,1.05948e-09,1.05948e-09,1.05948e-09,14.564576,1.711759,1.54984e-05,112.568
extr1b_a_15,3,9052,2836,2836,0,r,1,0,3.191819,1,10,3508,5544,38.754,8563,489,94.598,8396,656,92.753,7.245472,8.381536,10.864512,8.573056,8.296192,8.00304,9.019872,0.864456,0.666893,0.845145,0.873349,0.90534,0.803279,0,3.96109e-08,2.15415e-12,5.61908e-11,2.44107e-09,2.44107e-09,2.44107e-09,5.387552,1.344854,7.98868e-06,54.744
small_a_15,3,3207,687,1410,0,r,1,0,4.668122,1,19,1415,1792,44.122,2736,471,85.313,2193,1014,68.382,4.713568,5.203328,6.855904,5.520384,5.017376,4.887648,5.36992,0.905876,0.68752,0.853848,0.939449,0.964384,0.877773,0,3.83207e-08,5.0276e-11,1.50679e-10,3.58646e-08,3.58646e-08,3.58646e-08,4.363264,1.080285,5.86622e-06,77.6909
init_adder1,3,11156,1813,1813,0,r,1,0,6.153337,1,1310,11138,18,99.839,10681,475,95.742,9167,1989,82.171,19.426016,22.996033,24.348288,23.596319,22.917791,20.139168,23.1064,0.844755,0.797839,0.823265,0.847639,0.964589,0.84072,0,3.05085e-08,1.66258e-10,6.05302e-11,3.00689e-08,3.00689e-08,3.00689e-08,15.564544,1.248094,1.41689e-05,183.757
b2_ss,3,4228,1089,1089,0,r,1,0,3.882461,1,11,1574,2654,37.228,3867,361,91.462,3784,444,89.499,4.312768,4.972416,6.180736,5.318432,4.926336,4.844736,5.36944,0.867339,0.697776,0.81091,0.875451,0.890197,0.803206,0,3.57566e-08,6.80993e-13,1.29589e-10,6.40388e-09,6.40388e-09,6.40388e-09,4.680032,0.921525,6.76271e-06,43.9186
adder_dcop_16,3,11246,1813,1813,0,r,1,0,6.202978,1,1310,11228,18,99.84,7659,3587,68.104,3215,8031,28.588,19.388767,22.918976,24.503551,22.84832,22.461887,19.633568,23.628096,0.84597,0.791264,0.848586,0.863185,0.987532,0.820581,0,3.30361e-08,3.29595e-09,2.35741e-11,2.83003e-08,2.83003e-08,2.83003e-08,14.64864,1.323588,1.3621e-05,182.475
ex33,2,22189,1733,1733,1,r,1,0,12.803808,4,18,8412,13777,37.911,9362,12827,42.192,5251,16938,23.665,18.465343,21.477535,20.685408,20.115904,18.533537,18.55504,21.18992,0.859752,0.892675,0.917947,0.996321,0.995166,0.871421,0,5.00051e-08,1.51356e-14,2.56942e-11,5.90565e-17,5.90565e-17,5.90565e-17,11.125376,1.65975,7.74915e-06,45.5058
sieber,2,14873,2290,2290,0,r,1,0,6.49476,4,2289,6752,8121,45.398,11290,3583,75.909,7159,7714,48.134,28.714144,34.187424,36.623104,35.675968,29.507488,30.420992,33.683842,0.839904,0.784045,0.80486,0.973114,0.943892,0.85246,0,4.00583e-08,7.83443e-14,2.30555e-10,2.43501e-10,2.43501e-10,2.43501e-10,22.817312,1.258437,6.15315e-06,266.376
ex24,3,48737,2283,2283,0,r,1,0,21.347788,9,46,38312,10425,78.61,15762,32975,32.341,0,48737,0.0,46.462593,50.998142,56.484512,55.98608,46.787106,46.600319,47.717121,0.911064,0.822572,0.829895,0.993064,0.997045,0.973709,0,4.21192e-08,3.76368e-09,3.83931e-10,0.0,0.0,0.0,25.28256,1.837733,8.77712e-06,75.297
semeion_10nn,3,22226,1593,1593,1,r,1,0,13.952291,10,35,22226,0,100.0,0,22226,0.0,0,22226,0.0,16.597055,18.903904,19.538176,17.149088,16.589888,16.530239,16.951967,0.87797,0.849468,0.96781,1.000432,1.004042,0.979064,0,4.36656e-08,4.36656e-08,0.0,0.0,0.0,0.0,10.445536,1.588914,8.54298e-06,41.958
adder_dcop_21,3,11246,1813,1813,0,r,1,0,6.202978,1,1310,11228,18,99.84,7745,3501,68.869,3165,8081,28.143,19.381184,22.951263,23.445984,23.178848,22.461857,19.66272,23.574207,0.84445,0.826631,0.836158,0.862849,0.985682,0.822135,0,2.88112e-08,5.97142e-09,1.10956e-11,2.6895e-08,2.6895e-08,2.6895e-08,15.49136,1.251096,3.52113e-06,180.688
bayer08,2,27576,3008,3008,0,r,1,0,9.167553,1,73,26150,1426,94.829,27548,28,99.898,27576,0,100.0,28.457344,31.670752,34.932735,32.787106,31.662687,31.676704,32.452736,0.898537,0.814633,0.867943,0.898766,0.898368,0.876886,0,7.25316e-08,1.03214e-15,1.27286e-12,7.25316e-08,7.25316e-08,7.25316e-08,16.636255,1.710562,3.02999e-06,94.281
scagr7-2c,3,9005,2447,3479,0,r,1,0,3.680016,1,10,2183,6822,24.242,0,9005,0.0,1,9004,0.011,6.817824,8.260992,11.137152,6.932224,6.850816,6.83808,6.90352,0.825303,0.612169,0.983497,0.995184,0.997038,0.987587,0,4.34797e-08,5.75377e-09,0.0,4.21842e-12,4.21842e-12,4.21842e-12,5.837792,1.167877,8.06501e-06,45.5229
cep1,2,8233,1521,4769,0,r,1,0,5.412886,2,6,2812,5421,34.155,220,8013,2.672,5,8228,0.061,7.375584,7.925056,9.57504,8.507456,7.37008,7.370592,7.475552,0.930667,0.770293,0.866955,1.000747,1.000677,0.986627,0,3.29694e-08,2.29065e-08,3.74639e-10,1.62891e-10,1.62891e-10,1.62891e-10,6.178816,1.193689,7.26018e-06,39.7006
adder_dcop_39,3,11246,1813,1813,0,r,1,0,6.202978,1,1310,11228,18,99.84,7848,3398,69.785,3284,7962,29.201,19.386593,22.923552,24.492928,23.166176,22.40848,19.656897,23.605312,0.845706,0.791518,0.836849,0.865145,0.986249,0.821281,0,2.20421e-08,1.75383e-09,8.95642e-12,2.14629e-08,2.14629e-08,2.14629e-08,14.65584,1.32279,4.11685e-06,179.292
plddb_a_10,3,10832,3069,5049,0,r,1,0,3.529488,1,9,2475,8357,22.849,2475,8357,22.849,1107,9725,10.22,7.89376,9.824192,10.97328,10.9384,7.868544,7.818464,9.531968,0.803502,0.719362,0.721656,1.003205,1.009631,0.828135,0,4.00459e-08,9.84599e-11,9.84599e-11,3.23379e-10,3.23379e-10,3.23379e-10,6.772832,1.165504,6.70578e-06,44.8582
legresley_2508,3,16727,2508,2508,0,r,1,0,6.669458,1,28,1748,14979,10.45,12779,3948,76.397,6265,10462,37.454,12.50048,14.815872,14.870336,15.702432,13.070688,13.051968,15.494848,0.843722,0.840632,0.796086,0.956375,0.957747,0.806751,0,4.53949e-08,1.3182e-12,9.30861e-11,1.07089e-10,1.07089e-10,1.07089e-10,9.179072,1.361846,3.41514e-06,63.5173
nasa1824,3,39208,1824,1824,1,r,1,0,21.495614,6,42,6116,33092,15.599,26651,12557,67.973,16464,22744,41.991,36.98333,40.28368,44.26989,43.711937,38.565502,38.413406,39.234688,0.918072,0.835406,0.846069,0.958974,0.962771,0.942618,0,3.68791e-08,1.73018e-14,2.22331e-10,1.52915e-10,1.52915e-10,1.52915e-10,20.2568,1.825724,1.00301e-05,54.9777
extr1b_a_16,3,9052,2836,2836,0,r,1,0,3.191819,1,10,3508,5544,38.754,8563,489,94.598,8396,656,92.753,7.215008,8.40944,10.616448,8.578336,8.293312,7.996032,9.020544,0.857965,0.679607,0.841073,0.869979,0.902323,0.799842,0,4.58956e-08,2.27263e-12,5.93886e-11,3.3091e-09,3.3091e-09,3.3091e-09,6.22416,1.159194,7.00898e-06,49.8689
bp_1200,3,4726,822,822,0,r,1,0,5.749392,1,311,1850,2876,39.145,1447,3279,30.618,596,4130,12.611,6.200864,7.6736,8.058016,7.939584,6.87568,6.44624,6.944576,0.808078,0.769527,0.781006,0.901855,0.961935,0.892908,0,3.8078e-08,4.74625e-10,2.05723e-10,3.39827e-10,3.39827e-10,3.39827e-10,5.349024,1.159251,7.32908e-06,72.8177
extr1b_a_26,3,11405,2836,2836,0,r,1,0,4.021509,1,10,10895,510,95.528,10449,956,91.618,10528,877,92.31,12.719584,14.532256,15.354816,15.170368,14.49184,14.458528,15.116512,0.875266,0.828378,0.838449,0.877707,0.879729,0.841436,0,4.53447e-08,6.88413e-11,5.21029e-12,2.99679e-09,2.99679e-09,2.99679e-09,9.352416,1.360032,2.20706e-06,47.1689
extr1b_a_35,3,9053,2836,2836,0,r,1,0,3.192172,1,10,3513,5540,38.805,8564,489,94.598,8397,656,92.754,7.162048,8.420096,10.690976,8.536064,8.267232,7.995584,9.037984,0.85059,0.669915,0.839034,0.866318,0.89575,0.792439,0,3.97143e-08,1.87764e-12,6.45953e-11,5.03616e-09,5.03616e-09,5.03616e-09,6.231264,1.149373,5.79717e-06,47.8012
adder_dcop_48,3,11246,1813,1813,0,r,1,0,6.202978,1,1310,11228,18,99.84,7868,3378,69.963,3314,7932,29.468,19.402657,22.953632,23.447744,23.196159,22.403584,19.67104,23.603392,0.845298,0.827485,0.83646,0.866051,0.986356,0.822028,0,2.68815e-08,5.55886e-09,1.30714e-11,2.6455e-08,2.6455e-08,2.6455e-08,15.507392,1.251188,3.43679e-06,176.582
scrs8-2b_a_2,1,1895,476,907,0,r,1,0,3.981092,1,15,523,1372,27.599,198,1697,10.449,12,1883,0.633,3.253632,3.82064,3.323072,3.247648,3.299488,3.271872,3.278272,0.851593,0.979104,1.001843,0.986102,0.994425,0.992484,0,3.39227e-08,1.61858e-09,2.84087e-10,2.45703e-10,2.45703e-10,2.45703e-10,3.709696,0.877062,7.07492e-06,38.969
extr1b_a_01,3,10965,2836,2836,0,r,1,0,3.866361,1,9,3746,7219,34.163,10280,685,93.753,9776,1189,89.156,7.428768,8.9216,9.508064,9.504224,8.861632,8.8384,9.94848,0.832672,0.781312,0.781628,0.838307,0.840511,0.746724,0,4.0664e-08,2.21401e-13,1.41358e-11,4.54125e-10,4.54125e-10,4.54125e-10,6.28272,1.182413,4.20754e-06,51.4399
g7jac010,3,19635,2880,2880,0,r,1,0,6.817708,2,36,13798,5837,70.272,17710,1925,90.196,16510,3125,84.085,13.49088,15.686624,18.057312,17.124767,15.412768,15.378784,16.872032,0.860024,0.747115,0.787799,0.875305,0.87724,0.7996,0,4.71409e-08,2.55584e-14,1.69588e-11,7.17609e-09,7.17609e-09,7.17609e-09,9.701024,1.390666,6.32621e-06,73.1929
lp_osa_14,1,317097,2337,54797,0,r,1,0,135.685494,18,38336,201,316896,0.063,0,317097,0.0,0,317097,0.0,200.528992,217.424728,215.639801,215.077606,226.591965,240.111938,226.482147,0.922292,0.929926,0.932356,0.884978,0.835148,0.885407,0,3.23911e-08,2.46131e-10,0.0,0.0,0.0,0.0,133.161438,1.505909,3.85104e-05,4532.73
extr1b_a_29,3,11404,2836,2836,0,r,1,0,4.021157,1,10,10894,510,95.528,10448,956,91.617,10527,877,92.31,12.754304,14.499712,15.373248,15.172576,14.507168,14.47456,15.107936,0.879625,0.829643,0.840616,0.879173,0.881153,0.844212,0,2.73064e-08,7.04153e-11,5.3321e-12,2.26922e-09,2.26922e-09,2.26922e-09,9.37744,1.360105,1.16623e-05,56.7005
adder_dcop_14,3,11246,1813,1813,0,r,1,0,6.202978,1,1310,11228,18,99.84,7465,3781,66.379,2965,8281,26.365,19.403233,22.969343,24.271616,23.121441,22.439615,19.616512,23.599104,0.844745,0.799421,0.839188,0.864687,0.989128,0.822202,0,3.09013e-08,9.7235e-09,3.50655e-11,2.43493e-08,2.43493e-08,2.43493e-08,15.504736,1.251439,3.79891e-06,182.284
plddb_a_12,3,10837,3069,5049,0,r,1,0,3.531118,1,9,2475,8362,22.838,2475,8362,22.838,1107,9730,10.215,7.878816,9.775744,11.788192,10.940736,7.877632,7.87056,9.529248,0.805956,0.668365,0.720136,1.00015,1.001049,0.826804,0,4.0142e-08,1.09125e-10,1.09125e-10,3.35533e-10,3.35533e-10,3.35533e-10,6.799776,1.158688,6.33245e-06,46.454
dataset20mfeatpixel_10nn,3,27932,2000,2000,1,r,1,0,13.966,10,54,27920,12,99.957,0,27932,0.0,0,27932,0.0,20.449505,23.299488,24.869505,21.137695,20.426144,20.344193,20.828608,0.87768,0.822272,0.967443,1.001144,1.005177,0.981799,0,4.35086e-08,4.26411e-08,0.0,0.0,0.0,0.0,12.515584,1.633923,8.47352e-06,58.6213
photogrammetry,2,11816,1388,390,0,r,1,0,8.512968,4,9,11816,0,100.0,2116,9700,17.908,0,11816,0.0,13.557024,14.557824,15.664704,16.155712,13.43008,13.432864,13.758176,0.931253,0.86545,0.839147,1.009452,1.009243,0.985379,0,4.57008e-08,4.57008e-08,6.82582e-10,0.0,0.0,0.0,8.838976,1.533778,8.13632e-06,43.5706
model3,3,23974,1609,4578,0,r,1,0,14.899938,1,214,9163,14811,38.221,17841,6133,74.418,15530,8444,64.779,17.462175,20.271263,21.00544,20.581728,19.677313,19.606688,20.052383,0.861425,0.831317,0.848431,0.887427,0.890623,0.870828,0,3.67952e-08,4.71282e-11,1.60335e-10,1.30692e-10,1.30692e-10,1.30692e-10,10.700768,1.631862,1.10784e-05,71.3367
slptsk,3,72465,2861,3347,0,r,1,0,25.328556,3,61,6122,66343,8.448,3120,69345,4.306,0,72465,0.0,57.501953,63.080418,68.807678,67.300606,57.85117,57.611458,59.038975,0.911566,0.835691,0.854405,0.993964,0.998099,0.973966,0,4.33441e-08,1.45556e-09,4.28489e-10,0.0,0.0,0.0,30.980543,1.856067,8.12427e-06,94.6351
adder_dcop_42,3,11246,1813,1813,0,r,1,0,6.202978,1,1310,11228,18,99.84,7853,3393,69.829,3304,7942,29.379,19.404192,22.987841,23.455904,23.19104,22.401377,19.66464,23.596416,0.844107,0.827263,0.836711,0.866205,0.986755,0.822336,0,2.14962e-08,3.74549e-09,4.43872e-12,2.11129e-08,2.11129e-08,2.11129e-08,15.559168,1.247123,1.13288e-05,184.102
ex28,3,77781,2603,2603,0,r,1,0,29.881291,9,62,68402,9379,87.942,33624,44157,43.229,26,77755,0.033,56.904415,63.502655,67.861763,65.18557,57.453121,57.310658,58.305248,0.896095,0.838534,0.87296,0.990449,0.992912,0.975974,0,4.79215e-08,5.74133e-09,4.50098e-10,8.43951e-12,8.4395e-12,8.4395e-12,30.407455,1.871397,8.21452e-06,80.6542
cavity14,2,76367,2597,2597,0,r,1,0,29.405853,8,62,66373,9994,86.913,30530,45837,39.978,11095,65272,14.529,55.915169,63.212383,67.364418,64.096092,56.889439,56.899487,59.999008,0.88456,0.83004,0.872365,0.982874,0.982701,0.931935,0,4.30306e-08,7.25835e-09,3.88102e-10,2.27113e-10,2.27113e-10,2.27113e-10,30.386976,1.840103,8.6184e-06,130.917
cdde1,3,4681,961,961,0,r,1,0,4.870968,3,5,1860,2821,39.735,0,4681,0.0,0,4681,0.0,5.466432,5.852768,6.49056,5.51936,5.464032,5.365536,5.466592,0.933991,0.842213,0.99041,1.000439,1.018804,0.999971,0,3.77699e-08,1.1368e-08,0.0,0.0,0.0,0.0,4.7656,1.147061,7.06016e-06,34.7672
extr1b_a_31,3,11405,2836,2836,0,r,1,0,4.021509,1,10,10746,659,94.222,10382,1023,91.03,10244,1161,89.82,12.757888,14.535904,16.355871,15.22304,14.67696,14.640384,15.305216,0.877681,0.780019,0.838064,0.869246,0.871418,0.833565,0,1.99339e-08,7.75267e-11,5.09252e-12,1.66193e-09,1.66193e-09,1.66193e-09,9.38512,1.359374,3.08196e-06,60.6839
fxm2-6,2,12812,1520,2845,0,r,1,0,8.428947,1,57,5176,7636,40.4,9945,2867,77.623,8770,4042,68.451,15.466816,17.3216,18.133696,18.327328,17.014175,17.016001,18.053024,0.892921,0.852932,0.843921,0.909055,0.908957,0.856744,0,4.70321e-08,2.9294e-10,6.87704e-10,7.91321e-09,7.91321e-09,7.91321e-09,9.95232,1.554091,1.06839e-05,74.079
extr1b_a_27,3,9053,2836,2836,0,r,1,0,3.192172,1,10,3511,5542,38.783,8581,472,94.786,8416,637,92.964,7.251584,8.430592,9.799904,8.574656,8.238656,7.971744,9.037568,0.860151,0.739965,0.8457,0.88019,0.909661,0.802382,0,3.61585e-08,2.08315e-12,6.06199e-11,1.64211e-09,1.64211e-09,1.64211e-09,6.266112,1.15727,6.5063e-06,49.7871
scrs8-2c_a_1,1,527,140,259,0,r,1,0,3.764286,1,15,139,388,26.376,54,473,10.247,12,515,2.277,2.656448,2.792352,2.848128,2.737568,2.807168,2.745472,2.764448,0.95133,0.9327,0.970368,0.946309,0.967574,0.960933,0,6.51831e-08,1.08354e-09,2.7341e-10,4.31608e-10,4.31608e-10,4.31608e-10,3.336672,0.796137,7.18484e-06,43.5537
adder_dcop_51,3,11246,1813,1813,0,r,1,0,6.202978,1,1310,11228,18,99.84,7863,3383,69.918,3311,7935,29.442,19.398336,22.977119,23.934944,23.210785,22.441984,19.678017,23.600321,0.844246,0.810461,0.835747,0.864377,0.985787,0.821952,0,1.80688e-08,1.74033e-09,5.45827e-12,1.57185e-08,1.57185e-08,1.57185e-08,15.52896,1.249172,4.91781e-06,194.776
ex23,3,43703,1409,1409,0,r,1,0,31.017033,8,67,16852,26851,38.56,20937,22766,47.907,7484,36219,17.125,32.24416,35.951904,36.509888,35.719746,32.345409,32.259457,33.53936,0.896869,0.883162,0.902698,0.99687,0.999526,0.961383,0,4.68097e-08,3.80764e-13,2.00933e-10,2.61413e-13,2.61468e-13,2.6112e-13,17.7904,1.812447,8.46889e-06,105.861
small_a_04,3,3240,711,1435,0,r,1,0,4.556962,2,21,1333,1907,41.142,2689,551,82.994,2005,1235,61.883,4.78032,5.218656,5.48656,5.65136,5.073248,4.966048,5.559936,0.916006,0.871278,0.845871,0.94226,0.962601,0.85978,0,3.29543e-08,3.63726e-11,1.52266e-10,3.10139e-08,3.10139e-08,3.10139e-08,4.453952,1.073276,6.44848e-06,40.4811
reorientation_4,3,33630,2717,2717,1,r,1,0,12.377622,1,2552,25778,7852,76.652,33337,293,99.129,33630,0,100.0,30.752577,37.330593,39.004513,38.550976,36.904545,36.703999,37.432865,0.82379,0.788436,0.797712,0.833301,0.837854,0.821539,0,7.42512e-09,4.50734e-15,6.60835e-13,7.42512e-09,7.42512e-09,7.42512e-09,18.925823,1.6249,3.22664e-06,207.013
bayer06,2,27576,3008,3008,0,r,1,0,9.167553,1,73,26930,646,97.657,27548,28,99.898,27576,0,100.0,28.461952,31.631968,33.712097,32.795681,31.700895,31.712481,32.478241,0.899784,0.844265,0.867857,0.897828,0.8975,0.876339,0,2.46956e-08,5.04298e-16,8.07435e-13,2.46956e-08,2.46956e-08,2.46956e-08,16.722015,1.702065,5.69936e-06,98.1459
adder_dcop_45,3,11246,1813,1813,0,r,1,0,6.202978,1,1310,11228,18,99.84,7856,3390,69.856,3305,7941,29.388,19.382977,22.995935,23.457216,22.984768,22.495617,19.659136,23.604193,0.842887,0.826312,0.843297,0.861633,0.985953,0.821167,0,2.44866e-08,2.23942e-09,3.80293e-12,2.16802e-08,2.16802e-08,2.16802e-08,15.50368,1.250218,3.41586e-06,182.261
extr1b_a_32,3,9053,2836,2836,0,r,1,0,3.192172,1,10,3511,5542,38.783,8564,489,94.598,8398,655,92.765,7.249056,8.430272,10.391552,8.589632,8.289408,7.984576,9.07232,0.859884,0.697591,0.843931,0.874496,0.907882,0.79903,0,3.99174e-08,2.06408e-12,5.99019e-11,3.35558e-09,3.35558e-09,3.35558e-09,6.350432,1.141506,7.47019e-06,46.238
plsk1919,3,4831,1919,1919,0,r,1,675,2.517457,0,6,4831,0,100.0,952,3879,19.706,0,4831,0.0,4.902944,5.35536,6.249024,5.205568,4.344928,4.327936,4.923552,0.915521,0.784594,0.941865,1.128429,1.13286,0.995814,0,4.44046e-08,4.44046e-08,9.94691e-10,0.0,0.0,0.0,4.739872,1.034404,5.95522e-06,37.2068
rail_1357_e,3,8997,1357,1357,1,r,1,0,6.630066,4,11,8997,0,100.0,518,8479,5.757,429,8568,4.768,7.865408,9.337376,10.321568,8.490304,8.031936,7.96928,8.492736,0.842357,0.762036,0.926399,0.979267,0.986966,0.926134,0,4.38401e-08,4.38401e-08,3.85819e-10,6.32172e-10,6.32172e-10,6.32172e-10,6.262368,1.25598,8.24037e-06,43.8044
adder_dcop_19,3,11245,1813,1813,0,r,1,0,6.202427,1,1310,11227,18,99.84,7824,3421,69.578,3228,8017,28.706,19.444992,23.029568,23.467039,23.201216,22.436352,19.694847,23.682304,0.844349,0.828609,0.838102,0.866674,0.987314,0.821077,0,2.13317e-08,1.54758e-09,1.9247e-11,1.94823e-08,1.94823e-08,1.94823e-08,15.54544,1.250849,3.79988e-06,182.606
piston_m,3,3856,2025,2025,1,r,1,1539,1.904198,0,9,3856,0,100.0,366,3490,9.492,136,3720,3.527,4.818176,6.337184,6.359968,5.389056,3.59344,3.510752,5.252736,0.760302,0.757579,0.894067,1.340825,1.372406,0.91727,0,4.52494e-08,4.52494e-08,4.9991e-10,2.2927e-10,2.2927e-10,2.2927e-10,4.526592,1.064416,8.1963e-06,37.446
dynamicsoaringproblem_3,2,32022,2871,2871,1,r,1,0,11.153605,2,1076,18787,13235,58.669,30813,1209,96.224,26399,5623,82.44,26.409632,29.243809,32.498878,31.254816,28.428576,28.48336,30.175936,0.903085,0.812632,0.844978,0.928982,0.927195,0.875188,0,4.38423e-08,6.92199e-13,6.68885e-12,8.92583e-12,8.92583e-12,8.92583e-12,15.784896,1.673095,5.89139e-06,44.4536
bp_0,3,3276,822,822,0,r,1,0,3.985401,1,266,850,2426,25.946,594,2682,18.132,539,2737,16.453,7.313248,8.99776,8.576064,8.405856,8.768544,7.602944,8.528064,0.812785,0.852751,0.870018,0.834032,0.961897,0.857551,0,3.12031e-08,6.63982e-10,3.68655e-10,8.04092e-10,8.04092e-10,8.04092e-10,6.787104,1.077521,6.12364e-06,63.5817
adder_trans_02,3,14579,1814,1814,0,r,1,0,8.036935,1,1335,14559,20,99.863,2722,11857,18.671,273,14306,1.873,22.78096,25.751488,27.252705,26.399584,24.196159,22.815489,25.059711,0.884646,0.835916,0.862929,0.941511,0.998487,0.909067,0,2.82356e-08,9.86795e-09,1.06976e-10,1.45006e-08,1.45006e-08,1.45006e-08,15.365664,1.482589,6.62912e-06,186.302
m40pi_n1,3,5007,2028,2028,0,r,1,1,2.468935,0,8,963,4044,19.233,936,4071,18.694,30,4977,0.599,5.184576,5.371104,6.952832,6.333216,5.274336,5.191904,5.394336,0.965272,0.745678,0.818632,0.982982,0.998589,0.961115,0,2.64332e-08,2.94594e-09,6.15806e-11,2.63732e-09,2.63732e-09,2.63732e-09,4.968064,1.043581,5.72298e-06,67.3552
extr1b_a_08,3,9053,2836,2836,0,r,1,0,3.192172,1,10,3507,5546,38.739,8564,489,94.598,8397,656,92.754,7.131584,8.421792,10.706496,8.570048,8.27616,8.022912,9.012672,0.846801,0.666099,0.832152,0.861702,0.888902,0.791284,0,4.83556e-08,2.13141e-12,6.06873e-11,9.42934e-09,9.42934e-09,9.42934e-09,6.314272,1.129439,7.30186e-06,49.7525
dataset16mfeatkarhunen_10nn,3,27668,2000,2000,1,r,1,0,13.834,10,39,27656,12,99.957,0,27668,0.0,0,27668,0.0,20.303871,23.059263,23.837248,21.135391,20.309313,20.186049,20.680479,0.880508,0.851771,0.960657,0.999732,1.005837,0.981789,0,4.28007e-08,4.16335e-08,0.0,0.0,0.0,0.0,12.583776,1.613496,8.2745e-06,49.0881
dw256a,3,2480,512,512,0,r,1,0,4.84375,3,7,2408,72,97.097,520,1960,20.968,128,2352,5.161,3.793856,3.874144,5.042016,4.333408,3.838432,3.82144,4.25344,0.979276,0.752448,0.87549,0.988387,0.992782,0.89195,0,4.75651e-08,3.59586e-08,2.73718e-10,1.11136e-09,1.11136e-09,1.11136e-09,3.84816,0.985888,6.46049e-06,34.5729
gams60am,3,2607,714,1071,0,r,1,0,3.651261,1,120,480,2127,18.412,480,2127,18.412,483,2124,18.527,5.100288,5.747808,6.938176,5.878144,5.797824,5.56928,5.949248,0.887345,0.735105,0.86767,0.87969,0.915789,0.8573,0,2.44664e-08,1.25434e-09,1.25434e-09,1.25766e-09,1.25766e-09,1.25766e-09,4.065824,1.254429,5.45193e-06,48.1091
bcsstm23,3,3134,3134,3134,1,r,1,0,1.0,1,1,3,3131,0.096,1398,1736,44.608,3134,0,100.0,3.795424,4.010944,4.567616,4.808096,4.264352,4.106656,4.265376,0.946267,0.830942,0.789382,0.890035,0.924213,0.889822,0,4.54018e-08,2.28904e-17,2.36637e-10,4.54018e-08,4.54018e-08,4.54018e-08,4.193408,0.905093,3.66894e-06,36.1931
adder_dcop_41,3,11246,1813,1813,0,r,1,0,6.202978,1,1310,11228,18,99.84,7854,3392,69.838,3301,7945,29.353,19.387648,22.981184,23.487104,23.21376,22.491552,19.672735,23.6056,0.843631,0.825459,0.835179,0.861997,0.985508,0.821316,0,3.68685e-08,2.37877e-09,7.08135e-12,3.63889e-08,3.63889e-08,3.63889e-08,15.528576,1.248514,3.03841e-06,180.81
adder_dcop_28,3,11246,1813,1813,0,r,1,0,6.202978,1,1310,11228,18,99.84,7825,3421,69.58,3291,7955,29.264,19.416256,22.96192,23.496063,23.208832,22.49136,19.70624,23.614464,0.845585,0.826362,0.836589,0.863276,0.985285,0.822219,0,2.72296e-08,2.85429e-09,1.93356e-11,2.56568e-08,2.56568e-08,2.56568e-08,15.537472,1.249641,4.08197e-06,181.075
spacestation_11,3,18954,1364,1364,1,r,1,0,13.895894,1,178,12430,6524,65.58,9976,8978,52.633,1190,17764,6.278,15.444544,17.589279,18.743521,17.521984,15.00752,14.978496,16.364767,0.878066,0.823994,0.881438,1.02912,1.031114,0.943768,0,4.39834e-08,9.0708e-10,2.12085e-10,5.49873e-10,5.49873e-10,5.49873e-10,9.0752,1.701841,7.28029e-06,59.8422
bcsstk14,3,63454,1806,1806,1,r,1,0,35.135105,1,48,6906,56548,10.883,51339,12115,80.907,15790,47664,24.884,40.938526,46.911137,47.058208,48.014751,42.667358,42.425663,43.492161,0.872682,0.869955,0.852624,0.959481,0.964947,0.941285,0,4.22848e-08,2.11077e-14,1.18182e-10,8.33962e-11,8.33962e-11,8.33962e-11,23.153889,1.768106,9.07605e-06,60.4719
bp_800,3,4534,822,822,0,r,1,0,5.515815,1,304,1673,2861,36.899,1258,3276,27.746,573,3961,12.638,6.25568,7.732032,7.802752,7.376928,7.015168,6.539584,6.929312,0.80906,0.801727,0.848006,0.891736,0.956587,0.902785,0,4.16491e-08,5.64855e-10,2.1657e-10,3.83009e-10,3.83009e-10,3.83009e-10,5.34624,1.170108,6.75187e-06,71.8031
adder_dcop_50,3,11246,1813,1813,0,r,1,0,6.202978,1,1310,11228,18,99.84,7865,3381,69.936,3306,7940,29.397,19.385887,22.989599,23.455616,23.205984,22.427584,19.676992,23.614847,0.843246,0.826492,0.835383,0.864377,0.985206,0.820919,0,2.77368e-08,7.8694e-09,5.73518e-12,2.66345e-08,2.66345e-08,2.66345e-08,15.544928,1.247088,6.40968e-06,183.45
model6,3,27628,2096,5289,0,r,1,2,13.181298,0,274,12610,15018,45.642,7982,19646,28.891,1996,25632,7.225,21.414688,24.733025,26.161377,24.938721,21.825825,21.81568,22.868864,0.865834,0.818561,0.858692,0.981163,0.981619,0.936412,0,5.6191e-08,9.33832e-10,2.23333e-10,2.129e-10,2.129e-10,2.129e-10,12.831072,1.668971,6.5987e-06,91.2223
extr1b_a_37,3,11405,2836,2836,0,r,1,0,4.021509,1,10,10699,706,93.81,10387,1018,91.074,10244,1161,89.82,12.770336,14.498944,16.502848,15.233952,14.686496,14.64416,15.327904,0.880777,0.773826,0.838281,0.869529,0.872043,0.833143,0,6.31102e-08,1.19104e-10,9.95856e-12,2.9284e-09,2.9284e-09,2.9284e-09,8.543936,1.494667,1.10003e-05,47.0673
bcsstk23,3,45178,3134,3134,1,r,1,0,14.415444,2,31,1824,43354,4.037,41945,3233,92.844,35788,9390,79.216,30.722048,35.118816,34.649506,38.129761,34.081665,34.052673,38.145058,0.874803,0.886652,0.805724,0.901424,0.902192,0.8054,0,3.8426e-08,1.74879e-15,8.31364e-11,1.33499e-10,1.33499e-10,1.33499e-10,17.609407,1.744638,6.28617e-06,54.3536
small_a_05,3,3283,717,1440,0,r,1,0,4.578801,2,21,1351,1932,41.151,2729,554,83.125,2081,1202,63.387,4.799488,5.29136,6.408544,5.605632,5.062272,4.961184,5.4448,0.907042,0.74892,0.85619,0.94809,0.967408,0.881481,0,3.61868e-08,3.95005e-11,1.70367e-10,3.38003e-08,3.38003e-08,3.38003e-08,4.401376,1.090452,6.98483e-06,40.3477
bcsstm26,4,1922,1922,1922,1,r,1,0,1.0,1,1,1910,12,99.376,985,937,51.249,1922,0,100.0,3.15952,3.28832,3.817696,3.796192,3.298656,3.299264,3.292928,0.960831,0.827599,0.832287,0.95782,0.957644,0.959486,0,4.44587e-08,4.02928e-08,2.96339e-10,4.44587e-08,4.44587e-08,4.44587e-08,3.693824,0.855352,3.45919e-06,38.2585
small_a_13,3,3309,706,1429,0,r,1,0,4.686969,1,19,1448,1861,43.759,2821,488,85.252,2245,1064,67.845,4.78512,5.156384,6.337056,5.662432,5.0352,4.888768,5.485344,0.927999,0.755101,0.845064,0.950334,0.978799,0.872346,0,4.4988e-08,4.13414e-11,1.45788e-10,4.3695e-08,4.3695e-08,4.3695e-08,4.838912,0.988883,6.86379e-06,37.7112
small_a_16,3,3243,683,1406,0,r,1,0,4.74817,1,20,1465,1778,45.174,2773,470,85.507,2226,1017,68.64,4.536736,5.121792,5.868608,5.462784,4.954976,4.884064,5.354592,0.885771,0.773051,0.830481,0.915592,0.928885,0.847261,0,3.52012e-08,5.19258e-11,1.68312e-10,3.44061e-08,3.44061e-08,3.44061e-08,4.40496,1.029915,7.14428e-06,42.356
extr1b_a_07,3,11405,2836,2836,0,r,1,0,4.021509,1,10,10756,649,94.31,10381,1024,91.021,10244,1161,89.82,12.77536,14.520992,16.323936,15.231488,14.698464,14.643008,15.336224,0.879786,0.782615,0.838747,0.869163,0.872455,0.833019,0,4.14478e-08,3.53313e-10,2.23745e-11,9.78089e-09,9.78089e-09,9.78089e-09,9.39648,1.35959,8.34973e-06,47.7583
adder_dcop_54,3,11246,1813,1813,0,r,1,0,6.202978,1,1310,11228,18,99.84,7866,3380,69.945,3310,7936,29.433,19.388063,22.97744,23.482143,23.198591,22.397345,19.662464,23.595264,0.843787,0.825651,0.835743,0.865641,0.986044,0.821693,0,3.5838e-08,3.21683e-09,7.95089e-12,3.50076e-08,3.50076e-08,3.50076e-08,15.532384,1.248235,7.17955e-06,187.287
adder_dcop_40,3,11246,1813,1813,0,r,1,0,6.202978,1,1310,11228,18,99.84,7855,3391,69.847,3294,7952,29.29,19.401472,22.960032,23.896288,22.985792,22.37616,19.692736,23.620224,0.845011,0.811903,0.844064,0.86706,0.98521,0.821392,0,1.99902e-08,2.07665e-09,6.97319e-12,1.97908e-08,1.97908e-08,1.97908e-08,15.52528,1.24967,9.12574e-06,180.871
adder_dcop_46,3,11246,1813,1813,0,r,1,0,6.202978,1,1310,11228,18,99.84,7858,3388,69.874,3305,7941,29.388,19.404928,22.980352,23.45808,23.176512,22.479712,19.655392,23.600033,0.844414,0.827217,0.837267,0.86322,0.987257,0.822242,0,1.98951e-08,1.75052e-09,5.36932e-12,1.97902e-08,1.97902e-08,1.97902e-08,15.526304,1.24981,3.80565e-06,182.517
adder_dcop_60,3,11246,1813,1813,0,r,1,0,6.202978,1,1310,11228,18,99.84,7876,3370,70.034,3340,7906,29.699,19.391617,22.990591,23.504992,23.194817,22.468,19.692225,23.587488,0.843459,0.825,0.836032,0.863077,0.984735,0.822115,0,2.8248e-08,2.16655e-09,3.50603e-12,2.77363e-08,2.77363e-08,2.77363e-08,15.523648,1.249166,1.4853e-05,181.922
reorientation_3,3,32166,2513,2513,1,r,1,0,12.799841,1,2360,24157,8009,75.101,32160,6,99.981,32166,0,100.0,28.722591,35.016129,36.320766,35.708927,34.594433,34.335522,35.032578,0.820267,0.790804,0.804353,0.830266,0.836527,0.819882,0,7.25482e-08,3.6665e-15,7.29829e-13,7.25482e-08,7.25482e-08,7.25482e-08,18.214848,1.576878,1.52516e-06,193.999
piston,3,100015,2025,2025,0,r,1,0,49.390123,4,63,1000,99015,1.0,7600,92415,7.599,3676,96339,3.675,54.913696,61.085888,58.231262,58.315842,56.272961,55.58979,56.241535,0.898959,0.943028,0.94166,0.975845,0.987838,0.97639,0,3.78908e-08,4.05827e-11,3.47659e-10,2.91789e-10,2.91789e-10,2.91789e-10,27.735617,1.979898,8.3483e-06,102.636
ts_b,3,140,2142,1,0,r,1,2002,0.065359,0,1,138,2,98.571,6,134,4.286,140,0,100.0,3.24736,3.292704,4.261568,3.272864,2.2568,2.220992,3.332512,0.986229,0.762011,0.992207,1.438922,1.462121,0.974448,0,3.14318e-08,3.14084e-08,3.72499e-10,3.14318e-08,3.14318e-08,3.14318e-08,3.896768,0.833347,3.73464e-06,33.8587
extr1b_a_17,3,11404,2836,2836,0,r,1,0,4.021157,1,10,10624,780,93.16,10390,1014,91.108,10257,1147,89.942,12.76448,14.50688,16.478752,15.25152,14.278144,14.199616,15.350816,0.879891,0.774602,0.836932,0.893987,0.898931,0.831518,0,2.67176e-08,1.10252e-10,1.45798e-11,8.80096e-09,8.80096e-09,8.80096e-09,8.549568,1.492997,5.57667e-06,54.1788
adder_dcop_56,3,11246,1813,1813,0,r,1,0,6.202978,1,1310,11228,18,99.84,7869,3377,69.972,3318,7928,29.504,19.405249,22.957632,24.258177,23.189152,22.470753,19.681185,23.612032,0.845264,0.799947,0.836824,0.863578,0.98598,0.821837,0,2.2181e-08,2.07903e-09,5.28053e-12,2.20225e-08,2.20225e-08,2.20225e-08,15.5576,1.247316,3.8796e-06,179.318
adder_dcop_07,3,11226,1813,1813,0,r,1,0,6.191947,1,1310,11204,22,99.804,7000,4226,62.355,2566,8660,22.858,19.407904,22.960863,24.494848,23.13184,22.336832,19.618784,23.542561,0.84526,0.792326,0.839013,0.868874,0.989251,0.824375,0,1.99932e-08,1.9594e-09,2.7711e-11,1.08241e-08,1.08241e-08,1.08241e-08,14.67648,1.322381,1.96936e-05,238.222
scagr7-2c_a_2,1,2285,623,887,0,r,1,0,3.667737,1,10,551,1734,24.114,0,2285,0.0,1,2284,0.044,3.24816,3.659616,4.924512,3.268512,3.301856,3.278816,3.280512,0.887569,0.65959,0.993773,0.983738,0.99065,0.990138,0,3.88349e-08,4.31148e-09,0.0,2.57621e-12,2.57621e-12,2.57621e-12,3.52912,0.920388,6.75187e-06,35.0869
cavity11,3,76367,2597,2597,0,r,1,0,29.405853,1,62,71125,5242,93.136,35888,40479,46.994,8341,68026,10.922,56.645248,64.519264,68.683136,63.975842,57.875713,57.625408,60.922112,0.877959,0.824733,0.885416,0.97874,0.982991,0.929798,0,4.53705e-08,9.70962e-09,3.60709e-10,1.41668e-09,1.41668e-09,1.41668e-09,31.02928,1.825542,8.79292e-06,142.317
scrs8-2b,2,7367,1820,3499,0,r,1,0,4.047802,1,15,2059,5308,27.949,774,6593,10.506,12,7355,0.163,8.796608,9.807008,10.483552,9.76048,8.769024,8.810336,8.92448,0.896972,0.839087,0.901247,1.003146,0.998442,0.985672,0,3.53462e-08,1.87162e-09,2.38296e-10,6.09614e-11,6.09614e-11,6.09614e-11,6.998048,1.257009,8.85697e-06,43.3921
c-18,4,15145,2169,2169,1,r,1,0,6.98248,2,170,9181,5964,60.621,14813,332,97.808,15007,138,99.089,12.249152,14.223968,15.038816,14.93264,15.11552,15.009152,14.454272,0.861163,0.814502,0.820294,0.810369,0.816112,0.847442,0,4.47454e-08,1.79494e-12,1.20482e-11,4.47454e-08,4.47454e-08,4.47454e-08,9.284192,1.319356,1.94403e-06,56.525
wang2,2,19093,2903,2903,0,r,1,0,6.576989,4,7,19061,32,99.832,3908,15185,20.468,0,19093,0.0,12.14272,13.143008,13.700736,15.199008,11.998144,12.038464,12.428896,0.923892,0.886282,0.798915,1.01205,1.00866,0.976975,0,4.83708e-08,3.9256e-08,5.45479e-10,0.0,0.0,0.0,9.145376,1.327744,7.44152e-06,46.7189
plantstexture_10nn,3,21204,1599,1599,1,r,1,0,13.260788,10,36,21204,0,100.0,24,21180,0.113,0,21204,0.0,16.370144,18.418976,19.050753,16.986944,16.323168,16.278976,16.642591,0.888765,0.859291,0.96369,1.002878,1.0056,0.983629,0,4.6566e-08,4.6566e-08,8.6044e-11,0.0,0.0,0.0,10.24608,1.597698,8.06075e-06,45.3304
reorientation_5,3,35590,2904,2904,1,r,1,0,12.25551,1,2728,27540,8050,77.381,35263,327,99.081,35590,0,100.0,32.668159,39.391487,40.578655,40.625278,38.834751,38.632641,39.4464,0.82932,0.805058,0.804134,0.841209,0.84561,0.828166,0,3.84389e-08,3.35917e-14,3.9708e-12,3.84389e-08,3.84389e-08,3.84389e-08,20.517759,1.592189,2.29885e-06,221.541
freeflyingrobot_3,2,12922,1718,1718,1,r,1,0,7.521537,1,345,6005,6917,46.471,12564,358,97.23,12858,64,99.505,11.375744,13.527872,14.56576,14.178304,13.593472,13.609184,13.716064,0.840912,0.780992,0.802335,0.836853,0.835887,0.829374,0,3.39376e-08,1.55154e-14,1.84038e-11,3.36873e-08,3.36873e-08,3.36873e-08,8.183456,1.39009,5.91551e-06,72.0336
extr1b_a_06,3,10966,2836,2836,0,r,1,0,3.866714,1,9,3791,7175,34.57,10281,685,93.753,9777,1189,89.157,7.420544,8.896128,9.508608,9.502528,8.897984,8.850272,9.956512,0.834132,0.780403,0.780902,0.833958,0.838454,0.745296,0,4.80386e-08,2.18329e-13,1.27224e-11,1.06993e-09,1.06993e-09,1.06993e-09,6.25296,1.186725,5.4225e-06,52.7254
extr1b_a_03,3,10965,2836,2836,0,r,1,0,3.866361,1,9,3771,7194,34.391,10280,685,93.753,9776,1189,89.156,7.434816,8.929984,10.130752,9.497088,8.904768,8.757888,9.991104,0.832568,0.733886,0.782852,0.834925,0.848928,0.744144,0,3.57115e-08,2.0077e-13,1.39137e-11,1.14227e-09,1.14227e-09,1.14227e-09,6.378624,1.165583,6.41645e-06,48.6518
lp_pilot,3,44375,1441,4860,0,r,1,0,30.794587,1,264,33741,10634,76.036,23430,20945,52.8,6033,38342,13.595,32.510559,37.121407,39.495201,37.82291,33.329727,33.125824,33.853729,0.87579,0.823152,0.859547,0.975422,0.981426,0.960324,0,3.99738e-08,2.53536e-09,1.60949e-10,2.41116e-10,2.41116e-10,2.41116e-10,18.065088,1.799635,1.08743e-05,97.3792
well1850,2,8758,1850,712,0,r,1,0,4.734054,3,5,8751,7,99.92,859,7899,9.808,0,8758,0.0,8.396928,9.2496,9.52192,10.105088,8.415488,8.473056,8.652032,0.907815,0.881852,0.83096,0.997794,0.991015,0.970515,0,4.00846e-08,3.9935e-08,4.78933e-10,0.0,0.0,0.0,6.979936,1.203009,7.22078e-06,43.1389
qh882,1,3354,882,882,0,r,1,0,3.802721,1,12,122,3232,3.637,3240,114,96.601,3330,24,99.284,3.366688,3.845184,4.750112,3.822912,3.897728,3.844672,3.852192,0.87556,0.70876,0.880661,0.863757,0.875676,0.873967,0,6.08416e-08,1.2333799999999999e-20,1.5264e-11,6.07175e-08,6.07175e-08,6.07175e-08,3.75488,0.896617,3.76828e-06,41.5584
m20pi_n_e,4,1063,1182,1182,1,r,1,119,0.899323,0,1,1063,0,100.0,601,462,56.538,1063,0,100.0,2.607392,2.774656,2.780416,2.7816,2.78032,2.774752,2.756192,0.939717,0.93777,0.937371,0.937803,0.939685,0.946013,0,3.43087e-08,3.43087e-08,1.87286e-10,3.43087e-08,3.43087e-08,3.43087e-08,3.2296,0.807342,3.73695e-06,33.4002
dwb512,3,2500,512,512,0,r,1,0,4.882812,3,8,2500,0,100.0,1092,1408,43.68,536,1964,21.44,3.798112,3.869824,4.773056,4.336864,3.853088,3.824384,4.311744,0.981469,0.79574,0.875774,0.985732,0.99313,0.880876,0,4.06991e-08,4.06991e-08,4.44914e-10,1.76458e-08,1.76458e-08,1.76458e-08,3.780544,1.004647,7.2387e-06,39.4646
adder_dcop_65,3,11246,1813,1813,0,r,1,0,6.202978,1,1310,11228,18,99.84,7876,3370,70.034,3340,7906,29.699,19.416992,22.967009,23.48608,23.193249,22.455423,19.694784,23.598656,0.84543,0.826745,0.837183,0.864691,0.985895,0.822801,0,3.25149e-08,1.02694e-08,6.88035e-12,2.69695e-08,2.69695e-08,2.69695e-08,15.542912,1.249251,2.2431e-06,183.511
plddb_a_03,3,10764,3069,5049,0,r,1,0,3.507331,1,9,2475,8289,22.993,2475,8289,22.993,1107,9657,10.284,7.8808,9.8296,10.975744,10.975968,7.875744,7.850752,9.588704,0.801742,0.71802,0.718005,1.000642,1.003827,0.821884,0,4.20609e-08,9.42992e-11,9.42992e-11,3.19087e-10,3.19087e-10,3.19087e-10,6.750464,1.167446,6.32923e-06,51.169
plddb_a_01,3,10762,3069,5049,0,r,1,0,3.50668,1,9,2475,8287,22.998,2475,8287,22.998,1107,9655,10.286,7.87328,9.810816,11.93184,10.942048,7.8688,7.859424,9.524864,0.80251,0.659855,0.719544,1.000569,1.001763,0.826603,0,3.88469e-08,1.05145e-10,1.05145e-10,3.16837e-10,3.16837e-10,3.16837e-10,6.722048,1.171262,6.41551e-06,52.5543
adder_dcop_29,3,11246,1813,1813,0,r,1,0,6.202978,1,1310,11228,18,99.84,7845,3401,69.758,3275,7971,29.121,19.403233,22.980896,23.465696,23.209633,22.503489,19.684256,23.625536,0.84432,0.826876,0.835999,0.862232,0.985723,0.821282,0,2.61322e-08,1.72009e-09,1.1343e-11,2.16336e-08,2.16336e-08,2.16336e-08,15.518304,1.250345,2.6848e-06,179.227
adder_dcop_43,3,11246,1813,1813,0,r,1,0,6.202978,1,1310,11228,18,99.84,7855,3391,69.847,3305,7941,29.388,19.407232,22.982113,24.242785,23.210367,22.484447,19.703392,23.622561,0.844449,0.800536,0.836145,0.86314,0.984969,0.821555,0,3.01789e-08,1.76919e-09,3.73222e-12,2.89558e-08,2.89558e-08,2.89558e-08,15.565856,1.246782,4.19113e-06,181.95
plddb_a_06,2,10767,3069,5049,0,r,1,0,3.508309,1,9,2475,8292,22.987,2475,8292,22.987,1107,9660,10.281,7.887232,9.764224,10.962336,10.924992,7.855104,7.866784,9.532416,0.807768,0.719485,0.721944,1.00409,1.002599,0.827412,0,3.86218e-08,9.09659e-11,9.09659e-11,2.89085e-10,2.89085e-10,2.89085e-10,6.740832,1.170068,7.21255e-06,51.3028
ex13,2,75628,2568,2568,1,r,1,0,29.450156,10,50,229,75399,0.303,23857,51771,31.545,2333,73295,3.085,53.367809,59.53651,55.741985,62.940098,53.680031,53.999233,55.253922,0.896388,0.957408,0.847914,0.994184,0.988307,0.965865,0,3.36093e-08,5.20406e-15,2.9144e-10,4.40637e-11,4.40637e-11,4.40637e-11,29.058657,1.836555,9.46599e-06,65.4344
bp_600,3,4172,822,822,0,r,1,0,5.075426,1,302,1322,2850,31.687,1003,3169,24.041,516,3656,12.368,6.170336,7.551584,7.426144,7.200576,7.350464,6.832128,6.936736,0.817092,0.830894,0.856923,0.839448,0.903135,0.889516,0,4.82264e-08,7.05964e-10,4.31858e-10,5.50615e-10,5.50615e-10,5.50615e-10,5.529472,1.1159,1.0891e-05,68.4213
s20pi_n1_e,3,1028,1028,1028,1,r,1,0,1.0,1,1,1028,0,100.0,612,416,59.533,1028,0,100.0,2.377664,2.68464,3.784768,2.777056,2.7776,2.741664,2.764,0.885655,0.628219,0.856182,0.856014,0.867234,0.860226,0,2.82612e-08,2.82612e-08,2.09911e-10,2.82612e-08,2.82612e-08,2.82612e-08,2.280768,1.042484,3.66171e-06,44.4476
msc01440,3,46270,1440,1440,1,r,1,0,32.131944,12,45,10488,35782,22.667,31572,14698,68.234,0,46270,0.0,31.734337,35.690849,36.718689,37.259106,31.984896,31.825888,32.492897,0.889145,0.864256,0.85172,0.992166,0.997123,0.976655,0,4.4336e-08,2.17865e-14,3.36031e-10,0.0,0.0,0.0,18.00992,1.762048,9.04516e-06,66.387
extr1b_a_44,3,9052,2836,2836,0,r,1,0,3.191819,1,10,3512,5540,38.798,8563,489,94.598,8396,656,92.753,7.160544,8.400512,10.585216,8.58096,8.286528,8.007936,9.008896,0.852394,0.676467,0.834469,0.864119,0.894181,0.79483,0,4.68762e-08,2.00871e-12,7.76455e-11,1.24666e-09,1.24666e-09,1.24666e-09,5.353056,1.337655,6.68979e-06,46.6986
adder_dcop_34,3,11246,1813,1813,0,r,1,0,6.202978,1,1310,11228,18,99.84,7809,3437,69.438,3249,7997,28.89,19.419231,22.999168,24.333759,23.181984,22.55088,19.684,23.623072,0.844345,0.798037,0.837686,0.86113,0.986549,0.822045,0,2.15471e-08,1.86299e-09,6.50857e-12,1.46327e-08,1.46327e-08,1.46327e-08,16.116575,1.204923,3.99737e-06,185.892
pde2961,2,14585,2961,2961,0,r,1,0,4.925701,3,5,5796,8789,39.739,889,13696,6.095,0,14585,0.0,12.34208,13.397504,16.694752,14.03648,12.2152,12.29248,12.62976,0.921222,0.739279,0.879286,1.010387,1.004035,0.977222,0,4.29011e-08,7.65815e-09,5.55076e-10,0.0,0.0,0.0,8.403808,1.46863,7.28646e-06,43.9125
extr1b_a_42,3,11405,2836,2836,0,r,1,0,4.021509,1,10,10720,685,93.994,10385,1020,91.057,10244,1161,89.82,12.777568,14.52208,16.316576,15.256224,14.699488,14.64176,15.28992,0.879872,0.783104,0.837531,0.869253,0.87268,0.835686,0,7.23427e-09,6.15438e-11,4.47898e-12,1.70266e-09,1.70266e-09,1.70266e-09,9.385472,1.36142,7.61609e-06,46.85
l30,3,52070,2701,16281,0,r,1,0,19.278045,16,32,39469,12601,75.8,14269,37801,27.403,32,52038,0.061,53.088673,57.583809,65.878052,65.859421,53.307903,53.164577,54.564449,0.921937,0.805863,0.806091,0.995887,0.998572,0.972954,0,4.1872e-08,2.50047e-08,4.95509e-10,8.20528e-12,8.20528e-12,8.20528e-12,28.376127,1.870892,9.01083e-06,67.6224
kineticbatchreactor_1,2,20600,2052,2052,1,r,1,0,10.038986,1,460,13684,6916,66.427,20216,384,98.136,20046,554,97.311,19.58032,21.557377,24.54896,22.811775,21.416288,21.45936,22.145887,0.908289,0.797603,0.858343,0.914272,0.912437,0.884152,0,3.71227e-08,9.95308e-16,7.46112e-12,3.71119e-08,3.71119e-08,3.71119e-08,12.069152,1.622344,6.28027e-06,78.0382
extr1b_a_34,3,11404,2836,2836,0,r,1,0,4.021157,1,10,10698,706,93.809,10386,1018,91.073,10243,1161,89.819,12.773504,14.505696,15.903872,15.254816,14.689472,14.665024,15.317984,0.880585,0.803169,0.837342,0.869569,0.871018,0.833889,0,1.98971e-08,9.35671e-11,7.35785e-12,6.2176e-09,6.2176e-09,6.2176e-09,9.413248,1.356971,5.48051e-06,47.0542
scrs8-2c_a_3,1,1895,476,907,0,r,1,0,3.981092,1,15,523,1372,27.599,198,1697,10.449,12,1883,0.633,3.252736,3.814848,3.879776,3.249536,3.27936,3.266368,3.272928,0.852652,0.838382,1.000985,0.991881,0.995827,0.993831,0,3.22618e-08,1.91073e-09,2.52501e-10,4.4659e-10,4.4659e-10,4.4659e-10,3.732416,0.871483,8.34967e-06,40.8191
orsreg_1,2,14133,2205,2205,0,r,1,0,6.409524,4,7,0,14133,0.0,8400,5733,59.435,0,14133,0.0,9.758912,10.55968,10.09232,12.223296,9.653184,9.753408,9.92512,0.924167,0.966964,0.798386,1.010953,1.000564,0.983254,0,4.47607e-08,0.0,2.95952e-10,0.0,0.0,0.0,7.652768,1.275213,7.34829e-06,38.2131
adder_dcop_05,3,11097,1813,1813,0,r,1,0,6.120794,1,1310,11077,20,99.82,7541,3556,67.955,3466,7631,31.234,19.415552,22.959135,23.456768,23.334593,22.541824,19.662144,23.714432,0.845657,0.827716,0.83205,0.861312,0.987459,0.818723,0,3.49641e-08,5.76426e-09,9.2274e-11,1.89192e-08,1.89192e-08,1.89192e-08,15.700256,1.236639,4.45154e-06,183.743
adder_dcop_59,3,11246,1813,1813,0,r,1,0,6.202978,1,1310,11228,18,99.84,7876,3370,70.034,3340,7906,29.699,19.412191,22.963776,24.56064,23.211489,22.475649,19.699871,23.61808,0.84534,0.790378,0.836318,0.863699,0.985397,0.821921,0,2.43672e-08,1.83502e-09,6.80761e-12,2.11857e-08,2.11857e-08,2.11857e-08,14.65984,1.324175,3.45401e-06,177.717
bcsstk02,3,4356,66,66,1,r,1,0,66.0,66,66,3174,1182,72.865,3472,884,79.706,0,4356,0.0,3.808416,4.331136,4.325312,4.319008,3.881952,3.833856,3.860544,0.879311,0.880495,0.88178,0.981057,0.993364,0.986497,0,4.39773e-08,1.00372e-11,6.22288e-11,0.0,0.0,0.0,3.754944,1.01424,1.37656e-05,47.0514
lp_agg2,3,4740,516,758,0,r,1,0,9.186047,2,49,3516,1224,74.177,3294,1446,69.494,3639,1101,76.772,6.543872,7.19376,7.693856,7.541984,7.13296,7.121376,7.313184,0.909659,0.850532,0.867659,0.917413,0.918906,0.894805,0,3.38823e-08,3.50145e-10,5.69559e-11,4.32406e-10,4.32406e-10,4.32406e-10,5.251168,1.246175,5.84875e-06,43.3671
adder_dcop_02,3,11246,1813,1813,0,r,1,0,6.202978,1,1310,11228,18,99.84,6115,5131,54.375,1892,9354,16.824,19.391104,22.982368,24.319361,23.177664,22.307327,19.563295,23.301537,0.843738,0.797353,0.836629,0.869271,0.991198,0.832181,0,2.79101e-08,2.38185e-09,3.99017e-11,2.33444e-08,2.33444e-08,2.33444e-08,15.509472,1.250275,1.72381e-05,181.248
ex10hs,3,57308,2548,2548,1,r,1,0,22.491366,4,50,26048,31260,45.453,27654,29654,48.255,14870,42438,25.948,51.856129,57.030113,61.255745,61.015713,53.826336,53.46077,54.771744,0.909276,0.846551,0.849882,0.963397,0.969985,0.946768,0,4.05718e-08,2.16436e-14,1.42374e-10,4.77303e-15,5.55112e-15,4.42373e-16,27.848801,1.86206,7.55148e-06,59.5276
olm1000,3,3996,1000,1000,0,r,1,0,3.996,2,6,1000,2996,25.025,1000,2996,25.025,1000,2996,25.025,3.839168,4.60688,4.743424,4.716864,3.854592,3.844704,4.821312,0.833355,0.809366,0.813924,0.995999,0.99856,0.796291,0,3.792e-08,3.0509e-13,3.0509e-13,3.0509e-13,3.0509e-13,3.0509e-13,4.258368,0.901559,7.33046e-06,36.2483
iprob,3,9000,3001,3001,0,r,1,0,2.999,2,3000,2036,6964,22.622,6884,2116,76.489,6000,3000,66.667,52.750881,65.745506,58.976673,62.147617,67.312836,55.730335,64.91523,0.80235,0.894436,0.8488,0.783667,0.946538,0.812612,0,1.70473e-08,2.6657e-12,1.01342e-10,1.15986e-08,1.15986e-08,1.15986e-08,42.798687,1.232535,1.07476e-05,349.415
adder_dcop_24,3,11246,1813,1813,0,r,1,0,6.202978,1,1310,11228,18,99.84,7646,3600,67.989,2757,8489,24.515,19.419872,22.963488,23.92256,23.189089,22.465569,19.613983,23.587711,0.845685,0.811781,0.837457,0.864428,0.990103,0.823305,0,2.66458e-08,1.88059e-09,7.53227e-12,2.52451e-08,2.52451e-08,2.52451e-08,15.567872,1.247433,7.59469e-06,193.577
west0655,0,2854,655,655,0,r,1,0,4.357252,1,12,1287,1567,45.095,2753,101,96.461,2770,84,97.057,4.546688,4.962368,5.175776,5.328032,5.34496,5.19888,5.329888,0.916234,0.878455,0.853352,0.85065,0.874551,0.853055,0,2.17279e-08,1.48643e-12,1.83086e-11,2.57467e-09,2.57467e-09,2.57467e-09,4.30496,1.056151,6.03871e-06,37.5197
lp_scsd1,1,2388,77,760,0,r,1,0,31.012987,20,50,1848,540,77.387,0,2388,0.0,0,2388,0.0,3.771136,3.833792,3.858144,3.798592,3.816512,3.801216,3.813792,0.983657,0.977448,0.992772,0.988111,0.992087,0.988815,0,4.00368e-08,3.75984e-08,0.0,0.0,0.0,0.0,3.53184,1.067754,1.04787e-05,42.3175
s20pi_n1,3,2547,1028,1028,0,r,1,1,2.477626,0,8,503,2044,19.749,476,2071,18.689,30,2517,1.178,3.74144,3.839776,5.083776,4.319488,3.813152,3.76464,3.867392,0.97439,0.735957,0.866177,0.981194,0.993837,0.967432,0,2.74475e-08,2.82113e-09,1.17877e-10,1.65123e-09,1.65123e-09,1.65123e-09,3.816,0.980461,5.90938e-06,37.2437
cdde4,3,4681,961,961,0,r,1,0,4.870968,3,5,1860,2821,39.735,0,4681,0.0,0,4681,0.0,5.369312,5.838848,7.557344,5.593984,5.382336,5.355488,5.412352,0.919584,0.710476,0.959837,0.99758,1.002581,0.992048,0,3.76785e-08,4.36747e-09,0.0,0.0,0.0,0.0,3.857728,1.391833,7.79485e-06,37.3806
maragal_3,3,18391,1690,860,0,r,1,8,10.882249,0,468,15911,2480,86.515,5121,13270,27.845,330,18061,1.794,17.859808,20.675232,23.033024,20.711967,17.944,17.776447,18.744831,0.863826,0.7754,0.862294,0.995308,1.004689,0.952786,0,4.19715e-08,3.03561e-08,9.00565e-10,4.09601e-09,4.09601e-09,4.09601e-09,11.251872,1.587274,7.64347e-06,96.9411
adder_dcop_44,3,11245,1813,1813,0,r,1,0,6.202427,1,1310,11227,18,99.84,7857,3388,69.871,3308,7937,29.418,19.420576,23.016159,23.481024,23.198463,22.483295,19.67824,23.632511,0.84378,0.827075,0.837149,0.863778,0.986906,0.821774,0,2.59342e-08,2.19601e-09,5.77728e-12,2.56932e-08,2.56932e-08,2.56932e-08,15.642368,1.241537,2.96613e-06,181.93
adder_dcop_03,3,11148,1813,1813,0,r,1,0,6.148924,1,1310,11128,20,99.821,6811,4337,61.096,1942,9206,17.42,19.432224,22.999872,24.564096,23.17584,22.323616,19.621023,23.323263,0.844884,0.791082,0.838469,0.870478,0.990378,0.833169,0,2.58768e-08,1.29149e-09,3.94404e-11,1.00318e-08,1.00318e-08,1.00318e-08,14.681152,1.323617,7.86204e-06,192.077
cz2548,3,25674,2548,2548,0,r,1,0,10.076138,1,27,496,25178,1.932,10765,14909,41.93,1,25673,0.004,24.983711,28.315359,27.191456,27.318848,24.836224,24.793217,25.588703,0.882338,0.918807,0.914523,1.005938,1.007683,0.976357,0,3.74504e-08,2.95594e-13,5.20973e-10,2.53317e-15,2.53317e-15,2.53317e-15,14.854976,1.681841,7.79066e-06,59.2492
adder_dcop_69,3,11246,1813,1813,0,r,1,0,6.202978,1,1310,11228,18,99.84,7876,3370,70.034,3340,7906,29.699,19.405376,23.007233,24.311232,23.208609,22.493631,19.704609,23.602848,0.843447,0.798206,0.836128,0.862705,0.984814,0.822162,0,2.30918e-08,3.12863e-09,5.67109e-12,2.29805e-08,2.29805e-08,2.29805e-08,15.542272,1.248555,3.66257e-06,176.302
plants_10nn,3,21930,1600,1600,1,r,1,0,13.70625,10,36,21930,0,100.0,68,21862,0.31,0,21930,0.0,16.518944,18.553921,19.166431,17.246241,16.509665,16.454016,16.797119,0.890321,0.861869,0.957829,1.000562,1.003946,0.983439,0,4.40333e-08,4.40333e-08,9.04373e-11,0.0,0.0,0.0,10.210688,1.617809,7.93917e-06,47.4758
extr1b_a_02,3,10965,2836,2836,0,r,1,0,3.866361,1,9,3764,7201,34.327,10280,685,93.753,9776,1189,89.156,7.42128,8.85296,10.557056,9.503872,8.912672,8.866816,9.970176,0.838282,0.702969,0.780869,0.832666,0.836972,0.744348,0,5.16071e-08,2.02773e-13,1.18911e-11,5.65203e-10,5.65203e-10,5.65203e-10,5.501312,1.349002,4.96219e-06,46.4213
zenios,3,27191,2873,2873,1,r,1,0,9.464323,1,47,27187,4,99.985,25955,1236,95.454,23062,4129,84.815,27.848064,31.57456,33.023201,32.94669,31.385887,31.338367,32.694626,0.881978,0.843288,0.845246,0.88728,0.888625,0.851763,0,4.06792e-08,3.87425e-08,1.09459e-11,1.40997e-08,1.40997e-08,1.40997e-08,16.25984,1.71269,6.54103e-06,107.27
685_bus,3,3249,685,685,1,r,1,0,4.743066,2,13,78,3171,2.401,851,2398,26.193,257,2992,7.91,4.613344,5.014496,5.462272,5.189248,4.734176,4.59808,4.981536,0.920002,0.844583,0.88902,0.974477,1.00332,0.926089,0,3.4347e-08,4.87515e-12,1.7695e-10,1.78635e-10,1.78635e-10,1.78635e-10,4.598016,1.003334,5.21708e-06,37.558
662_bus,3,2474,662,662,1,r,1,0,3.73716,2,10,14,2460,0.566,527,1947,21.302,319,2155,12.894,3.164448,3.754336,4.47584,3.547936,3.314784,3.295712,3.560704,0.842878,0.707006,0.891912,0.954647,0.960171,0.888714,0,4.25929e-08,2.57179e-11,4.67216e-10,5.22846e-10,5.22846e-10,5.22846e-10,2.764416,1.144708,5.76126e-06,35.6955
filter2d_b,3,503,1668,1,0,r,1,1165,0.301559,0,1,503,0,100.0,0,503,0.0,503,0,100.0,2.771264,2.814848,3.33824,2.793984,2.287392,2.26704,2.844672,0.984516,0.830157,0.991868,1.211539,1.222415,0.974195,0,3.88214e-08,3.88214e-08,0.0,3.88214e-08,3.88214e-08,3.88214e-08,3.29568,0.840878,3.67367e-06,35.7277
extr1b_a_05,3,10965,2836,2836,0,r,1,0,3.866361,1,9,3790,7175,34.565,10280,685,93.753,9776,1189,89.156,7.429472,8.913888,10.129696,9.500544,8.917568,8.779136,9.99904,0.833472,0.733435,0.782005,0.833128,0.846265,0.743019,0,4.50556e-08,1.95119e-13,1.42401e-11,1.35398e-09,1.35398e-09,1.35398e-09,6.28912,1.181321,5.37271e-06,47.4274
gen4,4,107103,1537,4298,0,r,1,0,69.683149,30,3073,100958,6145,94.263,15358,91745,14.339,0,107103,0.0,57.184513,57.724289,61.104351,61.61245,60.333118,60.646366,60.273441,0.990649,0.93585,0.928132,0.947813,0.942917,0.948751,0,3.46722e-08,3.31756e-08,5.33131e-10,0.0,0.0,0.0,27.859167,2.052628,1.22085e-05,480.133
chebyshev2,3,18447,2053,2053,0,r,1,0,8.985387,3,2053,18378,69,99.626,18335,112,99.393,18314,133,99.279,19.856895,23.116287,24.185184,23.654337,22.569664,22.388033,22.850847,0.859,0.821036,0.839461,0.879805,0.886942,0.868979,0,7.10931e-09,4.89979e-12,1.79017e-12,2.32336e-12,2.32336e-12,2.32336e-12,12.225984,1.624155,7.36863e-06,254.927
bcsstk26,3,30336,1922,1922,1,r,1,0,15.783559,3,33,5674,24662,18.704,22622,7714,74.571,8755,21581,28.86,19.923136,22.923456,22.999296,24.281887,21.291712,21.222015,22.843489,0.869116,0.86625,0.820494,0.935723,0.938796,0.872158,0,4.95999e-08,1.62626e-14,2.01997e-10,3.19327e-10,3.19327e-10,3.19327e-10,12.05344,1.6529,7.012e-06,54.6669
cavity15,2,76367,2597,2597,0,r,1,0,29.405853,1,62,65437,10930,85.688,33399,42968,43.735,12373,63994,16.202,56.630978,64.544067,65.883682,62.659039,57.882526,57.883808,61.130878,0.8774,0.85956,0.903796,0.978378,0.978356,0.926389,0,4.4582e-08,6.28049e-09,3.7086e-10,8.98916e-10,8.98916e-10,8.98916e-10,31.004831,1.826521,8.98125e-06,123.256
c-20,3,22685,2921,2921,1,r,1,0,7.766176,2,158,15969,6716,70.395,22646,39,99.828,22685,0,100.0,15.035232,17.479712,19.571873,18.059744,17.620928,17.560064,17.827423,0.860153,0.768206,0.832527,0.85326,0.856217,0.843377,0,5.03291e-09,8.77404e-14,8.64917e-13,5.03291e-09,5.03291e-09,5.03291e-09,10.12096,1.485554,3.83605e-07,58.0288
lp_gfrd_pnc,3,2445,616,1160,0,r,1,0,3.969156,1,12,0,2445,0.0,1738,707,71.084,1394,1051,57.014,3.24016,3.359776,3.845056,3.379232,3.338624,3.28288,3.66192,0.964398,0.842682,0.958845,0.970508,0.986987,0.884825,0,5.02726e-08,0.0,4.48595e-11,1.11707e-08,1.11707e-08,1.11707e-08,3.410752,0.949984,6.1357e-06,35.9369
epb0,3,7764,1794,1794,0,r,1,0,4.327759,2,11,7764,0,100.0,2297,5467,29.585,1891,5873,24.356,8.80512,9.846976,11.06656,9.767616,8.933792,8.9304,9.164448,0.894195,0.795651,0.901461,0.985597,0.985972,0.960791,0,4.45649e-08,4.45649e-08,7.71334e-10,1.27934e-09,1.27934e-09,1.27934e-09,5.89568,1.493487,6.35341e-06,39.6915
bcsstm11,2,1473,1473,1473,1,r,1,0,1.0,1,1,1373,100,93.211,230,1243,15.614,1473,0,100.0,2.776416,2.849376,3.273088,3.142016,2.964352,2.977376,2.968192,0.974394,0.848256,0.883642,0.936601,0.932504,0.93539,0,3.98916e-08,2.2734e-09,4.21584e-10,3.98916e-08,3.98916e-08,3.98916e-08,3.332416,0.833154,3.56054e-06,34.0876
scrs8-2c,2,7367,1820,3499,0,r,1,0,4.047802,1,15,2059,5308,27.949,774,6593,10.506,12,7355,0.163,8.757824,9.805664,11.067552,9.793376,8.82048,8.825888,8.934112,0.893139,0.791306,0.89426,0.992896,0.992288,0.980268,0,3.60614e-08,1.36546e-09,1.94218e-10,1.23706e-10,1.23706e-10,1.23706e-10,6.971264,1.256275,6.45276e-06,46.5965
lpi_gran,3,20111,2658,2525,0,r,1,54,7.566215,0,86,2904,17207,14.44,11865,8246,58.998,10624,9487,52.827,13.031744,15.085952,16.003328,16.800768,14.155872,14.092864,16.194592,0.863833,0.814315,0.775664,0.920589,0.924705,0.804697,0,4.38148e-08,1.90671e-10,6.26218e-10,4.84702e-09,4.84702e-09,4.84702e-09,9.232096,1.411569,8.50647e-06,55.9583
watt_1,3,11360,1856,1856,0,r,1,0,6.12069,1,7,11232,128,98.873,11232,128,98.873,11360,0,100.0,8.365408,9.228256,9.489152,9.449632,9.247744,9.096896,9.404672,0.906499,0.881576,0.885263,0.904589,0.919589,0.889495,0,2.65576e-08,5.06557e-14,5.06557e-14,2.65576e-08,2.65576e-08,2.65576e-08,6.734752,1.242126,3.51251e-06,40.6666
west0989,3,3537,989,989,0,r,1,0,3.57634,1,12,1262,2275,35.68,3294,243,93.13,3260,277,92.169,3.948288,4.363392,4.620512,4.744928,4.64448,4.37872,4.814688,0.904867,0.854513,0.832107,0.850103,0.901699,0.820051,0,4.02437e-08,4.38623e-13,3.91889e-11,4.44704e-09,4.44704e-09,4.44704e-09,4.189888,0.942337,5.72749e-06,37.9441
wang1,2,19093,2903,2903,0,r,1,0,6.576989,4,7,19061,32,99.832,3908,15185,20.468,0,19093,0.0,12.104928,13.145888,13.77536,15.179424,12.012448,12.028928,12.430272,0.920815,0.878738,0.797456,1.007699,1.006318,0.973826,0,4.05859e-08,3.40306e-08,5.0407e-10,0.0,0.0,0.0,9.144448,1.323746,6.79943e-06,45.7638
s20pi_n_e,1,1063,1182,1182,1,r,1,119,0.899323,0,1,1063,0,100.0,601,462,56.538,1063,0,100.0,2.6024,2.764672,3.74896,2.758368,2.78,2.761152,2.761472,0.941305,0.694166,0.943456,0.936115,0.942505,0.942396,0,2.88896e-08,2.88896e-08,1.77201e-10,2.88896e-08,2.88896e-08,2.88896e-08,3.203552,0.812348,2.40744e-06,34.4999
adder_dcop_58,3,11246,1813,1813,0,r,1,0,6.202978,1,1310,11228,18,99.84,7875,3371,70.025,3340,7906,29.699,19.398016,22.957409,24.291712,23.196768,22.437153,19.701729,23.607584,0.844957,0.798545,0.836238,0.864549,0.984584,0.821686,0,3.45452e-08,1.64771e-09,4.1428e-12,3.06489e-08,3.06489e-08,3.06489e-08,15.554272,1.247118,6.66099e-06,183.82
watt_2,3,11550,1856,1856,0,r,1,0,6.22306,1,128,11360,190,98.355,11360,190,98.355,11424,126,98.909,8.444064,9.291904,10.3544,9.487072,9.411552,9.333344,9.417152,0.908755,0.815505,0.89006,0.897202,0.90472,0.896669,0,2.61673e-08,4.1638e-14,4.1638e-14,1.8009e-08,1.8009e-08,1.8009e-08,6.816512,1.238766,3.96105e-06,54.5281
adder_dcop_17,3,11246,1813,1813,0,r,1,0,6.202978,1,1310,11228,18,99.84,7736,3510,68.789,3181,8065,28.286,19.385471,22.985855,23.49456,23.24288,22.516895,19.670591,23.606016,0.843365,0.825105,0.834039,0.86093,0.985505,0.821209,0,2.59913e-08,8.62197e-09,1.84731e-11,2.45722e-08,2.45722e-08,2.45722e-08,15.568096,1.245205,1.35128e-05,181.281
qh1484,0,6110,1484,1484,0,r,1,0,4.117251,2,13,80,6030,1.309,6060,50,99.182,6054,56,99.083,7.337792,7.973152,7.870976,8.323904,8.09456,7.926208,8.257568,0.920313,0.932259,0.881532,0.906509,0.925763,0.888614,0,6.64214e-08,2.20638e-23,1.15694e-11,5.13524e-10,5.13524e-10,5.13524e-10,6.24704,1.174603,7.36962e-06,37.5027
stat96v5,3,233921,2307,75779,0,r,1,2,101.396186,0,103,174592,59329,74.637,14600,219321,6.241,1,233920,0.0,80.416801,85.614014,89.323196,86.374847,81.892479,80.743134,80.940323,0.939295,0.90029,0.931021,0.98198,0.995958,0.993532,0,4.5504e-08,2.46854e-08,4.57325e-10,2.52361e-10,2.52361e-10,2.52361e-10,47.350464,1.698332,9.74479e-06,255.84
west2021,3,7353,2021,2021,0,r,1,0,3.638298,1,12,3089,4264,42.01,6842,511,93.05,6772,581,92.098,5.899776,6.865824,8.237248,7.447904,6.988928,6.836032,7.316192,0.859296,0.716231,0.792139,0.84416,0.863041,0.8064,0,3.78099e-08,7.77255e-13,4.90308e-11,5.35433e-09,5.35433e-09,5.35433e-09,5.246592,1.124497,4.8696e-06,41.9979
small_a_08,3,3374,711,1432,0,r,1,0,4.745429,2,21,1492,1882,44.221,2851,523,84.499,2135,1239,63.278,4.801504,5.299808,6.714336,5.543904,5.044,4.941504,5.472288,0.905977,0.715112,0.866087,0.951924,0.971669,0.877422,0,3.90616e-08,4.37254e-11,1.65083e-10,3.83249e-08,3.83249e-08,3.83249e-08,3.531872,1.359479,5.9986e-06,40.9864
s20pi_n,3,2881,1182,1182,0,r,1,0,2.437394,1,12,501,2380,17.39,474,2407,16.453,23,2858,0.798,3.8864,4.265888,5.430784,4.362688,3.930656,3.8664,3.985792,0.911041,0.715624,0.890827,0.988741,1.005173,0.975063,0,3.43701e-08,3.00811e-09,2.14575e-11,1.11634e-09,1.11634e-09,1.11634e-09,4.209664,0.923209,4.7734e-06,34.9138
plddb_a_02,2,10763,3069,5049,0,r,1,0,3.507006,1,9,2475,8288,22.995,2475,8288,22.995,1107,9656,10.285,7.887264,9.75728,12.032768,10.938048,7.84864,7.862208,9.518592,0.808347,0.655482,0.721085,1.004921,1.003187,0.828617,0,4.00438e-08,9.6356e-11,9.6356e-11,3.22332e-10,3.22332e-10,3.22332e-10,6.76032,1.1667,6.00469e-06,48.1282
lpi_cplex1,0,10947,3005,5224,0,r,1,0,3.642928,2,720,1500,9447,13.702,8447,2500,77.163,8947,2000,81.73,15.977472,19.596577,16.491968,19.916544,19.306593,19.286016,19.599327,0.81532,0.968803,0.802221,0.827566,0.828449,0.815205,0,3.38002e-08,2.13759e-11,5.66991e-10,2.16909e-08,2.16909e-08,2.16909e-08,13.321024,1.199418,6.81908e-06,115.373
pores_3,2,3474,532,532,0,r,1,0,6.530075,2,9,1305,2169,37.565,2416,1058,69.545,2087,1387,60.075,4.050144,4.383232,5.16496,4.569344,4.158304,4.321152,4.783456,0.924009,0.784158,0.886373,0.973989,0.937283,0.846698,0,5.17317e-08,3.74865e-13,3.0518e-10,5.01036e-09,5.01036e-09,5.01036e-09,4.022592,1.006849,6.52316e-06,36.3491
m40pi_n,2,5341,2182,2182,0,r,1,0,2.447754,1,12,961,4380,17.993,934,4407,17.487,23,5318,0.431,5.338272,5.628576,6.54992,6.356,5.408928,5.412896,5.50832,0.948423,0.815013,0.839879,0.986937,0.986214,0.969129,0,2.15324e-08,1.4494e-09,4.10257e-11,9.95933e-10,9.95933e-10,9.95933e-10,5.075072,1.051861,7.0974e-06,36.7293
s40pi_n1,3,5007,2028,2028,0,r,1,1,2.468935,0,8,963,4044,19.233,936,4071,18.694,30,4977,0.599,5.196512,5.478688,6.828064,6.324576,5.26832,5.183072,5.394656,0.948496,0.761052,0.821638,0.98637,1.002593,0.96327,0,2.71479e-08,4.51431e-09,1.13888e-10,5.21179e-09,5.21179e-09,5.21179e-09,4.95808,1.04809,5.5742e-06,36.5212
fs_680_3,0,2646,680,680,0,r,1,0,3.891176,1,8,179,2467,6.765,2383,263,90.06,2065,581,78.042,3.24528,3.304512,3.356096,3.376928,3.82256,3.77248,3.80064,0.982075,0.966981,0.961015,0.848981,0.860251,0.853877,0,3.06409e-08,6.6519899999999996e-21,3.49266e-11,2.6054e-11,2.6054e-11,2.6054e-11,3.395264,0.955826,5.34848e-06,37.8707
extr1b_a_22,3,9053,2836,2836,0,r,1,0,3.192172,1,10,3511,5542,38.783,8564,489,94.598,8398,655,92.765,7.268736,8.41296,10.317376,8.557984,8.2456,8.024768,9.037216,0.863993,0.704514,0.849351,0.881529,0.905788,0.804311,0,3.71867e-08,1.95996e-12,5.98704e-11,2.31985e-09,2.31985e-09,2.31985e-09,6.232928,1.166183,7.93802e-06,46.846
plddb,3,10839,3069,5049,0,r,1,0,3.531769,1,9,2475,8364,22.834,2475,8364,22.834,1107,9732,10.213,7.944704,9.836288,11.705792,10.957984,7.878368,7.857024,9.528224,0.807693,0.678699,0.725015,1.00842,1.011159,0.833807,0,3.89967e-08,8.77787e-11,8.77787e-11,2.99045e-10,2.99045e-10,2.99045e-10,5.85392,1.35716,6.92865e-06,49.6746
t2dal_e,3,4257,4257,4257,1,r,1,0,1.0,1,1,4257,0,100.0,2203,2054,51.75,4257,0,100.0,4.365792,4.83328,4.868608,5.334592,4.86016,4.823776,4.858688,0.903277,0.896723,0.818393,0.898282,0.905057,0.898554,0,4.15802e-08,4.15802e-08,3.24237e-10,4.15802e-08,4.15802e-08,4.15802e-08,4.71456,0.926023,3.50747e-06,33.3634
t2dal_e,3,4257,4257,4257,1,r,1,0,1.0,1,1,4257,0,100.0,2203,2054,51.75,4257,0,100.0,4.353504,4.666528,4.885216,5.342912,4.863232,4.8432,4.863808,0.932921,0.891159,0.814819,0.895187,0.89889,0.895081,0,3.99701e-08,3.99701e-08,3.43249e-10,3.99701e-08,3.99701e-08,3.99701e-08,4.795712,0.907791,3.55818e-06,33.3634
t2dal_e,3,4257,4257,4257,1,r,1,0,1.0,1,1,4257,0,100.0,2203,2054,51.75,4257,0,100.0,4.365792,4.83328,4.868608,5.334592,4.86016,4.823776,4.858688,0.903277,0.896723,0.818393,0.898282,0.905057,0.898554,0,4.15802e-08,4.15802e-08,3.24237e-10,4.15802e-08,4.15802e-08,4.15802e-08,4.71456,0.926023,3.50747e-06,43.743
t2dal_e,3,4257,4257,4257,1,r,1,0,1.0,1,1,4257,0,100.0,2203,2054,51.75,4257,0,100.0,4.353504,4.666528,4.885216,5.342912,4.863232,4.8432,4.863808,0.932921,0.891159,0.814819,0.895187,0.89889,0.895081,0,3.99701e-08,3.99701e-08,3.43249e-10,3.99701e-08,3.99701e-08,3.99701e-08,4.795712,0.907791,3.55818e-06,43.743
qiulp,3,4492,1192,1900,0,r,1,0,3.768456,3,199,312,4180,6.946,0,4492,0.0,0,4492,0.0,6.61712,7.66848,6.781184,6.69968,7.4112,6.645408,7.40512,0.862898,0.975806,0.987677,0.892854,0.995743,0.893587,0,5.31207e-08,2.59441e-09,0.0,0.0,0.0,0.0,6.293632,1.051399,6.10004e-06,57.5535
misknowledgemap,3,57022,2427,2427,1,r,1,0,23.49485,1,80,57020,2,99.996,0,57022,0.0,19,57003,0.033,50.452927,55.945503,59.006046,52.421055,50.704288,50.431999,51.756542,0.901823,0.855047,0.962455,0.995043,1.000415,0.974813,0,4.43011e-08,4.42996e-08,0.0,8.1763e-10,8.1763e-10,8.1763e-10,27.054464,1.864865,9.29244e-06,65.9662
adder_dcop_22,3,11246,1813,1813,0,r,1,0,6.202978,1,1310,11228,18,99.84,7809,3437,69.438,3218,8028,28.615,19.396416,22.981119,23.480513,23.188768,22.459295,19.712736,23.565376,0.844015,0.826064,0.836457,0.863625,0.983954,0.82309,0,2.75115e-08,2.00141e-09,9.76656e-12,2.60784e-08,2.60784e-08,2.60784e-08,15.517792,1.249947,5.12126e-06,182.801
small_a_07,2,3319,710,1433,0,r,1,0,4.674648,2,21,1438,1881,43.326,2790,529,84.061,2054,1265,61.886,4.78896,5.051392,6.082432,5.654336,4.964736,4.980736,5.498496,0.948048,0.787343,0.846954,0.964595,0.961496,0.870958,0,4.29201e-08,4.49399e-11,1.45405e-10,4.16785e-08,4.16785e-08,4.16785e-08,4.511424,1.061518,5.95374e-06,40.3203
extr1b_a_36,3,9053,2836,2836,0,r,1,0,3.192172,1,10,3513,5540,38.805,8564,489,94.598,8397,656,92.754,7.11392,8.4016,10.551072,8.575872,8.297504,8.01776,9.022592,0.846734,0.674237,0.829527,0.857357,0.88727,0.788456,0,5.00056e-08,2.28322e-12,6.87513e-11,2.26297e-09,2.26297e-09,2.26297e-09,5.353888,1.328739,7.47079e-06,44.7483
ex36,3,53843,3079,3079,0,r,1,0,17.487171,6,37,40112,13731,74.498,30670,23173,56.962,8736,45107,16.225,60.870945,66.323235,74.418816,71.372803,62.10368,61.857536,63.350178,0.917792,0.817951,0.852859,0.98015,0.984051,0.960865,0,4.54796e-08,7.31631e-10,2.7101e-10,7.98955e-11,7.98955e-11,7.98955e-11,32.453823,1.875617,8.06507e-06,86.0719
adder_dcop_64,3,11246,1813,1813,0,r,1,0,6.202978,1,1310,11228,18,99.84,7876,3370,70.034,3340,7906,29.699,19.412031,22.984129,24.286848,23.190657,22.466463,19.70528,23.650208,0.844584,0.799282,0.837063,0.864045,0.985118,0.820797,0,2.01337e-08,2.71957e-09,2.73028e-12,1.6583e-08,1.6583e-08,1.6583e-08,15.546016,1.248682,4.0334e-06,184.903
dataset12mfeatfactors_10nn,3,27442,2000,2000,1,r,1,0,13.721,10,40,27430,12,99.956,2,27440,0.0069999999999999,0,27442,0.0,20.144096,22.837952,23.677025,20.874399,20.125696,20.097408,20.624384,0.882045,0.850787,0.965014,1.000914,1.002323,0.976713,0,4.07821e-08,4.0497e-08,1.48441e-11,0.0,0.0,0.0,12.37376,1.627969,8.76369e-06,50.2024
reorientation_2,3,17910,1544,1544,1,r,1,0,11.599741,1,1448,13509,4401,75.427,17753,157,99.123,17910,0,100.0,18.16448,21.707584,23.10832,22.394337,21.464767,21.330015,21.721537,0.83678,0.786058,0.811119,0.846246,0.851592,0.836243,0,1.01011e-08,1.77819e-15,1.3077e-12,1.01011e-08,1.01011e-08,1.01011e-08,11.40832,1.592213,2.96737e-06,131.684
plddb_a_08,3,10769,3069,5049,0,r,1,0,3.508961,1,9,2475,8294,22.983,2475,8294,22.983,1107,9662,10.28,7.885952,9.768288,10.975968,10.957344,7.86624,7.861792,9.524928,0.807301,0.718474,0.719696,1.002506,1.003073,0.827928,0,3.7386e-08,1.0087e-10,1.0087e-10,3.39619e-10,3.39619e-10,3.39619e-10,6.736096,1.170701,6.25941e-06,57.3844
nnc1374,3,8606,1374,1374,0,r,1,0,6.263464,1,16,4320,4286,50.198,6104,2502,70.927,1627,6979,18.905,7.307712,8.034976,9.73728,8.40256,7.442112,7.413408,8.33872,0.909488,0.750488,0.869701,0.981941,0.985743,0.876359,0,3.57785e-08,1.40236e-10,1.83149e-10,1.05472e-10,1.05472e-10,1.05472e-10,6.091968,1.199565,7.68762e-06,50.4977
small_a_03,3,3246,713,1440,0,r,1,0,4.552595,1,21,1340,1906,41.282,2707,539,83.395,2083,1163,64.171,4.78656,5.240384,5.499776,5.617664,5.049184,4.926624,5.480576,0.913399,0.870319,0.852055,0.947987,0.97157,0.873368,0,4.95522e-08,4.51312e-11,1.40565e-10,4.86178e-08,4.86178e-08,4.86178e-08,4.370208,1.095271,7.66304e-06,40.1191
meg1,3,58142,2904,2904,0,r,1,0,20.02135,1,411,42688,15454,73.42,51766,6376,89.034,2971,55171,5.11,62.361633,70.832771,71.867996,76.053566,65.008385,64.805954,66.126434,0.880407,0.867725,0.81997,0.959286,0.962282,0.943067,0,5.0622e-08,1.37235e-12,3.90646e-11,1.17717e-08,1.17717e-08,1.17717e-08,33.483906,1.862436,1.17656e-05,106.238
extr1b_a_28,3,9052,2836,2836,0,r,1,0,3.191819,1,10,3511,5541,38.787,8563,489,94.598,8396,656,92.753,7.191872,8.404384,10.836416,8.584096,8.279456,8.017728,9.00192,0.855729,0.663676,0.837814,0.868641,0.896996,0.798926,0,5.15996e-08,2.30844e-12,7.41894e-11,1.94962e-09,1.94962e-09,1.94962e-09,5.345536,1.345398,6.97285e-06,47.1672
small_a_17,3,3207,677,1400,0,r,1,0,4.737075,1,19,1453,1754,45.307,2737,470,85.345,2193,1014,68.382,4.627776,5.028,5.389216,5.419712,4.966976,4.897824,5.348672,0.920401,0.85871,0.853879,0.931709,0.944864,0.86522,0,3.90549e-08,4.0933e-11,1.33127e-10,3.79958e-08,3.79958e-08,3.79958e-08,4.281536,1.080868,7.09538e-06,36.7981
small_a_14,3,3282,701,1424,0,r,1,0,4.681883,1,19,1442,1840,43.937,2805,477,85.466,2261,1021,68.891,4.799488,5.137312,6.695968,5.651872,5.0736,5.016512,5.487744,0.934241,0.716773,0.849186,0.945973,0.956738,0.874583,0,3.96051e-08,3.89228e-11,1.47052e-10,3.67301e-08,3.67301e-08,3.67301e-08,3.590816,1.336601,5.52776e-06,37.3125
plat1919,3,32399,1919,1919,1,r,1,0,16.883273,3,19,32345,54,99.833,15844,16555,48.903,0,32399,0.0,38.352001,41.551231,43.23037,47.350494,38.565151,38.452065,39.424896,0.923005,0.887154,0.80996,0.994473,0.997398,0.972786,0,4.61101e-08,4.07725e-08,4.94914e-10,0.0,0.0,0.0,21.116417,1.816217,9.26348e-06,42.4155
lp_stocfor2,3,9357,2157,3045,0,r,1,0,4.337969,1,15,1764,7593,18.852,7083,2274,75.697,6326,3031,67.607,10.3936,11.819936,12.93968,11.788608,11.259136,11.22768,12.380096,0.879328,0.803235,0.881665,0.923126,0.925712,0.839541,0,4.61019e-08,1.13257e-10,2.34961e-10,2.19376e-10,2.19376e-10,2.19376e-10,7.071744,1.469737,8.01041e-06,47.7516
cryg2500,2,12349,2500,2500,0,r,1,0,4.9396,3,5,4497,7852,36.416,7117,5232,57.632,5996,6353,48.555,10.753088,11.611648,13.224224,12.743744,11.1504,11.17504,11.698176,0.92606,0.813136,0.843793,0.964368,0.962242,0.919211,0,4.65584e-08,1.93773e-11,2.81281e-10,3.39678e-10,3.39678e-10,3.39678e-10,8.199168,1.311485,6.59229e-06,38.9548
adder_dcop_23,3,11246,1813,1813,0,r,1,0,6.202978,1,1310,11228,18,99.84,7824,3422,69.571,3256,7990,28.953,19.363617,22.991455,23.500929,23.191296,22.473185,19.677376,23.584831,0.842209,0.823951,0.834952,0.861632,0.984055,0.82102,0,2.88879e-08,5.81552e-09,1.0756e-11,2.49052e-08,2.49052e-08,2.49052e-08,15.511552,1.248335,3.49027e-06,198.507
lp_agg3,3,4756,516,758,0,r,1,0,9.217054,2,49,3516,1240,73.928,3294,1462,69.26,3639,1117,76.514,6.533248,7.29712,8.35792,7.44624,7.147552,7.036992,7.320576,0.895319,0.781684,0.877389,0.914054,0.928415,0.89245,0,4.592e-08,4.81507e-10,6.58235e-11,5.41962e-10,5.41962e-10,5.41962e-10,4.323296,1.511173,7.9442e-06,49.5964
lp_maros_r7,3,144848,3136,9408,0,r,1,0,46.188776,5,48,135440,9408,93.505,23862,120986,16.474,0,144848,0.0,82.429245,92.787712,99.960609,92.521828,83.446915,82.24752,83.373825,0.888364,0.824617,0.890917,0.987805,1.002209,0.988671,0,2.83143e-08,1.3347e-08,5.07913e-10,0.0,0.0,0.0,47.289696,1.74307,9.00282e-06,146.231
cavity12,3,76367,2597,2597,0,r,1,0,29.405853,8,62,69885,6482,91.512,31822,44545,41.67,7396,68971,9.685,55.970783,63.256897,68.17971,64.267357,56.844128,56.560322,59.592289,0.884817,0.82093,0.870905,0.984636,0.989577,0.939229,0,4.47667e-08,9.56629e-09,4.06076e-10,2.04192e-10,2.04192e-10,2.04192e-10,29.9576,1.868333,8.71524e-06,91.0947
cavity10,3,76367,2597,2597,0,r,1,0,29.405853,8,62,71080,5287,93.077,36168,40199,47.361,7396,68971,9.685,55.937153,63.253567,69.518463,63.423744,56.828064,56.596767,59.596226,0.884332,0.804637,0.881959,0.984323,0.988345,0.938602,0,5.35493e-08,1.23736e-08,4.34148e-10,2.32249e-10,2.32249e-10,2.32249e-10,29.97168,1.866334,8.80078e-06,93.4257
bcsstk12,3,34241,1473,1473,1,r,1,0,23.245757,2,33,5308,28933,15.502,12124,22117,35.408,0,34241,0.0,30.042433,32.603935,36.750591,36.784161,30.249599,30.145248,30.830624,0.921436,0.817468,0.816722,0.993151,0.996589,0.974435,0,4.47073e-08,1.41783e-14,1.23641e-10,0.0,0.0,0.0,16.58816,1.811077,6.46894e-06,49.3771
scrs8-2c_a_4,2,3719,924,1771,0,r,1,0,4.024892,1,15,1035,2684,27.83,390,3329,10.487,12,3707,0.323,5.517536,6.22432,6.460096,6.216064,5.609696,5.626368,5.763296,0.886448,0.854095,0.887625,0.983571,0.980657,0.957358,0,3.55186e-08,1.73655e-09,1.98008e-10,1.2343e-10,1.2343e-10,1.2343e-10,4.935456,1.117939,6.95285e-06,39.5349
spacestation_13,2,23649,1617,1617,1,r,1,0,14.625232,1,211,14799,8850,62.578,12189,11460,51.541,1419,22230,6.0,17.789087,20.396353,20.639423,20.175936,17.426176,17.432961,18.809248,0.87217,0.861898,0.881698,1.020826,1.020428,0.945763,0,4.78542e-08,7.97926e-10,2.32671e-10,5.68898e-10,5.68898e-10,5.68898e-10,11.081248,1.605332,7.11778e-06,63.7723
ex8,3,106344,3096,3096,0,r,1,0,34.348837,12,75,54332,52012,51.091,68421,37923,64.339,31980,74364,30.072,74.014816,75.879204,84.98381,81.981277,73.527328,72.7976,77.046303,0.97543,0.870928,0.902826,1.00663,1.016721,0.960654,0,4.77567e-08,2.32465e-14,1.31798e-10,6.25836e-14,6.2693e-14,6.22062e-14,36.166145,2.046522,8.58233e-06,258.748
well1033,3,4732,1033,320,0,r,1,0,4.580833,3,5,4720,12,99.746,447,4285,9.446,0,4732,0.0,5.710656,6.039424,6.368032,6.425056,5.746784,5.737664,5.818144,0.945563,0.896769,0.88881,0.993713,0.995293,0.981525,0,4.16183e-08,4.13709e-08,6.03199e-10,0.0,0.0,0.0,5.137216,1.111625,7.14666e-06,36.1488
scrs8-2c_a_5,2,7367,1820,3499,0,r,1,0,4.047802,1,15,2059,5308,27.949,774,6593,10.506,12,7355,0.163,8.73216,9.830496,11.352,9.778752,8.822432,8.826976,8.927264,0.888273,0.769218,0.892973,0.989768,0.989258,0.978145,0,3.49927e-08,3.51525e-09,2.36131e-10,1.43667e-10,1.43667e-10,1.43667e-10,6.94848,1.256701,6.1038e-06,43.2002
lung1,3,7419,1650,1650,0,r,1,0,4.496364,2,8,6181,1238,83.313,6236,1183,84.054,6223,1196,83.879,7.821088,8.406976,10.273696,9.131168,8.372448,8.268864,9.048992,0.930309,0.761273,0.856527,0.934146,0.945848,0.864305,0,5.38778e-08,1.3036e-10,1.61302e-10,1.52949e-10,1.52949e-10,1.52949e-10,5.435232,1.438961,6.15358e-06,39.9953
pde900,2,4380,900,900,0,r,1,0,4.866667,3,5,870,3510,19.863,226,4154,5.16,0,4380,0.0,5.288992,5.68112,7.018048,5.782464,5.241024,5.254144,5.271072,0.930977,0.753627,0.914661,1.009152,1.006632,1.0034,0,5.14131e-08,3.86369e-09,4.33352e-10,0.0,0.0,0.0,3.81904,1.384901,7.65963e-06,32.675
dw1024,3,10114,2048,2048,0,r,1,0,4.938477,3,8,10114,0,100.0,3063,7051,30.285,1168,8946,11.548,9.178048,9.875872,10.822016,11.129792,9.373216,9.346464,9.730528,0.929341,0.84809,0.824638,0.979178,0.981981,0.943222,0,4.24489e-08,4.24489e-08,6.18364e-10,1.47348e-08,1.47348e-08,1.47348e-08,7.259552,1.264272,6.84118e-06,39.1633
heart2,1,682797,2339,2339,0,r,1,0,291.918341,56,603,34456,648341,5.046,300788,382009,44.052,1771,681026,0.259,148.865982,145.968323,149.972321,141.710617,149.971848,146.067673,149.37616,1.019851,0.992623,1.050493,0.992626,1.019158,0.996585,0,4.36488e-08,3.94134e-12,2.04093e-10,6.80275e-12,6.80274e-12,6.80266e-12,92.510208,1.609184,1.5688e-05,701.286
extr1b_a_25,3,9053,2836,2836,0,r,1,0,3.192172,1,10,3513,5540,38.805,8564,489,94.598,8397,656,92.754,7.247904,8.42432,9.802944,8.562112,8.275072,8.015008,9.027872,0.860355,0.73936,0.846509,0.875872,0.904292,0.802836,0,5.07496e-08,2.20408e-12,7.2854e-11,1.39897e-09,1.39897e-09,1.39897e-09,6.241312,1.161279,7.27844e-06,60.5184
nemspmm2,3,68225,2301,8734,0,r,1,0,29.650152,1,633,34162,34063,50.073,52896,15329,77.532,47130,21095,69.08,50.29203,57.63459,60.113663,58.941505,56.23341,56.074623,57.149567,0.872602,0.836616,0.853253,0.894344,0.896877,0.880007,0,2.92053e-08,1.02089e-10,1.83367e-10,3.29171e-09,3.29171e-09,3.29171e-09,26.690912,1.884238,1.57828e-05,150.012
adder_dcop_67,3,11246,1813,1813,0,r,1,0,6.202978,1,1310,11228,18,99.84,7876,3370,70.034,3340,7906,29.699,19.421984,22.996704,23.479168,23.212353,22.496511,19.721439,23.617409,0.844555,0.827201,0.836709,0.863333,0.984816,0.822359,0,2.16152e-08,1.3846e-09,3.14971e-12,2.06036e-08,2.06036e-08,2.06036e-08,15.523904,1.251102,9.0134e-06,172.615
extr1b_a_39,3,9052,2836,2836,0,r,1,0,3.191819,1,10,3511,5541,38.787,8563,489,94.598,8396,656,92.753,7.257408,8.460416,9.80656,8.576928,8.279296,8.008192,9.0352,0.857807,0.740056,0.846155,0.876573,0.906248,0.803237,0,4.22534e-08,2.43362e-12,6.92834e-11,5.10339e-09,5.10339e-09,5.10339e-09,6.237728,1.16347,6.44257e-06,43.3145
adder_dcop_32,3,11246,1813,1813,0,r,1,0,6.202978,1,1310,11228,18,99.84,7838,3408,69.696,3266,7980,29.041,19.427809,23.011904,23.470367,23.00816,22.436224,19.715521,23.62064,0.84425,0.827759,0.844388,0.865913,0.985407,0.822493,0,2.80099e-08,2.30709e-09,2.90037e-12,2.50839e-08,2.50839e-08,2.50839e-08,15.569824,1.247786,4.71316e-06,174.107
dw256b,3,2500,512,512,0,r,1,0,4.882812,3,8,2500,0,100.0,1092,1408,43.68,536,1964,21.44,3.80176,3.888704,5.251776,4.35728,3.919296,3.828768,4.301504,0.977642,0.7239,0.872508,0.970011,0.992946,0.883821,0,4.19223e-08,4.19223e-08,4.71441e-10,2.10476e-08,2.10476e-08,2.10476e-08,3.796224,1.001458,7.54501e-06,32.1092
small_a_12,3,3300,705,1428,0,r,1,0,4.680851,2,19,1437,1863,43.545,2809,491,85.121,2219,1081,67.242,4.78368,5.278528,6.582784,5.68416,4.987488,4.88992,5.3768,0.906253,0.726696,0.841581,0.959136,0.978274,0.889689,0,3.60355e-08,4.39792e-11,1.41764e-10,3.35576e-08,3.35576e-08,3.35576e-08,3.473856,1.377052,6.19986e-06,36.6564
extr1b_a_09,3,9053,2836,2836,0,r,1,0,3.192172,1,10,3507,5546,38.739,8564,489,94.598,8397,656,92.754,7.239648,8.413952,9.789792,8.563072,8.255616,8.010848,9.028384,0.860434,0.73951,0.84545,0.876936,0.903731,0.801876,0,4.78147e-08,2.29812e-12,6.43653e-11,6.32901e-10,6.32901e-10,6.32901e-10,6.216096,1.164662,6.59125e-06,43.3619
adder_dcop_18,3,11246,1813,1813,0,r,1,0,6.202978,1,1310,11228,18,99.84,7710,3536,68.558,3134,8112,27.868,19.407871,22.983969,24.570112,23.310495,22.388927,19.656033,23.609856,0.844409,0.789898,0.832581,0.866851,0.987375,0.822024,0,2.60239e-08,6.10855e-09,1.93597e-11,2.55622e-08,2.55622e-08,2.55622e-08,14.638432,1.325816,4.42369e-06,172.592
scagr7-2c_a_1,1,605,167,239,0,r,1,0,3.622754,1,10,143,462,23.636,0,605,0.0,1,604,0.165,2.365824,2.508736,3.406272,2.403456,2.812128,2.77008,2.775744,0.943034,0.694549,0.984343,0.841293,0.854063,0.852321,0,4.02605e-08,6.8044e-09,0.0,4.22629e-10,4.22629e-10,4.22629e-10,3.24336,0.729436,5.64341e-06,34.7785
plddb_a_09,3,10829,3069,5049,0,r,1,0,3.528511,1,9,2475,8354,22.855,2475,8354,22.855,1107,9722,10.223,7.931136,9.828096,10.977632,10.93648,7.864928,7.857056,9.54096,0.806986,0.722482,0.7252,1.008418,1.009428,0.831272,0,3.70807e-08,1.08128e-10,1.08128e-10,3.50416e-10,3.50416e-10,3.50416e-10,6.719328,1.180347,6.46018e-06,45.0851
rail_1357_b,3,173,1357,7,0,r,1,1184,0.127487,0,1,173,0,100.0,0,173,0.0,173,0,100.0,2.466688,2.728928,2.78096,2.70768,2.275296,2.258304,2.760288,0.903904,0.886991,0.910997,1.084117,1.092274,0.893634,0,3.53666e-08,3.53666e-08,0.0,3.53666e-08,3.53666e-08,3.53666e-08,3.200352,0.770755,3.22653e-06,31.109
chem97ztz,3,7361,2541,2541,1,r,1,0,2.896891,2,101,0,7361,0.0,686,6675,9.319,686,6675,9.319,7.5248,8.485344,7.852096,8.941984,8.013664,7.660416,8.848864,0.8868,0.958317,0.841513,0.938996,0.982296,0.850369,0,3.47526e-08,0.0,1.57133e-10,6.10495e-10,6.10495e-10,6.10495e-10,6.82144,1.10311,1.03273e-05,43.7864
m20pi_n1,2,2547,1028,1028,0,r,1,1,2.477626,0,8,503,2044,19.749,476,2071,18.689,30,2517,1.178,3.727936,3.834272,5.179904,4.174496,3.618752,3.761792,3.979936,0.972267,0.719692,0.893027,1.030172,0.991,0.936682,0,2.83745e-08,4.19989e-09,4.41014e-11,4.42795e-09,4.42795e-09,4.42795e-09,3.841824,0.970356,5.74462e-06,33.8221
ex29,2,23754,2870,2870,0,r,1,0,8.276655,1,9,23575,179,99.246,8986,14768,37.829,2393,21361,10.074,25.588896,27.790209,29.118015,30.281376,25.741377,25.785856,27.106016,0.920788,0.878799,0.845037,0.994076,0.992362,0.94403,0,2.68493e-08,5.33266e-09,2.324e-10,2.63155e-08,2.63155e-08,2.63155e-08,15.289408,1.673636,3.49969e-06,45.1879
cdde2,3,4681,961,961,0,r,1,0,4.870968,3,5,1860,2821,39.735,0,4681,0.0,0,4681,0.0,5.371392,5.86928,6.995808,5.593248,5.40176,5.36944,5.413152,0.91517,0.767801,0.960335,0.994378,1.000363,0.992285,0,3.7956e-08,4.22754e-09,0.0,0.0,0.0,0.0,4.750464,1.130709,7.15239e-06,33.7846
small_a_11,3,3322,711,1433,0,r,1,0,4.672293,2,19,1443,1879,43.438,2818,504,84.828,2189,1133,65.894,4.778784,5.219456,6.38224,5.578688,5.056416,4.980448,5.430272,0.915571,0.748763,0.856614,0.945093,0.959509,0.880027,0,3.97863e-08,4.21897e-11,1.44468e-10,3.88821e-08,3.88821e-08,3.88821e-08,4.515328,1.058347,5.96138e-06,38.3956
rdist3a,3,61896,2398,2398,0,r,1,0,25.81151,1,93,56972,4924,92.045,54606,7290,88.222,32238,29658,52.084,54.383007,60.721088,62.857311,64.160637,57.396671,57.006306,59.232544,0.89562,0.865182,0.847607,0.947494,0.953982,0.918127,0,5.0604e-08,2.72571e-10,8.44764e-11,4.4525e-10,4.4525e-10,4.4525e-10,28.835745,1.885958,9.49798e-06,88.4366
adder_dcop_35,3,11246,1813,1813,0,r,1,0,6.202978,1,1310,11228,18,99.84,7803,3443,69.385,3247,7999,28.872,19.430304,22.979616,24.647137,23.206688,22.525633,19.741024,23.624577,0.845545,0.788339,0.837272,0.862586,0.98426,0.822461,0,2.81096e-08,3.01649e-09,5.93197e-12,2.75056e-08,2.75056e-08,2.75056e-08,14.65968,1.325425,5.32683e-06,171.698
lp_greenbeb,3,31070,2392,5598,0,r,1,3,12.98913,0,275,14015,17055,45.108,5119,25951,16.476,738,30332,2.375,24.964737,28.919872,31.882113,27.89904,25.325888,25.122496,26.041248,0.863238,0.783033,0.894824,0.98574,0.99372,0.958661,0,5.44535e-08,9.39454e-09,4.77232e-10,1.28485e-09,1.28485e-09,1.28485e-09,14.627744,1.70667,7.01467e-06,90.8759
adder_dcop_26,3,11246,1813,1813,0,r,1,0,6.202978,1,1310,11228,18,99.84,7612,3634,67.686,2696,8550,23.973,19.425695,22.981279,24.246784,23.223104,22.32048,19.603424,23.589952,0.845283,0.801166,0.836481,0.870308,0.990934,0.823473,0,2.55623e-08,8.43933e-09,1.52845e-11,2.13319e-08,2.13319e-08,2.13319e-08,14.64944,1.326037,7.47076e-06,172.037
s40pi_n,3,5341,2182,2182,0,r,1,0,2.447754,1,12,961,4380,17.993,934,4407,17.487,23,5318,0.431,5.4032,5.799168,7.325504,6.362048,5.377568,5.35088,5.436672,0.93172,0.737588,0.849286,1.004767,1.009778,0.993843,0,6.96896e-08,1.57536e-09,1.46809e-11,6.36946e-10,6.36946e-10,6.36946e-10,5.231488,1.032823,7.32284e-06,33.9743
extr1b_a_13,3,9053,2836,2836,0,r,1,0,3.192172,1,10,3509,5544,38.761,8564,489,94.598,8397,656,92.754,7.230528,8.414112,10.730624,8.594656,8.297184,8.001376,9.028096,0.859333,0.673822,0.841282,0.871444,0.903661,0.800892,0,4.46815e-08,2.70341e-12,7.28736e-11,2.74006e-09,2.74006e-09,2.74006e-09,6.236864,1.159321,9.24385e-06,41.7554
adder_dcop_15,3,11246,1813,1813,0,r,1,0,6.202978,1,1310,11228,18,99.84,7585,3661,67.446,3060,8186,27.21,19.413729,22.992512,23.48912,23.217505,22.413568,19.650305,23.63488,0.84435,0.826499,0.836168,0.86616,0.987961,0.821402,0,1.83135e-08,4.61802e-09,2.82859e-11,1.69715e-08,1.69715e-08,1.69715e-08,15.510432,1.251656,2.12315e-05,171.94
model5,3,89925,1888,11802,0,r,1,144,47.629767,0,307,39804,50121,44.264,32419,57506,36.051,12912,77013,14.359,53.458431,51.913406,57.902527,55.65757,50.567455,50.180801,53.635777,1.029762,0.923249,0.960488,1.057171,1.065316,0.996694,0,3.61433e-08,1.09443e-09,3.64445e-10,1.6336e-10,1.6336e-10,1.6336e-10,28.67696,1.86416,1.17897e-05,118.144
small_a_02,3,3144,687,1413,0,r,1,0,4.576419,2,21,1322,1822,42.048,2623,521,83.429,2031,1113,64.599,4.72144,5.08336,6.253056,5.53184,4.877152,4.859296,5.384448,0.928803,0.755061,0.853503,0.968073,0.97163,0.876866,0,3.30768e-08,3.95976e-11,1.54236e-10,3.17147e-08,3.17147e-08,3.17147e-08,4.376288,1.078869,6.94382e-06,35.4903
tols1090,3,3546,1090,1090,0,r,1,0,3.253211,1,90,484,3062,13.649,3336,210,94.078,3546,0,100.0,4.440576,5.21712,6.33712,5.369696,5.104672,5.016672,5.113536,0.851155,0.700725,0.82697,0.869904,0.885164,0.868396,0,3.65874e-08,2.06838e-14,2.70723e-11,3.65874e-08,3.65874e-08,3.65874e-08,4.677568,0.949334,5.24281e-06,41.1237
illc1850,2,8758,1850,712,0,r,1,0,4.734054,3,5,8751,7,99.92,678,8080,7.741,0,8758,0.0,8.39488,9.234016,9.504992,9.844672,8.411136,8.412064,8.660096,0.909126,0.883208,0.852733,0.998067,0.997957,0.969375,0,4.41563e-08,4.39822e-08,6.42197e-10,0.0,0.0,0.0,6.79824,1.234861,6.85431e-06,39.8744
tols2000,3,5184,2000,2000,0,r,1,0,2.592,1,90,485,4699,9.356,4801,383,92.612,5184,0,100.0,5.279456,5.821856,7.206784,6.084352,5.854176,5.71264,5.797632,0.906834,0.732568,0.867711,0.901827,0.924171,0.910623,0,3.81348e-08,6.27811e-15,2.52087e-11,3.81348e-08,3.81348e-08,3.81348e-08,4.9808,1.059961,5.00836e-06,40.7281
lpi_greenbea,3,31074,2393,5596,0,r,1,3,12.985374,0,275,14017,17057,45.108,5119,25955,16.474,738,30336,2.375,24.927904,28.886433,30.84432,27.857504,25.412449,25.168673,26.103968,0.862962,0.808185,0.894836,0.980933,0.990434,0.954947,0,4.28693e-08,9.65335e-09,4.78755e-10,1.34965e-09,1.34965e-09,1.34965e-09,14.649504,1.701621,2.31835e-05,92.4839
reorientation_7,3,37150,3057,3057,1,r,1,0,12.152437,1,2872,29023,8127,78.124,36931,219,99.41,37150,0,100.0,34.171806,41.58992,42.731071,42.828575,41.053791,40.802914,41.673119,0.821637,0.799695,0.797874,0.832367,0.837484,0.819996,0,1.56563e-08,4.6999e-15,9.37457e-13,1.56563e-08,1.56563e-08,1.56563e-08,21.64192,1.578964,1.14507e-06,214.296
m40pi_n1_e,3,2028,2028,2028,1,r,1,0,1.0,1,1,2028,0,100.0,1205,823,59.418,2028,0,100.0,3.237568,3.302848,3.314848,3.802304,3.310752,3.290176,3.312512,0.980235,0.976687,0.851475,0.977895,0.984011,0.977375,0,1.96033e-08,1.96033e-08,1.56493e-10,1.96033e-08,1.96033e-08,1.96033e-08,3.716768,0.871071,3.60178e-06,31.7732
lp_80bau3b,3,23264,2262,12061,0,r,1,0,10.284704,1,113,5445,17819,23.405,1686,21578,7.247,204,23060,0.877,22.49728,25.421856,25.827072,24.144672,22.550625,22.449184,23.159391,0.884958,0.871074,0.93177,0.997634,1.002142,0.971411,0,1.98769e-08,2.53299e-09,1.03186e-10,2.0602e-10,2.0602e-10,2.0602e-10,13.60432,1.653687,2.36683e-06,64.0572
plddb_a_11,2,10835,3069,5049,0,r,1,0,3.530466,1,9,2475,8360,22.843,2475,8360,22.843,1107,9728,10.217,7.902464,9.838336,10.97872,10.950144,7.860128,7.860576,9.591872,0.803232,0.719798,0.721677,1.005386,1.005329,0.823871,0,3.90457e-08,9.9924e-11,9.9924e-11,3.20815e-10,3.20815e-10,3.20815e-10,6.768992,1.167451,6.57909e-06,46.8804
bp_200,3,3802,822,822,0,r,1,0,4.625304,1,283,1092,2710,28.722,807,2995,21.226,507,3295,13.335,6.020288,7.492224,7.441888,6.906432,6.896928,6.417504,6.906464,0.803538,0.808973,0.871693,0.872894,0.938104,0.871689,0,3.33975e-08,5.91395e-10,2.20164e-10,1.42819e-09,1.42819e-09,1.42819e-09,5.377184,1.119599,8.18395e-06,61.2185
nasa2146,3,72250,2146,2146,1,r,1,0,33.667288,14,36,2,72248,0.003,21406,50844,29.628,0,72250,0.0,48.086239,55.249088,49.864639,52.919392,48.472416,48.179424,49.143105,0.870354,0.964335,0.90867,0.992033,0.998066,0.978494,0,4.25541e-08,2.30131e-15,4.53037e-10,0.0,0.0,0.0,27.203169,1.76767,9.08881e-06,51.5817
rdb800l,3,4640,800,800,0,r,1,0,5.8,4,6,0,4640,0.0,0,4640,0.0,0,4640,0.0,4.858496,5.30144,6.003456,4.919552,4.86576,4.835456,4.862784,0.916448,0.809283,0.987589,0.998507,1.004765,0.999118,0,4.40807e-08,0.0,0.0,0.0,0.0,0.0,3.53616,1.373947,7.25538e-06,32.5734
adder_dcop_30,3,11246,1813,1813,0,r,1,0,6.202978,1,1310,11228,18,99.84,7846,3400,69.767,3272,7974,29.095,19.418688,22.983007,23.467072,23.233952,22.434561,19.708351,23.655872,0.844915,0.827487,0.835789,0.86557,0.985303,0.820882,0,2.44802e-08,1.91356e-09,6.87407e-12,2.35707e-08,2.35707e-08,2.35707e-08,15.507264,1.252232,4.40968e-06,177.267
cdde3,2,4681,961,961,0,r,1,0,4.870968,3,5,1860,2821,39.735,0,4681,0.0,0,4681,0.0,5.357632,5.882176,6.46848,5.603136,5.384608,5.460544,5.508736,0.910825,0.828268,0.956185,0.99499,0.981154,0.97257,0,3.7591e-08,1.13283e-08,0.0,0.0,0.0,0.0,4.936864,1.08523,7.59692e-06,31.5061
qrpivot,3,3808,660,749,0,r,1,0,5.769697,1,16,2176,1632,57.143,1352,2456,35.504,488,3320,12.815,4.819584,5.394784,6.450432,5.664352,4.915072,4.893664,5.424768,0.893378,0.747172,0.850862,0.980572,0.984862,0.888441,0,4.02149e-08,9.81805e-09,6.68661e-10,3.24646e-09,3.24646e-09,3.24646e-09,3.515968,1.37077,7.04523e-06,35.1544
extr1b_a_20,3,9053,2836,2836,0,r,1,0,3.192172,1,10,3511,5542,38.783,8564,489,94.598,8397,656,92.754,7.254368,8.412672,9.818976,8.576992,8.238144,8.012032,9.041248,0.862314,0.738811,0.845794,0.880583,0.905434,0.802364,0,4.38474e-08,2.34714e-12,6.31341e-11,8.98804e-09,8.98804e-09,8.98804e-09,6.23872,1.162797,7.05711e-06,41.4826
yaleb_10nn,3,34808,2414,2414,1,r,1,0,14.419221,10,53,34808,0,100.0,2,34806,0.006,0,34808,0.0,24.013121,27.404768,28.304512,24.945345,24.158432,24.070145,24.721088,0.876239,0.848385,0.962629,0.993985,0.997631,0.971362,0,4.45658e-08,4.45658e-08,1.20846e-11,0.0,0.0,0.0,14.163584,1.695413,8.25399e-06,50.9657
bwm2000,3,7996,2000,2000,0,r,1,0,3.998,3,4,0,7996,0.0,2000,5996,25.013,0,7996,0.0,5.178752,5.354272,5.300896,6.152512,5.026912,4.902944,5.114304,0.967219,0.976958,0.84173,1.030205,1.056254,1.012601,0,3.72105e-08,0.0,3.55625e-12,0.0,0.0,0.0,4.711648,1.099138,6.09446e-06,33.7415
m40pi_n_e,3,2063,2182,2182,1,r,1,119,0.945463,0,1,2063,0,100.0,1214,849,58.846,2063,0,100.0,3.137696,3.432448,4.694624,3.865088,3.501664,3.323232,3.688992,0.914128,0.668359,0.811805,0.896059,0.94417,0.850556,0,2.31932e-08,2.31932e-08,1.91416e-10,2.31932e-08,2.31932e-08,2.31932e-08,2.84448,1.103082,5.45076e-06,32.182
s40pi_n_e,3,2063,2182,2182,1,r,1,119,0.945463,0,1,2063,0,100.0,1214,849,58.846,2063,0,100.0,3.27248,3.432896,4.146336,3.846976,3.50304,3.328352,3.701088,0.953271,0.789246,0.850663,0.934183,0.983213,0.884194,0,3.44734e-08,3.44734e-08,2.57427e-10,3.44734e-08,3.44734e-08,3.44734e-08,3.748896,0.872918,3.09686e-06,29.8789
reorientation_6,3,37342,3006,3006,1,r,1,0,12.422488,1,2824,28824,8518,77.189,37162,180,99.518,37342,0,100.0,33.484608,40.883457,41.885216,41.986496,40.247585,40.072159,40.911263,0.819026,0.799437,0.797509,0.831966,0.835608,0.818469,0,7.04292e-08,1.69174e-14,1.29669e-11,7.04292e-08,7.04292e-08,7.04292e-08,21.121857,1.585306,2.47162e-06,216.769
nos7,3,4617,729,729,1,r,1,0,6.333333,4,7,2069,2548,44.813,4401,216,95.322,4239,378,91.813,4.762816,5.029056,5.846464,4.978144,5.070848,4.907488,5.017376,0.94706,0.814649,0.956745,0.939254,0.97052,0.949264,0,4.67892e-08,1.80418e-15,1.81147e-11,1.79797e-11,1.79797e-11,1.79797e-11,4.326464,1.100856,6.57101e-06,31.6254
sherman4,3,3786,1104,1104,0,r,1,0,3.429348,1,7,5,3781,0.132,1,3785,0.026,558,3228,14.739,4.329536,4.870304,5.168896,4.345952,4.308096,4.196608,4.851456,0.888966,0.837613,0.996223,1.004977,1.031675,0.89242,0,4.72827e-08,5.72237e-11,5.3431e-11,1.32518e-09,1.32518e-09,1.32518e-09,4.212672,1.027741,7.51751e-06,35.7789
extr1b_a_19,3,11404,2836,2836,0,r,1,0,4.021157,1,10,10623,781,93.152,10451,953,91.643,10213,1191,89.556,12.794464,14.512832,16.302496,15.430976,14.32048,14.227712,15.341312,0.881597,0.784816,0.829142,0.893438,0.899264,0.833988,0,3.94774e-08,6.38541e-11,1.99996e-11,8.15955e-10,8.15955e-10,8.15955e-10,9.416224,1.358768,1.37372e-05,42.32
extr1b_a_23,3,9052,2836,2836,0,r,1,0,3.191819,1,10,3512,5540,38.798,8563,489,94.598,8396,656,92.753,7.245344,8.405728,10.640576,8.58512,8.285536,8.007968,9.060672,0.861953,0.680917,0.843942,0.874457,0.904767,0.799648,0,3.51885e-08,2.1875e-12,6.97747e-11,9.27933e-09,9.27933e-09,9.27933e-09,6.31664,1.147025,7.00778e-06,41.791
piston_b,3,11,2025,1,0,r,1,2014,0.005432,0,1,11,0,100.0,1,10,9.091,11,0,100.0,2.43392,2.510656,3.240512,2.775456,2.249888,2.210272,2.768448,0.969436,0.751091,0.876944,1.081796,1.101186,0.879164,0,4.0972e-08,4.0972e-08,3.52298e-10,4.0972e-08,4.0972e-08,4.0972e-08,3.232512,0.75295,3.18902e-06,30.0961
bcsstk13,3,83883,2003,2003,1,r,1,0,41.878682,5,95,15504,68379,18.483,72181,11702,86.05,43506,40377,51.865,46.663391,53.458752,54.352417,56.229504,50.392384,50.172127,52.142975,0.872886,0.858534,0.829874,0.926001,0.930066,0.894912,0,4.46578e-08,1.76021e-14,6.80902e-11,4.88137e-11,4.88137e-11,4.88137e-11,25.542784,1.826872,9.25964e-06,63.3245
lp_d2q06c,3,33081,2171,5831,0,r,1,0,15.237678,1,144,15289,17792,46.217,25164,7917,76.068,21999,11082,66.5,22.8624,26.883713,28.887712,28.153376,25.818399,25.730783,27.009888,0.850418,0.791423,0.812066,0.885508,0.888523,0.846446,0,4.87393e-08,2.02143e-10,3.77025e-10,3.57707e-10,3.57707e-10,3.57707e-10,13.683264,1.670829,6.56225e-06,73.8577
ex20,3,69981,2203,2203,0,r,1,0,31.766228,8,67,69981,0,100.0,49287,20694,70.429,8798,61183,12.572,48.74691,55.016289,56.671009,56.349056,50.181183,49.936382,51.378143,0.886045,0.860174,0.865088,0.971418,0.97618,0.948787,0,4.34052e-08,4.34052e-08,7.29937e-11,3.39245e-11,3.39245e-11,3.39245e-11,26.51296,1.838607,7.98465e-06,157.008
plddb_a_07,3,10768,3069,5049,0,r,1,0,3.508635,1,9,2475,8293,22.985,2475,8293,22.985,1107,9661,10.28,7.896128,9.819552,11.834688,10.948704,7.8968,7.857088,9.527904,0.804123,0.667202,0.721193,0.999915,1.004969,0.828737,0,3.95683e-08,9.68936e-11,9.68936e-11,3.25647e-10,3.25647e-10,3.25647e-10,6.7168,1.175579,6.36168e-06,42.4708
ex26,3,94033,2163,2163,0,r,1,0,43.473417,7,136,89207,4826,94.868,60753,33280,64.608,7006,87027,7.451,53.282818,58.290657,62.967712,58.561951,54.280991,53.559551,55.063999,0.914088,0.846193,0.909854,0.981611,0.994833,0.967653,0,4.73058e-08,7.11545e-09,1.59429e-10,9.15196e-11,9.15196e-11,9.15196e-11,27.719393,1.922222,8.06525e-06,252.673
extr1b_a_41,3,9053,2836,2836,0,r,1,0,3.192172,1,10,3513,5540,38.805,8564,489,94.598,8397,656,92.754,7.252064,8.442048,9.809184,8.578464,8.282848,8.030432,9.06656,0.859041,0.739314,0.84538,0.875552,0.903073,0.799869,0,4.26128e-08,2.15595e-12,6.61458e-11,1.84803e-09,1.84803e-09,1.84803e-09,6.257056,1.159022,7.39519e-06,41.4088
extr1b_a_18,3,9052,2836,2836,0,r,1,0,3.191819,1,10,3512,5540,38.798,8565,487,94.62,8399,653,92.786,7.256416,8.397568,9.804608,8.565792,8.28944,8.063168,9.032768,0.864109,0.740103,0.847139,0.875381,0.899946,0.803344,0,4.25614e-08,2.21431e-12,6.44572e-11,6.02837e-10,6.02837e-10,6.02837e-10,6.273536,1.156671,7.92966e-06,47.6351
dataset22mfeatzernike_10nn,3,27414,2000,2000,1,r,1,0,13.707,10,40,27402,12,99.956,6,27408,0.022,0,27414,0.0,20.178944,22.830145,24.047552,20.95904,20.207359,20.105568,20.622368,0.883873,0.839127,0.96278,0.998594,1.00365,0.978498,0,3.50371e-08,3.50846e-08,2.89176e-11,0.0,0.0,0.0,12.445504,1.621384,8.13629e-06,46.0054
adder_dcop_66,3,11246,1813,1813,0,r,1,0,6.202978,1,1310,11228,18,99.84,7876,3370,70.034,3340,7906,29.699,19.390881,22.979073,24.18816,23.211329,22.455809,19.69952,23.60096,0.84385,0.801668,0.835406,0.863513,0.984333,0.821614,0,2.19038e-08,1.98416e-09,2.37182e-12,2.1634e-08,2.1634e-08,2.1634e-08,14.658016,1.322886,5.00371e-06,172.319
extr1b_a_21,3,11405,2836,2836,0,r,1,0,4.021509,1,10,10647,758,93.354,10391,1014,91.109,10258,1147,89.943,12.74976,14.510688,15.457952,15.273056,14.270944,14.189632,15.318688,0.878646,0.824803,0.834788,0.893407,0.898526,0.832301,0,4.95898e-08,4.49775e-11,5.45548e-12,2.75356e-09,2.75356e-09,2.75356e-09,9.409344,1.355011,2.60519e-06,50.654
adder_dcop_63,3,11246,1813,1813,0,r,1,0,6.202978,1,1310,11228,18,99.84,7876,3370,70.034,3340,7906,29.699,19.439104,22.989088,24.043713,23.190687,22.476192,19.730783,23.619232,0.84558,0.80849,0.838229,0.864875,0.985217,0.82302,0,2.32322e-08,1.81076e-09,2.4453e-12,2.30308e-08,2.30308e-08,2.30308e-08,15.5248,1.252132,2.84547e-06,169.581
adder_dcop_36,3,11246,1813,1813,0,r,1,0,6.202978,1,1310,11228,18,99.84,7826,3420,69.589,3255,7991,28.944,19.43152,23.010529,24.041952,23.192608,22.493441,19.685921,23.618273,0.844462,0.808234,0.837832,0.863875,0.987077,0.822732,0,2.68447e-08,1.66119e-09,4.35293e-12,2.4741e-08,2.4741e-08,2.4741e-08,15.50464,1.253271,4.3892e-06,169.713
lp_cre_c,3,15977,3068,6411,0,r,1,82,5.207627,0,317,45,15932,0.282,8,15969,0.05,11,15966,0.0689999999999999,13.933024,16.007296,15.41776,14.545792,13.89136,13.839264,14.339648,0.870417,0.9037,0.957873,1.002999,1.006775,0.971643,0,3.52087e-08,1.70876e-10,5.02037e-11,3.68027e-11,3.68027e-11,3.68027e-11,10.216256,1.363809,5.95972e-06,70.2332
nemscem,3,3840,651,1712,0,r,1,0,5.898618,1,137,2348,1492,61.146,0,3840,0.0,172,3668,4.479,4.856896,5.65376,5.493056,4.92752,4.984544,4.874528,5.204896,0.859056,0.884188,0.985667,0.974391,0.996383,0.93314,0,3.59358e-08,2.56608e-08,0.0,1.00245e-08,1.00245e-08,1.00245e-08,4.415968,1.099849,1.23235e-05,44.364
nos6,3,3255,675,675,1,r,1,0,4.822222,3,5,1676,1579,51.49,2661,594,81.751,2530,725,77.727,4.360992,4.814592,6.230848,4.860192,4.83632,4.752768,4.854784,0.905786,0.699903,0.897288,0.901717,0.917569,0.898288,0,4.13295e-08,5.82964e-16,3.77431e-13,1.61338e-09,1.61338e-09,1.61338e-09,3.291872,1.324776,7.34492e-06,30.009
extr1b_a_43,3,9053,2836,2836,0,r,1,0,3.192172,1,10,3511,5542,38.783,8564,489,94.598,8398,655,92.765,7.262784,8.422368,10.718272,8.574304,8.285408,8.009472,9.01392,0.862321,0.677608,0.847041,0.876575,0.906774,0.80573,0,4.40129e-08,2.20511e-12,6.80746e-11,3.11616e-09,3.11616e-09,3.11616e-09,6.22,1.16765,6.97455e-06,45.2203
adder_dcop_37,3,11246,1813,1813,0,r,1,0,6.202978,1,1310,11228,18,99.84,7826,3420,69.589,3259,7987,28.979,19.380257,23.000736,24.547009,22.991808,22.484833,19.695553,23.619743,0.842593,0.789516,0.84292,0.861926,0.983992,0.820511,0,2.80858e-08,1.74526e-09,6.43517e-12,2.79697e-08,2.79697e-08,2.79697e-08,14.649344,1.322944,1.20451e-05,172.588
adder_dcop_68,3,11246,1813,1813,0,r,1,0,6.202978,1,1310,11228,18,99.84,7876,3370,70.034,3340,7906,29.699,19.428673,23.013216,23.491585,23.212671,22.48288,19.700159,23.634752,0.84424,0.827048,0.836986,0.864154,0.986219,0.822038,0,2.49829e-08,4.99981e-09,1.67375e-12,1.82849e-08,1.82849e-08,1.82849e-08,15.51776,1.252028,4.70516e-06,170.86
circuit_1,3,35823,2624,2624,0,r,1,0,13.652058,1,2571,35750,73,99.796,35096,727,97.971,17396,18427,48.561,34.695713,39.863743,41.325153,41.317215,39.782974,36.972191,40.002209,0.870358,0.839579,0.83974,0.872125,0.938427,0.867345,0,2.3016e-08,1.55953e-09,3.19182e-11,1.73426e-08,1.73426e-08,1.73426e-08,23.003424,1.508285,7.2724e-06,301.898
small_a_10,3,3328,710,1433,0,r,1,0,4.687324,2,20,1457,1871,43.78,2826,502,84.916,2176,1152,65.385,4.82448,5.238784,6.475456,5.711552,4.9936,4.924224,5.537824,0.920916,0.745041,0.844688,0.966133,0.979744,0.871187,0,2.96392e-08,4.97964e-11,1.48245e-10,2.85145e-08,2.85145e-08,2.85145e-08,4.641248,1.039479,8.12901e-06,35.051
lns_511,3,2796,511,511,0,r,1,0,5.471624,1,11,1903,893,68.062,2586,210,92.489,2536,260,90.701,3.99568,4.373184,4.408992,4.566336,4.518592,4.35344,4.766176,0.913678,0.906257,0.87503,0.884275,0.917821,0.838341,0,3.32004e-08,4.0217e-18,2.18836e-11,4.04336e-11,4.04336e-11,4.04336e-11,3.91984,1.019348,7.00564e-06,31.5812
fs_680_2,1,2646,680,680,0,r,1,0,3.891176,1,8,350,2296,13.228,2383,263,90.06,2065,581,78.042,3.248128,3.292416,4.251136,3.378848,3.818944,3.769248,3.805248,0.986548,0.764061,0.961312,0.85053,0.861744,0.853592,0,3.49478e-08,3.85586e-19,7.20437e-11,5.92427e-11,5.92427e-11,5.92427e-11,2.454016,1.323597,7.96285e-06,38.4498
tsopf_fs_b9_c1_b,4,2453,2454,1,0,r,1,1,0.999593,0,1,2434,19,99.225,2426,27,98.899,2453,0,100.0,3.351904,3.803872,4.620512,3.662816,3.668032,3.688128,3.60624,0.881182,0.72544,0.915117,0.913815,0.908836,0.929473,0,5.65559e-08,1.1433e-11,5.18483e-12,5.65559e-08,5.65559e-08,5.65559e-08,3.869728,0.866186,4.79272e-06,36.3543
progas,3,8897,1650,1900,0,r,1,0,5.392121,1,18,3935,4962,44.228,8205,692,92.222,7490,1407,84.186,8.44288,9.53888,10.561408,10.387744,9.492608,9.404192,9.9376,0.885102,0.799409,0.812773,0.889416,0.897778,0.849589,0,3.92663e-08,1.23982e-11,8.59619e-11,3.86984e-08,3.86984e-08,3.86984e-08,6.668096,1.26616,6.39682e-06,37.4478
adder_dcop_08,3,11242,1813,1813,0,r,1,0,6.200772,1,1310,11223,19,99.831,6665,4577,59.287,1913,9329,17.017,19.396832,23.002625,24.188383,23.135777,22.341473,19.561953,23.356352,0.843244,0.801907,0.838391,0.868198,0.991559,0.830474,0,3.08696e-08,7.50701e-09,5.77454e-11,2.83105e-08,2.83105e-08,2.83105e-08,14.663936,1.322758,1.72385e-05,169.074
heart3,1,682797,2339,2339,0,r,1,0,291.918341,56,603,34248,648549,5.016,301007,381790,44.084,1903,680894,0.279,149.211807,145.889252,147.533051,141.389893,151.263229,145.534653,149.36586,1.022775,1.011379,1.055322,0.986438,1.025267,0.998969,0,4.51195e-08,3.52907e-12,1.84099e-10,4.16261e-12,4.16277e-12,4.16253e-12,92.904099,1.606084,1.24396e-05,680.874
adder_dcop_31,3,11246,1813,1813,0,r,1,0,6.202978,1,1310,11228,18,99.84,7858,3388,69.874,3308,7938,29.415,19.420641,22.998049,24.194689,23.187584,22.453407,19.68,23.607136,0.844447,0.802682,0.837545,0.864931,0.986821,0.82266,0,2.34016e-08,5.04533e-09,1.28088e-11,2.2072e-08,2.2072e-08,2.2072e-08,14.651808,1.325477,7.41338e-06,170.465
adder_dcop_13,3,11245,1813,1813,0,r,1,0,6.202427,1,1310,11227,18,99.84,7263,3982,64.589,2718,8527,24.171,19.450657,23.018272,23.46064,22.945057,22.440832,19.642529,23.629185,0.845009,0.829076,0.847706,0.866753,0.990232,0.823162,0,2.49081e-08,8.16421e-09,4.38564e-11,2.38387e-08,2.38387e-08,2.38387e-08,15.850592,1.227125,3.04746e-06,170.395
qh768,1,2934,768,768,0,r,1,0,3.820312,1,10,86,2848,2.931,2874,60,97.955,2926,8,99.727,3.286912,3.736032,4.851552,3.79616,3.835552,3.819456,3.810848,0.879787,0.677497,0.865852,0.856959,0.860571,0.862515,0,4.4397e-08,1.0822299999999999e-20,1.64125e-11,4.43864e-08,4.43864e-08,4.43864e-08,2.758688,1.191477,4.74348e-06,33.7123
dwa512,3,2480,512,512,0,r,1,0,4.84375,3,7,2408,72,97.097,520,1960,20.968,128,2352,5.161,3.798944,3.905792,4.648576,4.339264,3.83648,3.818304,4.255168,0.972644,0.817228,0.875481,0.990216,0.99493,0.892784,0,4.74126e-08,3.33844e-08,3.29924e-10,1.23266e-09,1.23266e-09,1.23266e-09,3.964608,0.958214,7.20543e-06,33.4765
reorientation_8,3,37894,3108,3108,1,r,1,0,12.192407,1,2920,29581,8313,78.062,37635,259,99.317,37894,0,100.0,34.465248,41.967712,43.937088,43.226433,41.37328,41.194336,42.039936,0.821232,0.784423,0.797319,0.833032,0.83665,0.819822,0,3.99951e-08,2.43415e-15,4.07351e-13,3.99951e-08,3.99951e-08,3.99951e-08,21.779327,1.582475,4.44689e-06,217.707
orani678_b,3,297,2529,86,0,r,1,2299,0.117438,0,2,67,230,22.559,9,288,3.03,181,116,60.943,2.785024,2.730176,2.911936,2.903456,2.607168,2.300032,2.939968,1.02009,0.956417,0.95921,1.068218,1.210863,0.947297,0,1.34597e-08,2.59591e-09,1.29028e-10,1.15178e-08,1.15178e-08,1.15178e-08,3.5216,0.790841,2.31998e-06,30.5184
extr1b_a_14,3,9052,2836,2836,0,r,1,0,3.191819,1,10,3508,5544,38.754,8563,489,94.598,8396,656,92.753,7.2528,8.411936,9.783072,8.586592,8.257024,7.988736,9.05312,0.862203,0.741362,0.844666,0.878379,0.907878,0.801138,0,5.25438e-08,2.58122e-12,6.84865e-11,9.617e-09,9.617e-09,9.617e-09,6.268768,1.156974,7.44801e-06,44.472
jendrec1,3,89608,2109,4228,0,r,1,0,42.488383,3,53,6625,82983,7.393,10824,78784,12.079,0,89608,0.0,54.567745,59.313023,62.765442,61.762848,55.019329,54.196064,55.223743,0.919996,0.869392,0.883504,0.991792,1.006858,0.988121,0,3.6598e-08,2.63309e-10,3.45033e-10,0.0,0.0,0.0,28.510529,1.913951,9.57185e-06,91.9045
tub1000,3,3996,1000,1000,0,r,1,0,3.996,3,4,501,3495,12.538,1000,2996,25.025,0,3996,0.0,3.528256,3.784768,4.615904,4.164832,3.609536,3.53216,3.544448,0.932225,0.764369,0.847154,0.977482,0.998895,0.995432,0,4.09091e-08,1.47559e-13,3.18706e-12,0.0,0.0,0.0,3.75536,0.939525,6.14818e-06,34.5006
freeflyingrobot_4,2,18218,2358,2358,1,r,1,0,7.726039,1,473,8306,9912,45.592,17495,723,96.031,17074,1144,93.72,14.8296,17.747681,19.110176,18.513697,17.364609,17.51392,18.096416,0.83558,0.776005,0.801007,0.854013,0.846732,0.819477,0,3.659e-08,5.67529e-14,2.14743e-11,7.01914e-09,7.01914e-09,7.01914e-09,10.42688,1.422247,7.55663e-06,82.2166
adder_dcop_38,3,11246,1813,1813,0,r,1,0,6.202978,1,1310,11228,18,99.84,7838,3408,69.696,3270,7976,29.077,19.430592,22.950848,24.320513,23.216703,22.445215,19.682976,23.628927,0.846618,0.798938,0.836923,0.86569,0.987178,0.822322,0,2.00301e-08,1.95424e-09,7.38991e-12,1.9774e-08,1.9774e-08,1.9774e-08,15.53968,1.250386,1.3199e-05,169.176
add20,3,17319,2395,2395,0,r,1,0,7.231315,2,124,17319,0,100.0,12550,4769,72.464,2064,15255,11.918,12.505344,14.848224,16.030209,16.483168,12.710976,12.51472,14.672352,0.842211,0.780111,0.758674,0.983823,0.999251,0.852307,0,4.7944e-08,4.7944e-08,1.10221e-10,1.43253e-08,1.43253e-08,1.43253e-08,8.553056,1.462091,6.92797e-06,116.586
plddb_a_04,2,10765,3069,5049,0,r,1,0,3.507657,1,9,2475,8290,22.991,2475,8290,22.991,1107,9658,10.283,7.840832,9.831232,11.744256,10.919104,7.848576,7.860288,9.510688,0.797543,0.667631,0.718084,0.999013,0.997525,0.824423,0,3.73877e-08,8.36669e-11,8.36669e-11,2.99579e-10,2.99579e-10,2.99579e-10,5.848832,1.340581,7.03638e-06,43.5219
adder_trans_01,3,14579,1814,1814,0,r,1,0,8.036935,1,1335,14559,20,99.863,2722,11857,18.671,273,14306,1.873,22.797377,25.7712,26.795263,26.388927,24.192448,22.815231,25.086176,0.884607,0.850799,0.863899,0.942334,0.999217,0.908763,0,3.41702e-08,8.80442e-09,1.03957e-10,2.06847e-08,2.06847e-08,2.06847e-08,15.355392,1.48465,9.46623e-06,172.187
scrs8-2c_a_2,4,983,252,475,0,r,1,0,3.900794,1,15,267,716,27.162,102,881,10.376,12,971,1.221,2.761664,2.924128,3.510656,2.774592,2.820128,2.77648,2.770528,0.94444,0.786652,0.995341,0.979269,0.994664,0.996801,0,3.03653e-08,2.29294e-09,2.55182e-10,6.00791e-10,6.00791e-10,6.00791e-10,3.473984,0.794956,6.7737e-06,31.9307
fxm3_6,3,57722,6200,12625,0,r,1,0,9.31,1,57,22066,35656,38.228,44544,13178,77.17,40615,17107,70.363,57.130527,65.03894,67.469315,68.429695,63.310303,63.275169,66.605408,0.878405,0.846763,0.834879,0.902389,0.90289,0.857746,0,3.57427e-08,2.10289e-10,5.36913e-10,5.11418e-09,5.11418e-09,5.11418e-09,32.037567,1.783236,8.12515e-06,122.842
nos2,0,4137,957,957,1,r,1,0,4.322884,2,5,0,4137,0.0,3182,955,76.916,2546,1591,61.542,5.341152,5.832544,5.57648,6.40528,5.771072,5.723136,6.399168,0.91575,0.9578,0.833867,0.925504,0.933256,0.834664,0,3.94027e-08,0.0,5.07828e-10,3.42976e-10,3.42976e-10,3.42976e-10,4.789632,1.115149,6.97674e-06,31.4438
adder_dcop_49,3,11246,1813,1813,0,r,1,0,6.202978,1,1310,11228,18,99.84,7860,3386,69.892,3319,7927,29.513,19.431681,22.98912,24.049248,23.175713,22.465536,19.663168,23.620577,0.845256,0.807995,0.83845,0.864955,0.988227,0.822659,0,2.74347e-08,4.024e-09,6.03599e-12,2.71493e-08,2.71493e-08,2.71493e-08,15.506304,1.253147,3.87031e-06,174.977
spaceshuttleentry_2,3,24073,1428,1428,1,r,1,0,16.857843,2,1323,14605,9468,60.67,10586,13487,43.975,839,23234,3.485,29.34672,31.940767,36.014305,36.003136,29.684769,29.663776,30.294497,0.918786,0.814863,0.815116,0.988612,0.989312,0.968715,0,4.25946e-08,1.89613e-09,3.94673e-10,5.6412e-11,5.6412e-11,5.6412e-11,16.516256,1.776838,8.51455e-06,107.531
extr1b_a_40,3,11404,2836,2836,0,r,1,0,4.021157,1,10,10625,779,93.169,10393,1011,91.135,10257,1147,89.942,12.738176,14.522112,15.956352,15.317088,14.289536,14.223424,15.364864,0.877157,0.798314,0.831632,0.891434,0.895577,0.829046,0,7.18493e-08,5.15036e-11,7.60047e-12,4.23424e-09,4.23424e-09,4.23424e-09,9.412704,1.353296,2.17595e-06,53.1823
olm2000,3,7996,2000,2000,0,r,1,0,3.998,2,6,2000,5996,25.013,2000,5996,25.013,2000,5996,25.013,6.04432,7.323008,8.019456,6.996192,5.910816,5.807488,7.149408,0.825388,0.753707,0.863944,1.022586,1.04078,0.845429,0,5.30529e-08,8.85678e-14,8.85678e-14,8.85678e-14,8.85678e-14,8.85678e-14,5.352768,1.129195,7.20941e-06,33.6867
rdb2048,2,12032,2048,2048,0,r,1,0,5.875,4,6,0,12032,0.0,0,12032,0.0,0,12032,0.0,9.167008,9.924896,10.424576,9.485632,9.04656,9.155264,9.392992,0.923638,0.879365,0.96641,1.013314,1.001283,0.975941,0,3.8767e-08,0.0,0.0,0.0,0.0,0.0,7.215072,1.270536,7.55157e-06,42.2266
m20pi_n1_e,4,1028,1028,1028,1,r,1,0,1.0,1,1,1028,0,100.0,612,416,59.533,1028,0,100.0,2.414944,2.628064,3.192256,2.690656,2.6512,2.638752,2.627168,0.918906,0.756501,0.89753,0.910887,0.915184,0.919219,0,4.04362e-08,4.04362e-08,2.9295e-10,4.04362e-08,4.04362e-08,4.04362e-08,3.113696,0.775588,4.57571e-06,30.4246
adder_dcop_01,3,11156,1813,1813,0,r,1,0,6.153337,1,1310,11138,18,99.839,10681,475,95.742,9167,1989,82.171,19.456512,23.029921,24.231424,23.622528,22.924864,20.130112,23.128832,0.844836,0.802945,0.823642,0.848708,0.966538,0.841223,0,3.04769e-08,1.93236e-10,6.94655e-11,3.03638e-08,3.03638e-08,3.03638e-08,15.56176,1.250277,9.10473e-06,170.344
ck656,3,3884,656,656,0,r,1,0,5.920732,2,10,3874,10,99.743,1861,2023,47.915,0,3884,0.0,4.679328,5.06832,5.259296,5.113728,4.780192,4.751648,4.805888,0.92325,0.889725,0.915052,0.9789,0.98478,0.973666,0,4.66611e-08,3.32531e-08,2.44154e-10,0.0,0.0,0.0,4.226528,1.107133,8.37165e-06,38.6136
spiral_e,1,1137732,1434,1434,0,r,1,0,793.39749,241,1434,1137732,0,100.0,1018220,119512,89.496,34264,1103468,3.012,218.480865,182.637756,184.401947,180.099548,212.158905,209.380615,216.283615,1.196252,1.184808,1.213112,1.029798,1.043463,1.010159,0,4.93564e-08,4.93564e-08,5.5451e-11,3.93075e-10,3.93075e-10,3.93075e-10,137.605087,1.587738,2.20677e-05,1010.88
tsopf_fs_b9_c1,2,25032,2454,2454,1,r,1,0,10.200489,1,1210,15743,9289,62.891,15687,9345,62.668,4279,20753,17.094,22.904127,25.178465,27.278175,26.539904,23.075712,23.117887,23.905376,0.909671,0.83965,0.863007,0.992564,0.990753,0.958116,0,4.99873e-08,3.01328e-11,3.12376e-12,5.5077e-09,5.5077e-09,5.5077e-09,13.04608,1.755633,5.42791e-06,35.7008
small_a_06,3,3317,717,1440,0,r,1,0,4.62622,2,21,1429,1888,43.081,2786,531,83.992,2049,1268,61.773,4.64976,5.288832,6.682688,5.536928,4.99904,4.905696,5.458208,0.879166,0.695792,0.839772,0.930131,0.947829,0.851884,0,4.49644e-08,3.82903e-11,1.56189e-10,4.37399e-08,4.37399e-08,4.37399e-08,3.488896,1.332731,5.87217e-06,39.5508
lp_bnl2,3,14996,2324,4486,0,r,1,0,6.452668,1,82,5003,9993,33.362,762,14234,5.081,65,14931,0.433,12.350592,14.720704,15.276576,13.661312,12.517984,12.397824,13.24096,0.838995,0.808466,0.904056,0.986628,0.99619,0.932757,0,3.12233e-08,1.88103e-09,1.35001e-10,2.32355e-10,2.32355e-10,2.32355e-10,9.132192,1.352424,6.49043e-06,62.3507
bp_400,3,4028,822,822,0,r,1,0,4.900243,1,295,1261,2767,31.306,939,3089,23.312,523,3505,12.984,5.963424,7.474944,7.793728,6.971552,6.883488,6.409856,6.92112,0.797788,0.765157,0.855394,0.866338,0.930352,0.861627,0,3.54807e-08,5.91624e-10,2.16382e-10,4.5555e-10,4.5555e-10,4.5555e-10,5.402016,1.103926,7.16864e-06,63.797
comsol,3,97645,1500,1500,0,r,1,0,65.096667,26,180,97645,0,100.0,28041,69604,28.717,0,97645,0.0,46.745377,48.866112,50.942272,47.994465,46.368706,45.883904,46.235264,0.956601,0.917615,0.973974,1.008123,1.018775,1.011033,0,4.42237e-08,4.42237e-08,2.07589e-10,0.0,0.0,0.0,23.352064,2.001766,9.37574e-06,120.214
nemspmm1,3,55867,2372,8903,0,r,1,10,23.552698,0,403,27496,28371,49.217,44397,11470,79.469,40043,15824,71.676,50.844769,57.483105,61.278111,59.034336,56.234558,55.799648,57.380322,0.884517,0.829738,0.861275,0.904155,0.911202,0.886101,0,2.66384e-08,1.15691e-10,1.92749e-10,1.10309e-09,1.10309e-09,1.10309e-09,27.732288,1.833414,2.06124e-05,143.036
nnc666,3,4044,666,666,0,r,1,0,6.072072,1,16,2038,2006,50.396,2886,1158,71.365,805,3239,19.906,4.686592,5.051456,5.385696,5.173504,4.842304,4.787776,5.26128,0.927771,0.870192,0.905884,0.967843,0.978866,0.89077,0,3.97764e-08,1.50933e-10,1.84581e-10,1.04576e-10,1.04576e-10,1.04576e-10,4.258176,1.10061,7.13614e-06,36.8881
adder_dcop_61,3,11246,1813,1813,0,r,1,0,6.202978,1,1310,11228,18,99.84,7876,3370,70.034,3340,7906,29.699,19.368065,22.984257,24.587776,23.215712,22.485216,19.72208,23.608448,0.842667,0.787711,0.834265,0.861369,0.98205,0.820387,0,2.0928e-08,5.14942e-09,5.1534e-12,2.06378e-08,2.06378e-08,2.06378e-08,14.662048,1.320966,7.31884e-06,171.255
adder_dcop_53,3,11246,1813,1813,0,r,1,0,6.202978,1,1310,11228,18,99.84,7875,3371,70.025,3337,7909,29.673,19.394209,22.967072,24.035135,23.197536,22.527296,19.719296,23.600832,0.844435,0.806911,0.836046,0.86092,0.983514,0.82176,0,2.55416e-08,2.25421e-09,8.47457e-12,2.53504e-08,2.53504e-08,2.53504e-08,15.5248,1.24924,9.33493e-06,171.787
rajat12,3,12926,1879,1879,0,r,1,0,6.879191,1,1195,10118,2808,78.276,7137,5789,55.214,22,12904,0.17,15.010336,19.194847,19.824863,19.045952,17.548639,15.344256,17.680767,0.781998,0.757147,0.788112,0.855356,0.978238,0.848964,0,2.34729e-08,6.94283e-10,3.30964e-11,3.74996e-11,3.74996e-11,3.74996e-11,11.812608,1.270705,1.80296e-05,164.493
ex3,3,52685,1821,1821,1,r,1,0,28.931906,8,62,8896,43789,16.885,11888,40797,22.564,0,52685,0.0,38.379425,42.695488,45.147457,46.036575,38.648449,38.484097,39.443008,0.898911,0.850091,0.833672,0.993039,0.99728,0.973035,0,4.46389e-08,1.7633e-14,3.22998e-10,0.0,0.0,0.0,21.197121,1.810596,8.46432e-06,57.4736
extr1b_a_38,3,9053,2836,2836,0,r,1,0,3.192172,1,10,3511,5542,38.783,8581,472,94.786,8416,637,92.964,7.245056,8.418272,10.837664,8.638176,8.238112,8.02016,9.030272,0.860635,0.668507,0.838725,0.879456,0.903356,0.802308,0,4.24646e-08,2.06e-12,6.88876e-11,2.39145e-09,2.39145e-09,2.39145e-09,5.35344,1.353346,5.56151e-06,43.6158
rajat19,4,5399,1157,1157,0,r,1,0,4.666379,1,338,4000,1399,74.088,3928,1471,72.754,3439,1960,63.697,6.819104,8.372032,8.78656,8.573888,9.36896,8.660576,7.801888,0.81451,0.776083,0.795334,0.72784,0.787373,0.874033,0,3.07208e-08,3.14558e-09,1.89624e-10,1.39709e-08,1.39709e-08,1.39709e-08,5.852608,1.165139,8.6285e-06,99.218
filter2d,2,10750,1668,1668,1,r,1,0,6.444844,3,9,10750,0,100.0,1184,9566,11.014,6,10744,0.0559999999999999,7.982208,8.79616,9.75104,9.722176,7.975008,8.0008,8.372608,0.907465,0.818601,0.821031,1.000903,0.997676,0.953372,0,4.57599e-08,4.57599e-08,5.39329e-10,3.0843e-10,3.0843e-10,3.0843e-10,6.34352,1.258325,7.93914e-06,35.9134
young3c,3,3988,841,841,0,r,1,0,4.741974,2,7,542,3446,13.591,542,3446,13.591,323,3665,8.099,4.954432,5.504672,5.75472,5.705952,5.094656,5.058176,5.368,0.900041,0.860934,0.868292,0.972476,0.97949,0.922957,0,4.26712e-08,4.9808e-15,4.9808e-15,2.30165e-09,2.30165e-09,2.30165e-09,4.718144,1.050081,6.87081e-06,34.4409
adder_dcop_04,3,11107,1813,1813,0,r,1,0,6.12631,1,1310,11088,19,99.829,6599,4508,59.413,1907,9200,17.169,19.426399,22.993248,23.447968,23.075872,22.268929,19.618849,23.288448,0.844874,0.82849,0.841849,0.872354,0.990191,0.834165,0,3.11776e-08,2.72473e-09,4.5519e-11,2.98937e-08,2.98937e-08,2.98937e-08,15.561184,1.248388,1.66724e-05,175.732
adder_dcop_52,3,11246,1813,1813,0,r,1,0,6.202978,1,1310,11228,18,99.84,7866,3380,69.945,3318,7928,29.504,19.425152,22.969088,24.233152,23.202816,22.382751,19.664543,23.65424,0.845708,0.801594,0.837189,0.867863,0.987826,0.821212,0,3.12327e-08,1.726e-09,3.52426e-12,3.11573e-08,3.11573e-08,3.11573e-08,14.666688,1.32444,1.15058e-05,169.811
plddb_a_05,2,10766,3069,5049,0,r,1,0,3.507983,1,9,2475,8291,22.989,2475,8291,22.989,1107,9659,10.282,7.88864,9.799072,11.009824,10.938528,7.863232,7.912096,9.530144,0.805039,0.716509,0.721179,1.003231,0.997035,0.827757,0,3.84517e-08,1.0677e-10,1.0677e-10,3.36642e-10,3.36642e-10,3.36642e-10,6.708032,1.175999,6.62185e-06,41.9315
rdb2048_nol,2,12032,2048,2048,0,r,1,0,5.875,4,6,0,12032,0.0,0,12032,0.0,0,12032,0.0,9.21968,9.927424,10.147104,9.471168,9.049952,9.14704,9.396512,0.928708,0.908602,0.973447,1.018755,1.007941,0.981181,0,4.07091e-08,0.0,0.0,0.0,0.0,0.0,7.213472,1.27812,7.3196e-06,36.6798
adder_dcop_20,3,11246,1813,1813,0,r,1,0,6.202978,1,1310,11228,18,99.84,7810,3436,69.447,3256,7990,28.953,19.405697,22.993408,24.278463,23.21648,22.410591,19.675585,23.648449,0.843968,0.799297,0.835859,0.865916,0.986283,0.820591,0,1.54751e-08,1.82443e-09,5.2352e-11,1.53496e-08,1.53496e-08,1.53496e-08,15.558272,1.247291,6.98816e-06,168.471
small_a_09,3,3342,712,1434,0,r,1,0,4.69382,2,21,1463,1879,43.776,2833,509,84.77,2159,1183,64.602,4.678112,5.316448,6.408896,5.73968,4.9832,4.896896,5.485664,0.879932,0.72994,0.815048,0.938777,0.955322,0.852789,0,3.42725e-08,4.39231e-11,1.45464e-10,3.26431e-08,3.26431e-08,3.26431e-08,4.506272,1.038134,7.4604e-06,39.4352
nasa2910,3,174296,2910,2910,1,r,1,0,59.895533,16,175,74966,99330,43.011,127188,47108,72.972,7705,166591,4.421,79.198013,91.846466,86.357666,91.42749,80.984222,79.681885,80.821892,0.862287,0.917093,0.866239,0.977944,0.993927,0.979908,0,6.03203e-08,1.92559e-14,1.46609e-10,2.65987e-11,2.65987e-11,2.65987e-11,45.599522,1.736817,8.66373e-06,125.104
bp_1400,3,4790,822,822,0,r,1,0,5.827251,1,311,1949,2841,40.689,1465,3325,30.585,581,4209,12.129,6.311264,7.748448,8.130016,7.369184,7.26976,6.728288,6.94768,0.81452,0.776292,0.85644,0.868153,0.938019,0.908399,0,5.16185e-08,7.14427e-10,2.93638e-10,4.71558e-10,4.71558e-10,4.71558e-10,6.01136,1.04989,7.80258e-06,65.2038
adder_dcop_06,3,11224,1813,1813,0,r,1,0,6.190844,1,1310,11204,20,99.822,6895,4329,61.431,2620,8604,23.343,19.431168,22.997536,24.341503,22.990784,22.344032,19.614113,23.483521,0.844924,0.798273,0.845172,0.869636,0.990673,0.827438,0,2.35368e-08,2.53998e-09,4.74506e-11,1.39447e-08,1.39447e-08,1.39447e-08,15.67024,1.240004,1.4319e-05,172.154
lhr01,3,18592,1477,1477,0,r,1,0,12.587678,1,43,17215,1377,92.594,12586,6006,67.696,8614,9978,46.332,15.979456,18.370399,19.932993,19.479551,16.36624,16.210527,17.806463,0.869848,0.801659,0.82032,0.976367,0.985746,0.897396,0,3.6695e-08,2.98053e-08,4.14438e-10,1.14496e-08,1.14496e-08,1.14496e-08,10.093408,1.583158,7.18374e-06,53.544
m20pi_n,3,2881,1182,1182,0,r,1,0,2.437394,1,12,501,2380,17.39,474,2407,16.453,23,2858,0.798,3.873664,4.264064,4.664256,4.352672,3.897216,3.874144,3.988544,0.908444,0.8305,0.889951,0.993957,0.999876,0.971197,0,4.61341e-08,1.92072e-09,2.29711e-11,5.52272e-10,5.52272e-10,5.52272e-10,4.198752,0.922575,3.99337e-06,33.0922
spacestation_14,3,24324,1640,1640,1,r,1,0,14.831707,1,214,15096,9228,62.062,12380,11944,50.896,1436,22888,5.904,18.023199,20.689184,21.803743,20.46768,17.652033,17.5648,19.033472,0.871141,0.82661,0.880569,1.021027,1.026098,0.946921,0,4.47037e-08,8.17479e-10,2.48203e-10,4.1256e-10,4.1256e-10,4.1256e-10,10.505504,1.715596,6.89811e-06,57.7348
plantsmargin_12nn,3,25482,1600,1600,1,r,1,0,15.92625,12,42,25482,0,100.0,10,25472,0.039,0,25482,0.0,17.102144,19.743839,20.372831,17.716513,17.106239,17.049824,17.482496,0.866202,0.839458,0.965322,0.999761,1.003069,0.978244,0,4.64279e-08,4.64279e-08,2.38824e-11,0.0,0.0,0.0,10.621952,1.610075,8.19205e-06,45.3695
lp_pilot87,2,74949,2030,6680,0,r,1,0,36.92069,1,384,60663,14286,80.939,48442,26507,64.633,8831,66118,11.783,46.834721,54.015903,58.749855,55.757568,48.317726,48.319298,50.282753,0.867054,0.797189,0.839971,0.969307,0.969276,0.931427,0,3.91513e-08,3.2132e-10,5.58338e-11,4.22973e-11,4.22973e-11,4.22973e-11,24.817472,1.887167,8.29416e-06,136.46
cavity13,3,76367,2597,2597,0,r,1,0,29.405853,1,62,68278,8089,89.408,34397,41970,45.042,12373,63994,16.202,56.664062,64.589569,67.775261,63.495617,57.935871,57.917889,61.157791,0.877294,0.836058,0.892409,0.978048,0.978352,0.926522,0,4.5108e-08,7.87845e-09,4.04842e-10,1.05521e-09,1.05521e-09,1.05521e-09,31.055744,1.824592,8.61321e-06,119.264
bp_1000,3,4661,822,822,0,r,1,0,5.670316,1,308,1806,2855,38.747,1373,3288,29.457,589,4072,12.637,6.196864,7.618208,7.537696,7.355072,7.335712,6.838784,6.921824,0.813428,0.822116,0.842529,0.844753,0.906135,0.895265,0,3.88521e-08,7.27283e-10,2.14561e-10,4.09953e-10,4.09953e-10,4.09953e-10,5.333568,1.161861,8.4128e-06,71.1989
spacestation_12,3,19728,1410,1410,1,r,1,0,13.991489,1,184,12868,6860,65.227,10364,9364,52.534,1236,18492,6.265,15.855648,18.164928,19.253857,17.982496,15.41984,15.413088,16.740992,0.872871,0.823505,0.881727,1.028263,1.028713,0.947115,0,4.63613e-08,1.01471e-09,2.46726e-10,5.97123e-10,5.97123e-10,5.97123e-10,10.16848,1.559294,7.1863e-06,52.2298
plddb_a_13,3,10839,3069,5049,0,r,1,0,3.531769,1,9,2475,8364,22.834,2475,8364,22.834,1107,9732,10.213,7.896928,9.821216,10.981152,10.973408,7.893504,7.856672,9.563104,0.804068,0.719135,0.719642,1.000434,1.005124,0.82577,0,3.96564e-08,1.09966e-10,1.09966e-10,3.3731e-10,3.3731e-10,3.3731e-10,6.693344,1.179818,7.036e-06,52.0332
yeast_30nn,3,62350,1484,1484,1,r,1,0,42.014825,30,75,62288,62,99.901,0,62350,0.0,0,62350,0.0,35.437439,41.371231,42.640511,36.654114,35.706913,35.487263,36.181633,0.856572,0.831074,0.966807,0.992453,0.998596,0.979432,0,4.80835e-08,4.74604e-08,0.0,0.0,0.0,0.0,20.515968,1.72731,8.92017e-06,53.9832
extr1,3,11407,2837,2837,0,r,1,0,4.020797,1,10,4186,7221,36.697,10722,685,93.995,10048,1359,88.086,12.42768,13.971456,15.020064,14.90672,13.734688,13.6472,14.756832,0.889505,0.827405,0.833696,0.904839,0.91064,0.842164,0,5.06714e-08,1.84573e-13,1.4005e-11,5.022e-10,5.022e-10,5.022e-10,9.268032,1.340919,6.10741e-06,48.2719
1138_bus,3,4054,1138,1138,1,r,1,0,3.56239,2,18,46,4008,1.135,2558,1496,63.098,1967,2087,48.52,4.209024,4.918592,4.837152,5.335456,4.855648,4.78768,5.5856,0.855738,0.870145,0.788878,0.866831,0.879136,0.753549,0,4.59902e-08,1.81636e-12,4.54208e-10,8.14261e-10,8.14261e-10,8.14261e-10,4.267296,0.986345,8.23451e-06,33.6417
netscience,2,5484,1589,1589,1,r,1,128,3.451227,0,34,4750,734,86.616,0,5484,0.0,307,5177,5.598,5.065504,6.06256,7.301408,5.302688,4.97296,5.000384,5.93568,0.835539,0.693771,0.955271,1.018609,1.013023,0.853399,0,3.77859e-08,2.06537e-08,0.0,1.1315e-08,1.1315e-08,1.1315e-08,4.897088,1.034391,7.36397e-06,37.6532
maragal_2,3,4357,555,350,0,r,1,19,7.85045,0,78,3783,574,86.826,1087,3270,24.948,274,4083,6.289,4.828896,5.445184,6.68848,5.791584,4.912704,4.844448,5.314432,0.88682,0.721972,0.833778,0.982941,0.99679,0.908638,0,3.91309e-08,2.95617e-08,6.18085e-10,9.29359e-09,9.29359e-09,9.29359e-09,4.36448,1.106408,8.38754e-06,46.4406
extr1b_a_33,3,9052,2836,2836,0,r,1,0,3.191819,1,10,3512,5540,38.798,8563,489,94.598,8396,656,92.753,7.266272,8.420544,10.313504,8.576992,8.277408,8.003168,9.015168,0.862922,0.70454,0.847182,0.877844,0.907924,0.806005,0,4.79239e-08,2.32555e-12,6.78772e-11,4.3627e-09,4.3627e-09,4.3627e-09,6.295424,1.154215,7.43907e-06,46.3729
spiral,3,18228,1434,1434,1,r,1,0,12.711297,2,99,11760,6468,64.516,11030,7198,60.511,4300,13928,23.59,15.412672,17.480097,19.896959,18.965248,16.070944,15.987648,17.527008,0.881727,0.774624,0.81268,0.95904,0.964036,0.879367,0,2.94293e-08,6.18816e-10,3.47347e-10,3.29662e-09,3.29662e-09,3.29662e-09,8.9056,1.730672,8.95879e-06,38.4873
extr1b_a_11,3,9053,2836,2836,0,r,1,0,3.192172,1,10,3507,5546,38.739,8564,489,94.598,8397,656,92.754,7.253728,8.42496,9.802848,8.56992,8.283808,8.012544,9.082496,0.860981,0.739961,0.846417,0.875651,0.905297,0.798649,0,4.60181e-08,2.41942e-12,7.14902e-11,4.29323e-09,4.29323e-09,4.29323e-09,6.267296,1.157394,6.54779e-06,42.6399
fs_541_2,0,4285,541,541,0,r,1,0,7.920518,1,11,2255,2030,52.625,3797,488,88.611,3663,622,85.484,4.327552,4.794816,4.793152,5.30288,4.88528,5.059968,4.87968,0.902548,0.902861,0.816076,0.885835,0.855253,0.886852,0,6.38894e-08,2.13721e-13,4.93855e-11,2.23039e-08,2.23039e-08,2.23039e-08,4.155296,1.041455,9.20761e-06,33.3434
adder_dcop_62,3,11246,1813,1813,0,r,1,0,6.202978,1,1310,11228,18,99.84,7876,3370,70.034,3340,7906,29.699,19.401505,22.995071,23.476864,23.213375,22.466623,19.70624,23.624607,0.843724,0.82641,0.83579,0.86357,0.984536,0.821241,0,2.60943e-08,1.74274e-09,2.04687e-12,1.85925e-08,1.85925e-08,1.85925e-08,15.648544,1.239828,5.56912e-06,173.185
random_mtx_25,0,89740,500,500,0,r,1,0,179.48,137,222,89740,0,100.0,4495,85245,5.009,0,89740,0.0,28.539904,25.318304,26.671104,29.380129,28.801216,28.863617,28.902241,1.127244,1.070068,0.971402,0.990927,0.988785,0.987463,0,4.6547e-08,4.6547e-08,5.72592e-10,0.0,0.0,0.0,16.602655,1.718996,1.22693e-05,150.049
random_mtx_27,0,92953,500,500,0,r,1,0,185.906,152,219,92953,0,100.0,4654,88299,5.007,0,92953,0.0,30.975361,32.982559,26.205376,32.081505,31.866655,32.39616,31.544577,0.939144,1.182023,0.965521,0.97203,0.956143,0.981955,0,4.23259e-08,4.23259e-08,5.03491e-10,0.0,0.0,0.0,27.814016,1.11366,1.28014e-05,872.308
random_mtx_31,0,95928,500,500,0,r,1,0,191.856,157,223,95928,0,100.0,4931,90997,5.14,0,95928,0.0,33.509502,26.207296,26.530016,33.695778,33.686592,33.686657,33.53635,1.278633,1.263079,0.994472,0.994743,0.994741,0.999199,0,4.77497e-08,4.77497e-08,5.60696e-10,0.0,0.0,0.0,18.098175,1.85154,1.11374e-05,833.388
random_mtx_49,0,92603,500,500,0,r,1,0,185.206,155,213,92603,0,100.0,4729,87874,5.107,0,92603,0.0,30.62336,25.802656,26.095232,31.187967,30.895967,31.443296,31.117472,1.18683,1.173523,0.981897,0.991177,0.973923,0.984121,0,3.83765e-08,3.83765e-08,4.53022e-10,0.0,0.0,0.0,17.343264,1.765721,1.12453e-05,307.305
random_mtx_62,0,85271,500,500,0,r,1,0,170.542,139,199,85271,0,100.0,4313,80958,5.058,0,85271,0.0,23.234753,30.318687,24.678432,26.480415,25.124607,27.339008,27.035072,0.766351,0.9415,0.877432,0.924781,0.849875,0.85943,0,4.61659e-08,4.61659e-08,5.94357e-10,0.0,0.0,0.0,25.518656,0.910501,1.11949e-05,495.43
random_mtx_64,0,94624,500,500,0,r,1,0,189.248,155,230,94624,0,100.0,4700,89924,4.967,0,94624,0.0,32.707073,26.102177,27.386784,32.447903,32.987518,33.215168,32.941982,1.25304,1.194265,1.007987,0.991498,0.984703,0.992869,0,3.36373e-08,3.36373e-08,4.06564e-10,0.0,0.0,0.0,17.360319,1.884013,1.18103e-05,184.548
random_mtx_67,0,94409,500,500,0,r,1,0,188.818,150,227,94409,0,100.0,4741,89668,5.022,0,94409,0.0,32.533665,26.197409,26.494017,32.469536,32.664833,32.957474,32.713951,1.241866,1.227963,1.001975,0.995984,0.987141,0.994489,0,4.56377e-08,4.56377e-08,4.68728e-10,0.0,0.0,0.0,17.767263,1.831102,1.21357e-05,183.564
random_mtx_75,0,96428,500,500,0,r,1,0,192.856,157,221,96428,0,100.0,4941,91487,5.124,0,96428,0.0,33.957375,26.45536,26.76384,34.061729,33.912033,33.934464,33.771873,1.283573,1.268778,0.996936,1.001337,1.000675,1.005493,0,4.87143e-08,4.87143e-08,5.48842e-10,0.0,0.0,0.0,18.109056,1.87516,1.12098e-05,344.618
random_mtx_8,0,89340,500,500,0,r,1,0,178.68,154,207,89340,0,100.0,4449,84891,4.98,0,89340,0.0,28.130753,25.159649,25.47888,29.822464,28.745407,29.127775,28.906944,1.11809,1.104081,0.943274,0.978617,0.965771,0.973149,0,4.60173e-08,4.60173e-08,5.46946e-10,0.0,0.0,0.0,16.784351,1.676011,1.17909e-05,298.543
random_mtx_92,0,93395,500,500,0,r,1,0,186.79,156,222,93395,0,100.0,4681,88714,5.012,0,93395,0.0,31.066591,25.718657,26.091137,31.710848,31.408607,31.899712,31.956991,1.20794,1.190695,0.979683,0.989111,0.973883,0.972138,0,4.9218e-08,4.9218e-08,6.19949e-10,0.0,0.0,0.0,17.358145,1.789741,1.1887e-05,276.585
random_mtx_nc10,0,309107,1646,779,0,r,1,0,187.792831,155,233,309107,0,100.0,15440,293667,4.995,0,309107,0.0,103.002335,93.502144,94.42157,105.492737,104.721375,106.172447,103.080864,1.101604,1.090877,0.976393,0.983585,0.970142,0.999238,0,4.43451e-08,4.43451e-08,5.44663e-10,0.0,0.0,0.0,76.326721,1.349492,1.16754e-05,469.737
random_mtx_nc100,0,245176,799,1450,0,r,1,0,306.853567,250,349,245176,0,100.0,12205,232971,4.978,0,245176,0.0,81.706558,69.529663,70.023582,84.245506,81.512733,85.864288,81.814461,1.175132,1.166843,0.969863,1.002378,0.951578,0.998681,0,3.79568e-08,3.79568e-08,4.37924e-10,0.0,0.0,0.0,66.438881,1.2298,1.54463e-05,519.353
random_mtx_nc11,0,268319,671,1005,0,r,1,0,399.879285,357,449,268319,0,100.0,13440,254879,5.009,0,268319,0.0,85.832062,70.681984,71.035583,87.686531,85.636452,90.667809,85.564995,1.214341,1.208297,0.978851,1.002284,0.946665,1.003121,0,3.15923e-08,3.15923e-08,3.82478e-10,0.0,0.0,0.0,68.480095,1.253387,1.41816e-05,435.874
random_mtx_nc13,0,809905,1721,1596,0,r,1,0,470.601395,419,528,809905,0,100.0,40207,769698,4.964,0,809905,0.0,256.153961,210.679077,211.082138,257.842865,255.540512,260.933197,256.258209,1.215849,1.213527,0.99345,1.002401,0.981684,0.999593,0,4.17223e-08,4.17223e-08,5.04923e-10,0.0,0.0,0.0,209.230392,1.224267,1.54768e-05,609.579
random_mtx_nc14,0,523262,1588,1761,0,r,1,0,329.510076,281,380,523262,0,100.0,26325,496937,5.031,0,523262,0.0,170.352066,143.088196,145.342819,173.781052,170.310822,176.082855,170.514938,1.190539,1.172071,0.980268,1.000242,0.967454,0.999045,0,4.26316e-08,4.26316e-08,5.07949e-10,0.0,0.0,0.0,140.060837,1.216272,1.43062e-05,581.43
random_mtx_nc15,0,447897,1087,1759,0,r,1,0,412.048758,356,465,447897,0,100.0,22483,425414,5.02,0,447897,0.0,145.352356,120.961601,121.462563,150.519165,145.307648,151.941818,145.534912,1.20164,1.196684,0.965673,1.000308,0.956632,0.998746,0,3.94818e-08,3.94818e-08,4.8307e-10,0.0,0.0,0.0,119.590401,1.215418,1.526e-05,651.543
random_mtx_nc16,0,429260,726,1921,0,r,1,0,591.267218,537,651,429260,0,100.0,21662,407598,5.046,0,429260,0.0,139.601822,116.425919,116.732193,139.711548,139.389923,145.759293,139.389053,1.199061,1.195915,0.999215,1.00152,0.957756,1.001526,0,3.10631e-08,3.10631e-08,3.21367e-10,0.0,0.0,0.0,115.782211,1.205728,1.86152e-05,275.105
random_mtx_nc17,0,155866,1132,1427,0,r,1,0,137.690813,105,168,155866,0,100.0,7685,148181,4.931,0,155866,0.0,63.68285,60.501598,61.451874,66.113632,64.971107,64.678238,64.349472,1.052581,1.036304,0.963233,0.980172,0.98461,0.989641,0,4.66931e-08,4.66931e-08,5.16451e-10,0.0,0.0,0.0,46.377728,1.373134,1.08482e-05,432.82
random_mtx_nc19,0,1246141,1679,1875,0,r,1,0,742.192376,683,822,1246141,0,100.0,62305,1183836,5.0,0,1246141,0.0,397.103119,328.496704,328.00946,394.631653,396.393127,398.777222,396.522308,1.20885,1.210645,1.006263,1.001791,0.995802,1.001465,0,5.56192e-08,5.56192e-08,5.76434e-10,0.0,0.0,0.0,326.992676,1.21441,1.95226e-05,610.299
random_mtx_nc2,0,134177,1304,1116,0,r,1,0,102.896472,72,135,134177,0,100.0,6711,127466,5.002,0,134177,0.0,54.778786,53.285889,53.832737,56.343872,55.052799,54.23008,54.01981,1.028017,1.017574,0.972223,0.995023,1.010118,1.01405,0,4.32673e-08,4.32673e-08,5.1787e-10,0.0,0.0,0.0,36.607361,1.496387,1.00324e-05,485.976
random_mtx_nc20,0,437996,1304,1492,0,r,1,0,335.886503,285,383,437996,0,100.0,21755,416241,4.967,0,437996,0.0,141.565445,117.761406,118.682716,145.679108,141.471359,146.626755,141.43718,1.202138,1.192806,0.971762,1.000665,0.965482,1.000907,0,4.63333e-08,4.63333e-08,5.30968e-10,0.0,0.0,0.0,114.545441,1.235889,1.41966e-05,171.415
random_mtx_nc21,0,410565,837,1779,0,r,1,0,490.519713,423,559,410565,0,100.0,20653,389912,5.03,0,410565,0.0,133.657913,111.71344,111.58963,134.204742,133.506241,136.931335,133.713821,1.196435,1.197763,0.995925,1.001136,0.976094,0.999582,0,5.04127e-08,5.04127e-08,5.939e-10,0.0,0.0,0.0,110.387581,1.210806,1.74255e-05,169.374
random_mtx_nc22,0,228669,748,921,0,r,1,0,305.707219,268,356,228669,0,100.0,11462,217207,5.012,0,228669,0.0,72.852417,61.720608,62.873375,76.428352,73.334366,77.56176,73.532318,1.180358,1.158717,0.953212,0.993428,0.939283,0.990754,0,4.5005e-08,4.5005e-08,5.11909e-10,0.0,0.0,0.0,57.184479,1.273989,1.25338e-05,773.19
random_mtx_nc23,0,123876,1518,1630,0,r,1,0,81.604743,50,112,123876,0,100.0,6171,117705,4.982,0,123876,0.0,59.236862,51.835487,54.479649,61.432194,60.290272,59.526142,59.682495,1.142786,1.087321,0.964264,0.982528,0.99514,0.992533,0,4.49091e-08,4.49091e-08,5.15234e-10,0.0,0.0,0.0,29.3496,2.018319,1.03529e-05,168.998
random_mtx_nc25,0,237652,1787,1261,0,r,1,0,132.989368,102,181,237652,0,100.0,11925,225727,5.018,0,237652,0.0,93.647293,91.294525,93.805824,94.404831,96.002815,95.423233,95.022781,1.025771,0.99831,0.991976,0.975464,0.981389,0.985525,0,4.40761e-08,4.40761e-08,4.89e-10,0.0,0.0,0.0,68.451202,1.368088,1.13224e-05,281.005
random_mtx_nc26,0,242879,887,1071,0,r,1,0,273.820744,231,323,242879,0,100.0,12232,230647,5.036,0,242879,0.0,80.005249,70.661537,71.088638,85.179329,81.155106,85.10141,81.320061,1.132232,1.125429,0.939257,0.985831,0.940117,0.983832,0,4.59835e-08,4.59835e-08,5.07055e-10,0.0,0.0,0.0,63.120319,1.267504,1.41286e-05,839.171
random_mtx_nc27,0,156821,632,978,0,r,1,0,248.134494,210,289,156821,0,100.0,7953,148868,5.071,0,156821,0.0,54.168831,48.446274,49.684353,55.251392,54.260674,55.402561,54.176895,1.118122,1.090259,0.980407,0.998307,0.977732,0.999851,0,3.63525e-08,3.63525e-08,4.3079e-10,0.0,0.0,0.0,41.285503,1.312055,1.35576e-05,227.342
random_mtx_nc28,0,300775,1300,719,0,r,1,0,231.365385,189,269,300775,0,100.0,14810,285965,4.924,0,300775,0.0,94.62886,84.037598,86.297981,97.915359,94.478813,95.379356,94.120064,1.12603,1.096536,0.966435,1.001588,0.992131,1.005406,0,3.96816e-08,3.96816e-08,4.90862e-10,0.0,0.0,0.0,70.184227,1.348292,1.30253e-05,210.275
random_mtx_nc29,0,405443,1867,727,0,r,1,0,217.162828,170,257,405443,0,100.0,20428,385015,5.038,0,405443,0.0,126.824509,111.622177,114.345757,133.621155,127.860481,129.134171,125.775391,1.136195,1.109132,0.949135,0.991898,0.982114,1.008341,0,3.70944e-08,3.70944e-08,4.4064e-10,0.0,0.0,0.0,92.800163,1.366641,1.25506e-05,239.847
random_mtx_nc31,0,577713,1410,1247,0,r,1,0,409.725532,362,465,577713,0,100.0,28698,549015,4.968,0,577713,0.0,181.060608,147.255646,147.69101,186.368027,181.172409,186.715714,181.484634,1.229566,1.225942,0.971522,0.999383,0.969713,0.997664,0,5.11571e-08,5.11571e-08,5.49061e-10,0.0,0.0,0.0,145.40358,1.245228,1.55981e-05,464.596
random_mtx_nc32,0,284354,1730,735,0,r,1,0,164.366474,123,198,284354,0,100.0,13858,270496,4.874,0,284354,0.0,93.704063,86.930466,88.459198,99.68605,95.789375,95.491524,94.059006,1.07792,1.059291,0.939992,0.97823,0.981281,0.996226,0,4.78765e-08,4.78765e-08,5.27727e-10,0.0,0.0,0.0,68.749504,1.362978,1.18165e-05,165.343
random_mtx_nc36,0,893850,1513,1973,0,r,1,0,590.779907,534,660,893850,0,100.0,44737,849113,5.005,0,893850,0.0,286.087799,239.159805,239.551865,285.602539,285.909454,289.621399,285.763458,1.19622,1.194262,1.001699,1.000624,0.987799,1.001135,0,4.16652e-08,4.16652e-08,5.12149e-10,0.0,0.0,0.0,237.432709,1.204922,1.73321e-05,429.988
random_mtx_nc37,0,754756,1085,1922,0,r,1,0,695.62765,626,758,754756,0,100.0,38105,716651,5.049,0,754756,0.0,241.40976,199.411713,201.403427,242.384506,240.737213,245.574554,240.97699,1.21061,1.198638,0.995979,1.002794,0.983041,1.001796,0,4.61221e-08,4.61221e-08,5.51836e-10,0.0,0.0,0.0,199.060669,1.212745,1.81987e-05,666.592
random_mtx_nc38,0,236587,815,1854,0,r,1,0,290.290798,248,339,236587,0,100.0,11833,224754,5.002,0,236587,0.0,80.40419,69.071136,69.854179,85.688065,80.417953,84.828514,80.683708,1.164078,1.151029,0.938336,0.999829,0.947844,0.996536,0,4.78317e-08,4.78317e-08,5.21091e-10,0.0,0.0,0.0,66.109985,1.216219,1.34758e-05,301.938
random_mtx_nc39,0,244130,1235,940,0,r,1,0,197.676113,148,238,244130,0,100.0,12494,231636,5.118,0,244130,0.0,85.678978,76.62336,78.193985,86.997696,86.788132,87.746368,85.533058,1.118184,1.095723,0.984842,0.98722,0.976439,1.001706,0,3.88343e-08,3.88343e-08,4.51428e-10,0.0,0.0,0.0,63.230305,1.35503,1.16289e-05,535.427
random_mtx_nc4,0,423405,1143,1603,0,r,1,0,370.433071,310,427,423405,0,100.0,21099,402306,4.983,0,423405,0.0,137.956711,117.04493,117.126976,139.261826,138.056351,141.276123,138.253052,1.178665,1.177839,0.990628,0.999278,0.976504,0.997857,0,2.92022e-08,2.92022e-08,3.52267e-10,0.0,0.0,0.0,113.444,1.216078,1.48074e-05,411.921
random_mtx_nc41,0,388162,1150,1098,0,r,1,0,337.532174,284,386,388162,0,100.0,19584,368578,5.045,0,388162,0.0,122.054367,100.630913,103.238304,126.97142,122.103874,127.211777,122.21946,1.212891,1.182259,0.961274,0.999595,0.959458,0.998649,0,5.48079e-08,5.48079e-08,5.57631e-10,0.0,0.0,0.0,95.488029,1.278216,1.40425e-05,694.12
random_mtx_nc42,0,337684,943,1335,0,r,1,0,358.09544,314,407,337684,0,100.0,16948,320736,5.019,0,337684,0.0,109.074142,90.773155,91.305054,112.258369,109.007484,111.980957,109.124672,1.201612,1.194612,0.971635,1.000611,0.974042,0.999537,0,3.9317e-08,3.9317e-08,4.56241e-10,0.0,0.0,0.0,87.751709,1.242986,1.49393e-05,458.452
random_mtx_nc43,0,534384,1274,1205,0,r,1,0,419.453689,372,476,534384,0,100.0,26593,507791,4.976,0,534384,0.0,166.607391,134.867996,134.400253,170.61142,166.731705,172.088455,166.672089,1.235337,1.239636,0.976531,0.999254,0.96815,0.999612,0,4.36848e-08,4.36848e-08,5.03532e-10,0.0,0.0,0.0,133.168442,1.251103,1.49156e-05,565.464
random_mtx_nc44,0,233770,640,1056,0,r,1,0,365.265625,312,415,233770,0,100.0,11582,222188,4.954,0,233770,0.0,74.956703,63.85379,64.155487,77.782974,74.957504,78.114754,74.925468,1.17388,1.16836,0.963665,0.999989,0.959572,1.000417,0,3.82371e-08,3.82371e-08,4.7112e-10,0.0,0.0,0.0,59.90189,1.251325,1.53081e-05,323.709
random_mtx_nc45,0,238587,908,1409,0,r,1,0,262.761013,197,303,238587,0,100.0,11893,226694,4.985,0,238587,0.0,81.337921,73.151009,74.85405,84.546242,82.49398,86.165604,82.296928,1.111918,1.08662,0.962052,0.985986,0.943972,0.988347,0,3.73695e-08,3.73695e-08,4.35933e-10,0.0,0.0,0.0,66.278557,1.227213,1.25191e-05,234.109
random_mtx_nc47,0,174958,1167,866,0,r,1,0,149.921165,119,193,174958,0,100.0,8722,166236,4.985,0,174958,0.0,66.244545,60.860321,62.377312,69.930496,67.195648,67.196381,66.740929,1.088469,1.061997,0.947291,0.985846,0.985835,0.992563,0,4.58437e-08,4.58437e-08,5.3522e-10,0.0,0.0,0.0,46.550495,1.423069,1.10096e-05,1123.5
random_mtx_nc48,0,211140,1445,658,0,r,1,0,146.117647,110,178,211140,0,100.0,10535,200605,4.99,0,211140,0.0,77.710205,71.944542,72.643517,81.810883,79.671677,79.035454,78.890205,1.08014,1.069747,0.949876,0.975381,0.983232,0.985042,0,4.83978e-08,4.83978e-08,5.58406e-10,0.0,0.0,0.0,53.917568,1.441278,1.17343e-05,417.174
random_mtx_nc49,0,587294,1088,1409,0,r,1,0,539.792279,490,594,587294,0,100.0,29592,557702,5.039,0,587294,0.0,184.814331,150.444382,151.32077,186.904541,184.394073,192.420898,184.982681,1.228456,1.221341,0.988817,1.002279,0.960469,0.99909,0,3.79895e-08,3.79895e-08,4.81206e-10,0.0,0.0,0.0,149.024414,1.240161,1.7593e-05,207.936
random_mtx_nc5,0,147560,1013,1186,0,r,1,0,145.666338,114,185,147560,0,100.0,7458,140102,5.054,0,147560,0.0,58.240448,54.623745,55.24976,61.391968,59.214367,59.144737,58.661217,1.066211,1.05413,0.948666,0.983553,0.984711,0.992827,0,4.48244e-08,4.48244e-08,5.28938e-10,0.0,0.0,0.0,42.495262,1.370516,1.11073e-05,442.102
random_mtx_nc50,0,413116,1940,562,0,r,1,0,212.946392,177,252,413116,0,100.0,20427,392689,4.945,0,413116,0.0,129.290085,110.896767,120.652,133.932541,131.727264,131.235901,129.687134,1.16586,1.071595,0.965337,0.981498,0.985173,0.996938,0,2.46427e-08,2.46427e-08,2.8524e-10,0.0,0.0,0.0,89.297119,1.447864,1.23064e-05,382.24
random_mtx_nc52,0,218825,565,1598,0,r,1,0,387.300885,327,436,218825,0,100.0,11048,207777,5.049,0,218825,0.0,74.435715,63.318241,63.575809,75.255165,74.730049,79.37011,74.764702,1.175581,1.170818,0.989111,0.996061,0.937831,0.9956,0,4.17097e-08,4.17097e-08,4.24599e-10,0.0,0.0,0.0,61.122398,1.217814,1.37872e-05,573.07
random_mtx_nc53,0,445189,969,1387,0,r,1,0,459.431373,402,510,445189,0,100.0,22337,422852,5.017,0,445189,0.0,141.151688,115.305183,115.559807,143.452606,141.042435,147.971909,141.295898,1.224157,1.22146,0.98396,1.000775,0.953909,0.998979,0,3.94028e-08,3.94028e-08,5.13949e-10,0.0,0.0,0.0,113.872543,1.239559,1.48844e-05,656.632
random_mtx_nc54,0,498057,1036,1902,0,r,1,0,480.75,421,542,498057,0,100.0,25143,472914,5.048,0,498057,0.0,161.430878,134.422714,136.220764,161.883133,161.295517,164.143814,161.549759,1.20092,1.185068,0.997206,1.000839,0.983472,0.999264,0,3.74449e-08,3.74449e-08,4.42892e-10,0.0,0.0,0.0,133.436615,1.209794,1.66025e-05,1433.03
random_mtx_nc55,0,385742,1330,1280,0,r,1,0,290.031579,246,333,385742,0,100.0,19491,366251,5.053,0,385742,0.0,123.841408,104.272926,106.092865,131.496552,123.968895,129.171677,124.116737,1.187666,1.167293,0.941784,0.998972,0.958735,0.997782,0,4.80053e-08,4.80053e-08,5.33189e-10,0.0,0.0,0.0,99.254723,1.247713,1.37471e-05,551.807
random_mtx_nc56,0,132703,558,1069,0,r,1,0,237.818996,203,271,132703,0,100.0,6740,125963,5.079,0,132703,0.0,47.712704,40.338818,39.927586,48.586784,48.071678,49.292736,47.824322,1.182799,1.194981,0.98201,0.992533,0.967946,0.997666,0,4.9263e-08,4.9263e-08,5.8187e-10,0.0,0.0,0.0,34.057858,1.400931,1.35109e-05,79.6681
random_mtx_nc64,0,127001,603,739,0,r,1,0,210.615257,174,257,127001,0,100.0,6397,120604,5.037,0,127001,0.0,46.068993,35.657375,35.989086,47.252769,46.21088,46.658878,46.013313,1.291991,1.280082,0.974948,0.99693,0.987357,1.00121,0,4.69269e-08,4.69269e-08,5.10112e-10,0.0,0.0,0.0,28.870239,1.595726,1.2112e-05,49.061
random_mtx_nc65,0,136469,568,888,0,r,1,0,240.262324,201,289,136469,0,100.0,6838,129631,5.011,0,136469,0.0,48.124256,41.59565,43.954369,49.119873,48.319775,49.37101,48.238144,1.156954,1.094869,0.979731,0.995954,0.974747,0.997639,0,4.54034e-08,4.54034e-08,5.41629e-10,0.0,0.0,0.0,33.597439,1.432379,1.31183e-05,48.7932
random_mtx_nc68,0,86740,566,1688,0,r,1,0,153.250883,116,193,86740,0,100.0,4319,82421,4.979,0,86740,0.0,29.333023,27.323521,27.704897,30.437311,30.596031,32.896385,32.1576,1.073545,1.058767,0.963719,0.95872,0.891679,0.912165,0,4.45205e-08,4.45205e-08,5.31087e-10,0.0,0.0,0.0,19.203487,1.527484,1.17361e-05,49.4206
random_mtx_nc70,0,213795,946,718,0,r,1,0,225.998943,169,258,213795,0,100.0,10673,203122,4.992,0,213795,0.0,70.44899,61.713345,62.625824,73.418243,70.475197,70.947006,69.889694,1.141552,1.124919,0.959557,0.999628,0.99298,1.008003,0,4.53925e-08,4.53925e-08,5.45208e-10,0.0,0.0,0.0,51.527073,1.367223,1.15821e-05,94.537
random_mtx_nc71,0,163479,776,545,0,r,1,0,210.668814,170,243,163479,0,100.0,8113,155366,4.963,0,163479,0.0,55.677151,47.501282,48.122658,57.055904,55.980576,56.297314,55.595264,1.172119,1.156984,0.975835,0.99458,0.988984,1.001473,0,4.50259e-08,4.50259e-08,5.97156e-10,0.0,0.0,0.0,38.069153,1.462527,1.36206e-05,111.538
random_mtx_nc72,0,219458,1635,1530,0,r,1,0,134.225076,102,170,219458,0,100.0,11034,208424,5.028,0,219458,0.0,87.783646,85.234016,86.911934,87.591393,89.998398,89.497025,88.968124,1.029913,1.01003,1.002195,0.975391,0.980855,0.986686,0,4.18056e-08,4.18056e-08,5.02249e-10,0.0,0.0,0.0,63.971394,1.372233,1.10823e-05,105.619
random_mtx_nc76,0,143195,1506,734,0,r,1,0,95.083001,67,128,143195,0,100.0,7162,136033,5.002,0,143195,0.0,59.859489,57.2952,58.242783,62.324352,60.428288,59.758656,59.668961,1.044756,1.027758,0.960451,0.990587,1.001687,1.003193,0,4.07075e-08,4.07075e-08,4.86389e-10,0.0,0.0,0.0,37.6936,1.588054,1.08156e-05,62.6622
random_mtx_nc79,0,216213,503,1191,0,r,1,0,429.846918,380,477,216213,0,100.0,10727,205486,4.961,0,216213,0.0,70.061729,57.773407,58.198238,72.042236,70.210274,73.891838,70.335426,1.212699,1.203846,0.972509,0.997884,0.948166,0.996109,0,4.30715e-08,4.30715e-08,5.44064e-10,0.0,0.0,0.0,56.155521,1.247637,1.49845e-05,77.1175
random_mtx_nc89,0,217576,939,663,0,r,1,0,231.71033,190,273,217576,0,100.0,10965,206611,5.04,0,217576,0.0,70.206879,61.894688,63.148991,72.566978,70.441345,71.229759,70.205246,1.134296,1.111766,0.967477,0.996671,0.98564,1.000023,0,4.72479e-08,4.72479e-08,5.32653e-10,0.0,0.0,0.0,52.140575,1.346492,1.27591e-05,73.9906
random_mtx_nc92,0,172542,911,1193,0,r,1,0,189.398463,150,225,172542,0,100.0,8493,164049,4.922,0,172542,0.0,63.586559,57.456638,57.839905,64.230782,63.934814,65.096413,63.452896,1.106688,1.099354,0.98997,0.994553,0.976806,1.002106,0,4.29727e-08,4.29727e-08,4.81741e-10,0.0,0.0,0.0,47.443039,1.340272,1.2792e-05,104.232
random_mtx_nc94,0,342627,1172,821,0,r,1,0,292.343857,253,350,342627,0,100.0,16797,325830,4.902,0,342627,0.0,104.661507,86.810333,90.270302,112.657631,104.596481,109.358627,105.05658,1.205634,1.159423,0.929023,1.000622,0.957048,0.996239,0,4.16359e-08,4.16359e-08,5.09655e-10,0.0,0.0,0.0,79.900604,1.309896,1.45356e-05,106.24
random_sparse_matrix_18,0,117285,1500,1500,0,r,1,0,78.19,54,105,117285,0,100.0,5816,111469,4.959,0,117285,0.0,57.312096,50.941025,52.066208,59.691265,58.104607,57.454494,57.609375,1.125068,1.100754,0.960142,0.986361,0.997522,0.99484,0,4.30196e-08,4.30196e-08,4.97735e-10,0.0,0.0,0.0,29.079872,1.970851,1.00621e-05,99.9415
random_sparse_matrix_26,0,133821,1500,1500,0,r,1,0,89.214,61,119,133821,0,100.0,6659,127162,4.976,0,133821,0.0,60.864353,57.360802,57.800415,62.394878,61.535583,60.850178,60.869408,1.061079,1.053009,0.97547,0.989092,1.000233,0.999917,0,4.31146e-08,4.31146e-08,4.83994e-10,0.0,0.0,0.0,37.793568,1.610442,9.99347e-06,80.5322
random_sparse_matrix_35,0,197246,1500,1500,0,r,1,0,131.497333,99,175,197246,0,100.0,9858,187388,4.998,0,197246,0.0,79.197441,77.678589,78.941696,80.270691,80.680412,80.132156,79.469826,1.019553,1.00324,0.98663,0.981619,0.988335,0.996572,0,4.20029e-08,4.20029e-08,4.71029e-10,0.0,0.0,0.0,58.417599,1.355712,1.08816e-05,110.345
random_sparse_matrix_48,0,289017,1500,1500,0,r,1,0,192.678,152,243,289017,0,100.0,14424,274593,4.991,0,289017,0.0,102.432671,93.851746,94.934273,104.515137,103.195969,105.358177,101.89843,1.091431,1.078985,0.980075,0.992603,0.972233,1.005243,0,4.17043e-08,4.17043e-08,4.969e-10,0.0,0.0,0.0,79.101761,1.294948,1.24173e-05,107.566
random_mtx_26,1,83085,500,500,0,r,1,0,166.17,137,200,83085,0,100.0,4204,78881,5.06,0,83085,0.0,24.08128,24.141697,24.49168,23.258368,26.490976,24.814144,26.428991,0.997497,0.983243,1.035381,0.909037,0.970466,0.911169,0,5.26749e-08,5.26749e-08,5.56166e-10,0.0,0.0,0.0,15.860032,1.518363,1.11971e-05,750.179
random_mtx_32,1,75839,500,500,0,r,1,0,151.678,112,181,75839,0,100.0,3831,72008,5.051,0,75839,0.0,25.367456,24.125824,29.368193,23.370687,24.021536,25.029345,24.075296,1.051465,0.863773,1.085439,1.05603,1.013509,1.053672,0,4.47605e-08,4.47605e-08,5.12454e-10,0.0,0.0,0.0,16.989632,1.493114,1.04388e-05,537.732
random_mtx_37,1,84621,500,500,0,r,1,0,169.242,143,205,84621,0,100.0,4279,80342,5.057,0,84621,0.0,24.280672,24.210913,24.557983,23.541824,26.628193,26.601152,27.585823,1.002881,0.988708,1.031384,0.911841,0.912768,0.880187,0,4.02332e-08,4.02332e-08,4.85255e-10,0.0,0.0,0.0,16.228607,1.496165,1.19377e-05,759.549
random_mtx_39,1,78865,500,500,0,r,1,0,157.73,131,190,78865,0,100.0,3885,74980,4.926,0,78865,0.0,24.772448,23.808672,28.671104,22.857697,23.43504,25.110847,23.576,1.04048,0.864021,1.083768,1.057069,0.986524,1.050749,0,4.66574e-08,4.66574e-08,5.08093e-10,0.0,0.0,0.0,15.524576,1.595692,1.09748e-05,672.515
random_mtx_4,1,93971,500,500,0,r,1,0,187.942,156,220,93971,0,100.0,4780,89191,5.087,0,93971,0.0,32.064991,33.32576,33.317921,32.493439,32.702049,33.090847,32.517441,0.962168,0.962395,0.986814,0.980519,0.968999,0.986086,0,4.83596e-08,4.83596e-08,5.61696e-10,0.0,0.0,0.0,28.082785,1.141802,1.15686e-05,561.804
random_mtx_6,1,86499,500,500,0,r,1,0,172.998,139,207,86499,0,100.0,4370,82129,5.052,0,86499,0.0,23.617151,24.597441,24.862495,23.995487,25.845823,27.984863,27.619583,0.960147,0.949911,0.984233,0.913771,0.843926,0.855087,0,5.15881e-08,5.15881e-08,5.63473e-10,0.0,0.0,0.0,16.629087,1.420231,1.28749e-05,973.877
random_mtx_68,1,80531,500,500,0,r,1,0,161.062,134,191,80531,0,100.0,4021,76510,4.993,0,80531,0.0,23.230881,23.785952,24.108608,22.978399,25.493889,23.768641,25.491615,0.976664,0.963593,1.010988,0.911233,0.977375,0.911315,0,3.74649e-08,3.74649e-08,4.43244e-10,0.0,0.0,0.0,15.635648,1.485764,1.15665e-05,506.874
random_mtx_7,1,81116,500,500,0,r,1,0,162.232,133,193,81116,0,100.0,4101,77015,5.056,0,81116,0.0,25.424192,24.040705,24.30912,22.869984,23.99024,25.75456,24.132416,1.057548,1.045871,1.111684,1.059772,0.987172,1.053529,0,4.53597e-08,4.53597e-08,5.30314e-10,0.0,0.0,0.0,15.743712,1.614879,1.06065e-05,292.722
random_mtx_90,1,70296,500,500,0,r,1,0,140.592,109,171,70296,0,100.0,3511,66785,4.995,0,70296,0.0,22.688383,24.781631,25.123104,22.259872,24.673471,22.942495,24.634304,0.915532,0.903088,1.01925,0.919546,0.988924,0.921008,0,4.14764e-08,4.14764e-08,4.94237e-10,0.0,0.0,0.0,14.863456,1.526454,1.08929e-05,606.439
random_mtx_93,1,73540,500,500,0,r,1,0,147.08,115,181,73540,0,100.0,3528,70012,4.797,0,73540,0.0,22.953888,28.657984,28.796127,22.71216,25.330273,23.404257,25.283457,0.80096,0.797117,1.010643,0.906184,0.980757,0.907862,0,4.78289e-08,4.78289e-08,5.34253e-10,0.0,0.0,0.0,23.091553,0.994038,1.07757e-05,85.6507
random_mtx_94,1,86720,500,500,0,r,1,0,173.44,139,206,86720,0,100.0,4448,82272,5.129,0,86720,0.0,25.729792,24.638912,24.946688,24.849407,27.964319,28.366049,28.872192,1.044275,1.031391,1.035429,0.920094,0.907063,0.891162,0,4.72841e-08,4.72841e-08,5.31769e-10,0.0,0.0,0.0,16.585217,1.551369,1.24478e-05,205.269
random_mtx_96,1,72890,500,500,0,r,1,0,145.78,107,176,72890,0,100.0,3683,69207,5.053,0,72890,0.0,22.944672,24.525473,24.789503,22.641504,25.253376,23.455809,25.22928,0.935545,0.92558,1.01339,0.908578,0.978209,0.909446,0,4.81156e-08,4.81156e-08,5.668e-10,0.0,0.0,0.0,15.146304,1.514869,1.16142e-05,631.256
random_mtx_99,1,87413,500,500,0,r,1,0,174.826,146,204,87413,0,100.0,4413,83000,5.048,0,87413,0.0,26.714369,30.378656,25.105408,24.298336,27.226784,27.626368,27.237663,0.87938,1.064088,1.099432,0.98118,0.966988,0.980788,0,4.86439e-08,4.86439e-08,5.33981e-10,0.0,0.0,0.0,26.118689,1.022807,1.1502e-05,95.5348
random_mtx_nc24,1,85805,1124,909,0,r,1,0,76.338968,48,104,85805,0,100.0,4157,81648,4.845,0,85805,0.0,36.926239,38.829601,39.456032,37.198143,37.482944,39.292545,39.648991,0.950982,0.935883,0.99269,0.985148,0.939777,0.931329,0,4.36411e-08,4.36411e-08,4.72696e-10,0.0,0.0,0.0,22.646591,1.630543,1.04384e-05,111.925
random_sparse_matrix_15,1,196707,1500,1500,0,r,1,0,131.138,98,180,196707,0,100.0,9687,187020,4.925,0,196707,0.0,79.037346,77.223938,78.537857,78.514847,80.62912,79.925087,79.395134,1.023482,1.00636,1.006655,0.980258,0.988893,0.995494,0,4.51194e-08,4.51194e-08,5.19353e-10,0.0,0.0,0.0,58.306911,1.35554,1.10365e-05,98.6581
random_mtx_100,2,60289,500,500,0,r,1,0,120.578,95,157,60289,0,100.0,3038,57251,5.039,0,60289,0.0,19.529921,24.075584,24.402752,20.870081,19.845345,20.647585,19.88464,0.811192,0.800316,0.935786,0.984106,0.945869,0.982161,0,5.06421e-08,5.06421e-08,5.33618e-10,0.0,0.0,0.0,13.278656,1.470775,1.03089e-05,648.867
random_mtx_16,2,43955,500,500,0,r,1,0,87.91,65,119,43955,0,100.0,2242,41713,5.101,0,43955,0.0,16.685312,18.796385,19.117567,17.968191,16.934113,17.2568,16.960705,0.887687,0.872774,0.928603,0.985308,0.966883,0.983763,0,4.47809e-08,4.47809e-08,5.00312e-10,0.0,0.0,0.0,10.651552,1.566468,1.01807e-05,689.989
random_mtx_20,2,33704,500,500,0,r,1,0,67.408,47,91,33704,0,100.0,1691,32013,5.017,0,33704,0.0,15.460224,18.061407,18.513792,17.120192,15.523136,15.701184,15.660192,0.855981,0.835065,0.90304,0.995947,0.984653,0.987231,0,4.8782e-08,4.8782e-08,5.32686e-10,0.0,0.0,0.0,9.890176,1.56319,9.64962e-06,519.534
random_mtx_24,2,91981,500,500,0,r,1,0,183.962,150,215,91981,0,100.0,4750,87231,5.164,0,91981,0.0,30.919296,32.377762,32.689152,31.045759,30.573664,31.582336,30.847424,0.954955,0.945858,0.995927,1.011305,0.979006,1.00233,0,4.80087e-08,4.80087e-08,5.83683e-10,0.0,0.0,0.0,27.516512,1.123663,1.14323e-05,825.1
random_mtx_36,2,71097,500,500,0,r,1,0,142.194,109,169,71097,0,100.0,3488,67609,4.906,0,71097,0.0,22.860928,24.987328,25.268768,24.276896,21.874111,23.25136,21.885183,0.914901,0.904711,0.941674,1.045113,0.983208,1.044585,0,4.72473e-08,4.72473e-08,5.35472e-10,0.0,0.0,0.0,14.752256,1.549656,1.13423e-05,606.972
random_mtx_40,2,85386,500,500,0,r,1,0,170.772,141,203,85386,0,100.0,4293,81093,5.028,0,85386,0.0,24.788992,24.375776,24.65056,26.333088,23.429249,27.376673,26.745825,1.016952,1.005616,0.941363,1.058036,0.905479,0.926836,0,3.58196e-08,3.58196e-08,4.33757e-10,0.0,0.0,0.0,16.424032,1.509312,1.27568e-05,819.97
random_mtx_47,2,89946,500,500,0,r,1,0,179.892,150,209,89946,0,100.0,4514,85432,5.019,0,89946,0.0,29.544672,31.794559,33.401215,29.548256,29.126881,30.600288,29.526144,0.929237,0.884539,0.999879,1.014344,0.965503,1.000628,0,5.05991e-08,5.05991e-08,5.62983e-10,0.0,0.0,0.0,26.795744,1.102588,1.19783e-05,549.943
random_mtx_80,2,38791,500,500,0,r,1,0,77.582,54,107,38791,0,100.0,1986,36805,5.12,0,38791,0.0,16.747969,18.488895,18.679968,17.554239,16.240929,16.685921,16.451136,0.905839,0.896574,0.95407,1.03122,1.003719,1.018043,0,4.9171e-08,4.9171e-08,5.91047e-10,0.0,0.0,0.0,9.773696,1.713576,9.83406e-06,59.2198
random_mtx_82,2,79368,500,500,0,r,1,0,158.736,127,191,79368,0,100.0,4057,75311,5.112,0,79368,0.0,21.500481,28.085152,28.507233,22.729536,21.887936,22.157408,21.910273,0.765546,0.754211,0.945927,0.982298,0.970352,0.981297,0,3.5658e-08,3.5658e-08,4.04316e-10,0.0,0.0,0.0,23.870687,0.900706,1.08768e-05,198.017
random_mtx_1,3,76819,500,500,0,r,1,0,153.638,119,185,76819,0,100.0,3903,72916,5.081,0,76819,0.0,21.672607,24.105921,29.070848,22.719296,22.056576,22.04784,22.136415,0.899057,0.74551,0.95393,0.982592,0.982981,0.979048,0,5.23794e-08,5.23794e-08,5.35178e-10,0.0,0.0,0.0,15.28848,1.417578,1.10071e-05,430.425
random_mtx_10,3,61411,500,500,0,r,1,0,122.822,98,153,61411,0,100.0,3135,58276,5.105,0,61411,0.0,19.608831,24.314848,24.705473,21.062529,20.84416,19.696928,20.881216,0.806455,0.793704,0.930982,0.940735,0.995527,0.939066,0,4.60951e-08,4.60951e-08,5.04305e-10,0.0,0.0,0.0,13.513824,1.45102,1.1266e-05,329.723
random_mtx_11,3,80933,500,500,0,r,1,0,161.866,130,192,80933,0,100.0,3994,76939,4.935,0,80933,0.0,21.768736,23.811169,29.999456,23.796255,22.293056,22.195871,22.231264,0.914224,0.725638,0.914797,0.976481,0.980756,0.979195,0,4.96724e-08,4.96724e-08,5.80987e-10,0.0,0.0,0.0,15.405856,1.413017,1.10836e-05,742.744
random_mtx_13,3,25095,500,500,0,r,1,0,50.19,30,67,25095,0,100.0,1282,23813,5.109,0,25095,0.0,14.30384,16.703903,17.046047,16.013952,14.327072,14.109888,14.438048,0.856317,0.839129,0.893211,0.998378,1.013746,0.990705,0,4.40732e-08,4.40732e-08,5.32737e-10,0.0,0.0,0.0,10.415168,1.373366,8.99812e-06,349.455
random_mtx_14,3,47773,500,500,0,r,1,0,95.546,72,121,47773,0,100.0,2438,45335,5.103,0,47773,0.0,17.829504,19.194016,19.715809,18.050337,18.679745,17.175936,17.332289,0.92891,0.904325,0.987766,0.954483,1.038051,1.028687,0,3.70785e-08,3.70785e-08,4.22707e-10,0.0,0.0,0.0,11.145856,1.599653,1.05424e-05,211.491
random_mtx_17,3,33304,500,500,0,r,1,0,66.608,46,92,33304,0,100.0,1651,31653,4.957,0,33304,0.0,16.189472,18.709375,19.060192,17.021376,15.792288,15.527616,15.585824,0.865313,0.849387,0.951126,1.025151,1.042624,1.038731,0,4.14662e-08,4.14662e-08,4.67117e-10,0.0,0.0,0.0,12.192384,1.327835,9.52817e-06,135.179
random_mtx_18,3,30795,500,500,0,r,1,0,61.59,40,83,30795,0,100.0,1604,29191,5.209,0,30795,0.0,15.162688,17.88352,18.675968,16.87488,15.03088,14.954624,15.220896,0.847858,0.811882,0.898536,1.008769,1.013913,0.996176,0,4.26879e-08,4.26879e-08,4.81861e-10,0.0,0.0,0.0,8.904224,1.702865,9.76361e-06,664.989
random_mtx_19,3,32444,500,500,0,r,1,0,64.888,47,95,32444,0,100.0,1659,30785,5.113,0,32444,0.0,15.251488,18.024,18.457312,17.04896,15.359328,15.154528,15.508288,0.846177,0.826311,0.89457,0.992979,1.006398,0.983441,0,5.06774e-08,5.06774e-08,4.77591e-10,0.0,0.0,0.0,9.650176,1.580436,9.70318e-06,444.812
random_mtx_2,3,73386,500,500,0,r,1,0,146.772,114,181,73386,0,100.0,3672,69714,5.004,0,73386,0.0,22.969025,24.490879,25.79088,23.655169,25.329439,23.403008,25.305599,0.93786,0.890587,0.970994,0.906811,0.981456,0.907666,0,5.01849e-08,5.01849e-08,5.55241e-10,0.0,0.0,0.0,14.748704,1.557359,1.17546e-05,220.226
random_mtx_22,3,44776,500,500,0,r,1,0,89.552,61,121,44776,0,100.0,2198,42578,4.909,0,44776,0.0,16.8312,18.979328,19.223072,18.158464,16.957504,16.840897,17.407936,0.886817,0.875573,0.926907,0.992552,0.999424,0.966869,0,4.50586e-08,4.50586e-08,5.38786e-10,0.0,0.0,0.0,10.783008,1.5609,9.97e-06,692.015
random_mtx_23,3,75048,500,500,0,r,1,0,150.096,121,180,75048,0,100.0,3729,71319,4.969,0,75048,0.0,21.42432,28.265633,24.87504,22.738209,23.253759,21.781313,23.231392,0.757964,0.861278,0.942217,0.921327,0.98361,0.922214,0,3.29273e-08,3.29273e-08,3.48624e-10,0.0,0.0,0.0,23.007904,0.931172,1.18104e-05,704.932
random_mtx_29,3,60726,500,500,0,r,1,0,121.452,95,151,60726,0,100.0,3052,57674,5.026,0,60726,0.0,19.563072,25.545183,24.558208,20.917856,20.736641,19.627457,19.834145,0.765822,0.7966,0.935233,0.943406,0.99672,0.986333,0,3.28302e-08,3.28302e-08,3.96746e-10,0.0,0.0,0.0,19.9384,0.981176,1.15498e-05,610.496
random_mtx_3,3,55474,500,500,0,r,1,0,110.948,81,139,55474,0,100.0,2756,52718,4.968,0,55474,0.0,18.130783,22.181313,22.584415,19.400736,18.409632,18.267488,18.489153,0.81739,0.802801,0.934541,0.984853,0.992516,0.980617,0,4.49175e-08,4.49175e-08,5.77976e-10,0.0,0.0,0.0,12.1752,1.489157,9.79197e-06,672.87
random_mtx_33,3,65291,500,500,0,r,1,0,130.582,101,164,65291,0,100.0,3225,62066,4.939,0,65291,0.0,20.64864,27.401312,27.570848,21.726816,22.23616,20.894464,21.097441,0.753564,0.74893,0.950376,0.928606,0.988235,0.978727,0,4.14763e-08,4.14763e-08,5.09947e-10,0.0,0.0,0.0,21.287041,0.97001,1.18622e-05,338.169
random_mtx_34,3,23068,500,500,0,r,1,0,46.136,27,66,23068,0,100.0,1131,21937,4.903,0,23068,0.0,13.92784,16.209921,16.538656,15.771488,13.974848,13.93424,14.010624,0.859217,0.842139,0.883102,0.996636,0.999541,0.994091,0,4.16726e-08,4.16726e-08,4.70952e-10,0.0,0.0,0.0,9.639328,1.444897,8.86226e-06,571.698
random_mtx_35,3,14970,500,500,0,r,1,0,29.94,15,49,14970,0,100.0,729,14241,4.87,0,14970,0.0,12.13264,13.483328,14.569248,13.936288,12.350656,12.288992,12.455328,0.899825,0.832757,0.870579,0.982348,0.987277,0.974092,0,4.39023e-08,4.39023e-08,5.37197e-10,0.0,0.0,0.0,8.231264,1.47397,9.04851e-06,217.12
random_mtx_38,3,62068,500,500,0,r,1,0,124.136,100,151,62068,0,100.0,3193,58875,5.144,0,62068,0.0,20.864639,25.9792,27.054079,20.943872,20.243967,19.978304,20.197472,0.803129,0.77122,0.996217,1.03066,1.044365,1.033032,0,4.92744e-08,4.92744e-08,6.31848e-10,0.0,0.0,0.0,20.316576,1.026976,1.05604e-05,634.924
random_mtx_41,3,72465,500,500,0,r,1,0,144.93,118,180,72465,0,100.0,3550,68915,4.899,0,72465,0.0,21.48176,28.615232,25.08432,22.656609,21.96928,21.853792,21.991009,0.750711,0.856382,0.948145,0.977809,0.982976,0.976843,0,4.58108e-08,4.58108e-08,5.74573e-10,0.0,0.0,0.0,22.728992,0.945126,1.15046e-05,708.952
random_mtx_43,3,68876,500,500,0,r,1,0,137.752,103,166,68876,0,100.0,3513,65363,5.1,0,68876,0.0,21.335424,28.121664,25.404192,23.005505,22.950464,21.524609,22.887903,0.758683,0.839839,0.927405,0.929629,0.991211,0.93217,0,4.14715e-08,4.14715e-08,4.79516e-10,0.0,0.0,0.0,22.104704,0.965198,1.09381e-05,475.731
random_mtx_44,3,20240,500,500,0,r,1,0,40.48,23,60,20240,0,100.0,1024,19216,5.059,0,20240,0.0,13.313728,15.47472,16.536352,15.367104,13.547008,13.443584,13.57536,0.860353,0.805119,0.866379,0.98278,0.990341,0.980727,0,4.28875e-08,4.28875e-08,5.56876e-10,0.0,0.0,0.0,9.368096,1.421178,9.16996e-06,558.218
random_mtx_45,3,26103,500,500,0,r,1,0,52.206,34,73,26103,0,100.0,1317,24786,5.045,0,26103,0.0,14.346688,16.971008,17.272032,16.264799,14.446816,14.3872,14.549376,0.845365,0.830631,0.88207,0.993069,0.997184,0.986069,0,3.92378e-08,3.92378e-08,4.82074e-10,0.0,0.0,0.0,8.872128,1.617052,1.00571e-05,824.561
random_mtx_46,3,75072,500,500,0,r,1,0,150.144,121,191,75072,0,100.0,3643,71429,4.853,0,75072,0.0,21.412544,28.425632,24.51712,22.691263,23.335487,21.815777,23.322945,0.753283,0.873371,0.943647,0.917596,0.981516,0.918089,0,4.77411e-08,4.77411e-08,5.58736e-10,0.0,0.0,0.0,23.338593,0.917474,1.16167e-05,788.37
random_mtx_48,3,49120,500,500,0,r,1,0,98.24,72,123,49120,0,100.0,2514,46606,5.118,0,49120,0.0,17.2712,19.62384,20.039776,19.014912,17.908096,17.256544,17.877089,0.880113,0.861846,0.908298,0.964435,1.000849,0.966108,0,4.09049e-08,4.09049e-08,4.77532e-10,0.0,0.0,0.0,11.291488,1.529577,1.02777e-05,692.81
random_mtx_5,3,20599,500,500,0,r,1,0,41.198,24,70,20599,0,100.0,1042,19557,5.058,0,20599,0.0,13.432992,15.442208,15.88944,15.418656,13.508032,13.427456,13.616512,0.869888,0.845404,0.871217,0.994445,1.000412,0.986522,0,4.51326e-08,4.51326e-08,5.35107e-10,0.0,0.0,0.0,8.404064,1.598392,8.56863e-06,791.02
random_mtx_51,3,74779,500,500,0,r,1,0,149.558,118,185,74779,0,100.0,3662,71117,4.897,0,74779,0.0,21.54464,24.260223,29.394432,24.920353,21.953695,21.937792,22.017153,0.888064,0.73295,0.86454,0.981367,0.982079,0.978539,0,4.34433e-08,4.34433e-08,5.11725e-10,0.0,0.0,0.0,15.35376,1.403216,1.17509e-05,823.695
random_mtx_53,3,21035,500,500,0,r,1,0,42.07,22,69,21035,0,100.0,1031,20004,4.901,0,21035,0.0,13.598528,15.647808,16.055296,15.42672,13.655168,13.506688,13.77168,0.869037,0.846981,0.881492,0.995852,1.0068,0.987427,0,4.37924e-08,4.37924e-08,4.596e-10,0.0,0.0,0.0,9.12384,1.490439,9.64022e-06,241.895
random_mtx_55,3,31428,500,500,0,r,1,0,62.856,38,86,31428,0,100.0,1573,29855,5.005,0,31428,0.0,15.937504,18.007648,18.435583,16.968288,15.498656,15.120864,15.47584,0.885041,0.864497,0.939252,1.028315,1.054007,1.029831,0,4.78054e-08,4.78054e-08,5.01608e-10,0.0,0.0,0.0,9.19584,1.733121,9.95685e-06,583.436
random_mtx_56,3,28975,500,500,0,r,1,0,57.95,38,89,28975,0,100.0,1446,27529,4.991,0,28975,0.0,14.696768,17.738239,17.954432,16.600832,14.94912,14.661632,14.996192,0.828536,0.818559,0.885303,0.983119,1.002396,0.980033,0,3.95766e-08,3.95766e-08,4.46316e-10,0.0,0.0,0.0,11.40128,1.289045,9.54518e-06,78.1827
random_mtx_57,3,23006,500,500,0,r,1,0,46.012,29,65,23006,0,100.0,1183,21823,5.142,0,23006,0.0,13.904032,16.115328,16.500032,15.77776,14.021536,13.918848,14.147648,0.862783,0.842667,0.881242,0.99162,0.998936,0.98278,0,4.25608e-08,4.25608e-08,5.17772e-10,0.0,0.0,0.0,8.703488,1.597524,9.31694e-06,316.972
random_mtx_58,3,69890,500,500,0,r,1,0,139.78,112,166,69890,0,100.0,3433,66457,4.912,0,69890,0.0,21.192127,28.352097,26.293056,23.149248,21.663233,21.509632,21.707359,0.747462,0.805997,0.915456,0.978253,0.985239,0.976265,0,4.47807e-08,4.47807e-08,5.18951e-10,0.0,0.0,0.0,22.308895,0.949941,1.0061e-05,302.593
random_mtx_59,3,63450,500,500,0,r,1,0,126.9,96,157,63450,0,100.0,3221,60229,5.076,0,63450,0.0,20.176512,24.809856,25.93984,21.868288,21.550112,20.322529,21.564833,0.813246,0.777819,0.922638,0.93626,0.992815,0.935621,0,3.64741e-08,3.64741e-08,4.3229e-10,0.0,0.0,0.0,13.411744,1.504391,1.06369e-05,349.817
random_mtx_60,3,69969,500,500,0,r,1,0,139.938,111,178,69969,0,100.0,3530,66439,5.045,0,69969,0.0,21.361153,28.481056,25.253599,23.072191,21.832544,21.679712,21.831392,0.750013,0.845866,0.92584,0.978409,0.985306,0.97846,0,4.44986e-08,4.44986e-08,5.22684e-10,0.0,0.0,0.0,22.408224,0.953273,1.04564e-05,851.345
random_mtx_61,3,17687,500,500,0,r,1,0,35.374,16,55,17687,0,100.0,901,16786,5.094,0,17687,0.0,12.845632,14.466528,15.776,14.591392,12.982656,12.91472,13.006848,0.887955,0.814251,0.880357,0.989446,0.99465,0.987605,0,4.32175e-08,4.32175e-08,4.53181e-10,0.0,0.0,0.0,7.900512,1.625924,9.07282e-06,550.815
random_mtx_63,3,35662,500,500,0,r,1,0,71.324,51,99,35662,0,100.0,1812,33850,5.081,0,35662,0.0,15.716864,19.166719,18.723425,17.33456,15.851392,15.544576,16.419905,0.820008,0.839422,0.906678,0.991513,1.011083,0.957184,0,4.6887e-08,4.6887e-08,5.2009e-10,0.0,0.0,0.0,12.8728,1.220936,1.02299e-05,563.947
random_mtx_65,3,15872,500,500,0,r,1,0,31.744,17,49,15872,0,100.0,804,15068,5.066,0,15872,0.0,12.378528,13.540352,13.97776,14.009856,12.487392,12.422016,12.595264,0.914195,0.885587,0.883559,0.991282,0.996499,0.982792,0,4.31988e-08,4.31988e-08,5.3816e-10,0.0,0.0,0.0,8.270784,1.496657,8.87394e-06,522.324
random_mtx_69,3,74506,500,500,0,r,1,0,149.012,120,177,74506,0,100.0,3729,70777,5.005,0,74506,0.0,21.580929,28.676191,28.908928,24.050016,22.019648,21.956224,22.042528,0.752573,0.746514,0.897335,0.980076,0.982907,0.979059,0,3.3732e-08,3.3732e-08,3.46964e-10,0.0,0.0,0.0,23.358368,0.923906,1.20305e-05,496.361
random_mtx_70,3,74526,500,500,0,r,1,0,149.052,120,181,74526,0,100.0,3749,70777,5.03,0,74526,0.0,21.319872,28.408833,29.504383,24.096672,21.870752,21.666304,21.799456,0.750466,0.7226,0.884764,0.974812,0.984011,0.978,0,4.92573e-08,4.92573e-08,5.52293e-10,0.0,0.0,0.0,22.796673,0.935219,1.08509e-05,152.271
random_mtx_71,3,21557,500,500,0,r,1,0,43.114,29,61,21557,0,100.0,1083,20474,5.024,0,21557,0.0,13.54496,15.684096,16.185375,15.484736,13.71808,13.604416,13.93232,0.863611,0.836864,0.87473,0.98738,0.99563,0.972197,0,4.29711e-08,4.29711e-08,4.89024e-10,0.0,0.0,0.0,9.08496,1.490921,9.03795e-06,100.407
random_mtx_72,3,46677,500,500,0,r,1,0,93.354,73,120,46677,0,100.0,2361,44316,5.058,0,46677,0.0,16.958143,20.705088,21.512032,19.006241,17.102943,16.925823,17.453089,0.819033,0.78831,0.892241,0.991534,1.00191,0.971641,0,4.64989e-08,4.64989e-08,5.53609e-10,0.0,0.0,0.0,15.670432,1.082175,1.00388e-05,268.642
random_mtx_73,3,25183,500,500,0,r,1,0,50.366,34,70,25183,0,100.0,1275,23908,5.063,0,25183,0.0,14.209088,16.765247,17.073952,16.033152,14.28736,14.098784,14.375232,0.847532,0.832209,0.886232,0.994522,1.007824,0.988442,0,4.35363e-08,4.35363e-08,5.16252e-10,0.0,0.0,0.0,9.903232,1.434793,9.67449e-06,287.335
random_mtx_74,3,79016,500,500,0,r,1,0,158.032,128,194,79016,0,100.0,3903,75113,4.94,0,79016,0.0,23.085888,23.72624,24.074112,23.923777,25.439297,23.599072,25.538368,0.973011,0.958951,0.964977,0.907489,0.978254,0.903969,0,4.49841e-08,4.49841e-08,5.16794e-10,0.0,0.0,0.0,15.544544,1.485144,1.24532e-05,194.664
random_mtx_76,3,62180,500,500,0,r,1,0,124.36,96,153,62180,0,100.0,3112,59068,5.005,0,62180,0.0,22.252447,24.679647,25.040833,21.204384,21.293377,20.088673,20.318209,0.901652,0.888646,1.049427,1.045041,1.107711,1.095197,0,4.17655e-08,4.17655e-08,4.9509e-10,0.0,0.0,0.0,13.620384,1.633761,1.17717e-05,426.57
random_mtx_77,3,69882,500,500,0,r,1,0,139.764,108,170,69882,0,100.0,3502,66380,5.011,0,69882,0.0,21.306305,25.086975,25.387199,22.940704,21.758112,21.579231,21.736448,0.849297,0.839254,0.928755,0.979235,0.987352,0.980211,0,3.52756e-08,3.52756e-08,4.4523e-10,0.0,0.0,0.0,14.847552,1.435005,1.07711e-05,278.828
random_mtx_78,3,28687,500,500,0,r,1,0,57.374,35,76,28687,0,100.0,1391,27296,4.849,0,28687,0.0,15.070176,17.526913,18.045984,16.524672,14.981568,14.887232,14.985472,0.859831,0.835099,0.91198,1.005914,1.012289,1.005652,0,4.73777e-08,4.73777e-08,4.94746e-10,0.0,0.0,0.0,9.463168,1.592509,9.56018e-06,315.267
random_mtx_79,3,32390,500,500,0,r,1,0,64.78,46,90,32390,0,100.0,1662,30728,5.131,0,32390,0.0,15.178016,18.017023,18.533344,17.033567,15.326048,15.125408,15.502528,0.842426,0.818957,0.891065,0.990341,1.003478,0.979067,0,4.83242e-08,4.83242e-08,5.20733e-10,0.0,0.0,0.0,9.612512,1.578985,1.04245e-05,608.203
random_mtx_81,3,71243,500,500,0,r,1,0,142.486,114,172,71243,0,100.0,3488,67755,4.896,0,71243,0.0,21.58128,28.751936,29.014336,23.399008,22.070463,21.903681,22.070784,0.750603,0.743814,0.922316,0.977835,0.985281,0.977821,0,4.78479e-08,4.78479e-08,5.84831e-10,0.0,0.0,0.0,22.708256,0.950372,1.06313e-05,420.796
random_mtx_83,3,30798,500,500,0,r,1,0,61.596,41,85,30798,0,100.0,1601,29197,5.198,0,30798,0.0,15.103488,17.734079,18.483423,16.847872,15.007168,14.947328,15.192224,0.851665,0.817137,0.896463,1.006418,1.010447,0.994159,0,4.31053e-08,4.31053e-08,4.92619e-10,0.0,0.0,0.0,9.186912,1.644022,8.70273e-06,883.372
random_mtx_86,3,32544,500,500,0,r,1,0,65.088,45,87,32544,0,100.0,1704,30840,5.236,0,32544,0.0,15.277056,18.572927,19.63648,17.091776,15.666944,15.24656,15.544672,0.822544,0.777994,0.893825,0.975114,1.002,0.982784,0,4.0701e-08,4.0701e-08,5.05096e-10,0.0,0.0,0.0,11.753408,1.299798,1.04798e-05,287.992
random_mtx_87,3,45003,500,500,0,r,1,0,90.006,66,116,45003,0,100.0,2269,42734,5.042,0,45003,0.0,16.808384,18.844641,19.411232,18.6688,17.319296,16.745567,17.319489,0.891945,0.86591,0.900346,0.9705,1.003751,0.97049,0,4.33659e-08,4.33659e-08,5.33639e-10,0.0,0.0,0.0,10.271264,1.636447,1.10559e-05,470.879
random_mtx_88,3,43998,500,500,0,r,1,0,87.996,67,113,43998,0,100.0,2133,41865,4.848,0,43998,0.0,16.54048,18.59664,19.751776,18.11936,16.721439,16.530975,17.125568,0.889434,0.837417,0.912862,0.989178,1.000575,0.965835,0,4.32011e-08,4.32011e-08,4.76388e-10,0.0,0.0,0.0,10.00752,1.652805,1.01046e-05,91.7164
random_mtx_89,3,80759,500,500,0,r,1,0,161.518,134,186,80759,0,100.0,4127,76632,5.11,0,80759,0.0,21.322369,28.152737,24.588833,22.670912,21.87952,21.7656,22.001087,0.757382,0.867157,0.940517,0.974535,0.979636,0.969151,0,4.66508e-08,4.66508e-08,5.63547e-10,0.0,0.0,0.0,23.936544,0.890787,1.19516e-05,421.539
random_mtx_9,3,29795,500,500,0,r,1,0,59.59,39,83,29795,0,100.0,1510,28285,5.068,0,29795,0.0,15.016992,17.703775,19.385441,16.690529,14.986336,14.889344,15.14592,0.848237,0.774653,0.899731,1.002046,1.008573,0.991488,0,4.5331e-08,4.5331e-08,5.2263e-10,0.0,0.0,0.0,8.910656,1.685285,9.29471e-06,371.738
random_mtx_91,3,45705,500,500,0,r,1,0,91.41,70,115,45705,0,100.0,2313,43392,5.061,0,45705,0.0,17.329409,18.819777,20.165024,18.160543,18.176064,16.638304,16.896671,0.920808,0.85938,0.954234,0.953419,1.041537,1.025611,0,5.12255e-08,5.12255e-08,5.34909e-10,0.0,0.0,0.0,10.36688,1.671613,9.73698e-06,271.675
random_mtx_95,3,71293,500,500,0,r,1,0,142.586,114,172,71293,0,100.0,3510,67783,4.923,0,71293,0.0,21.365185,28.248384,28.599936,24.922464,21.917408,21.77632,21.90016,0.756333,0.747036,0.857266,0.974804,0.98112,0.975572,0,5.87303e-08,5.87303e-08,5.53351e-10,0.0,0.0,0.0,22.547615,0.947559,1.14749e-05,216.941
random_mtx_97,3,20452,500,500,0,r,1,0,40.904,25,58,20452,0,100.0,1062,19390,5.193,0,20452,0.0,13.438496,15.496864,15.806976,15.271712,13.6216,13.475456,13.724352,0.867175,0.850162,0.87996,0.986558,0.997257,0.979172,0,4.65727e-08,4.65727e-08,5.30118e-10,0.0,0.0,0.0,8.822752,1.523164,9.17842e-06,161.364
random_mtx_nc1,3,68790,903,843,0,r,1,0,76.179402,54,99,68790,0,100.0,3387,65403,4.924,0,68790,0.0,27.22736,31.514816,32.599232,29.662048,27.250977,26.799616,27.676992,0.863954,0.835215,0.917919,0.999133,1.015961,0.983754,0,4.45488e-08,4.45488e-08,5.10542e-10,0.0,0.0,0.0,17.824608,1.527515,9.74863e-06,259.949
random_mtx_nc33,3,42944,996,824,0,r,1,0,43.116466,25,66,42944,0,100.0,2168,40776,5.048,0,42944,0.0,25.006592,29.195936,31.117056,28.739552,25.22224,24.971519,25.434431,0.856509,0.80363,0.870111,0.99145,1.001404,0.983179,0,4.42861e-08,4.42861e-08,5.23174e-10,0.0,0.0,0.0,14.944544,1.673292,9.36315e-06,115.324
random_mtx_nc35,3,192032,1596,509,0,r,1,0,120.320802,90,151,192032,0,100.0,9590,182442,4.994,0,192032,0.0,73.323196,76.347969,76.52179,74.272736,74.136032,73.495232,73.517822,0.960382,0.9582,0.987216,0.989036,0.997659,0.997353,0,4.41271e-08,4.41271e-08,5.38036e-10,0.0,0.0,0.0,57.709057,1.270567,1.1374e-05,233.703
random_mtx_nc40,3,70466,622,1057,0,r,1,0,113.289389,86,148,70466,0,100.0,3511,66955,4.983,0,70466,0.0,23.154688,27.833281,28.271936,24.398209,23.532192,23.316736,23.572128,0.831907,0.818999,0.949032,0.983958,0.99305,0.982291,0,4.48667e-08,4.48667e-08,4.91692e-10,0.0,0.0,0.0,17.265087,1.341128,1.1356e-05,427.849
random_mtx_nc46,3,76805,1361,679,0,r,1,0,56.43277,36,78,76805,0,100.0,3783,73022,4.925,0,76805,0.0,35.746655,43.440254,44.465889,40.998943,36.107521,35.795841,36.422302,0.822892,0.803912,0.871892,0.990006,0.998626,0.98145,0,4.42762e-08,4.42762e-08,4.89489e-10,0.0,0.0,0.0,20.756895,1.722158,9.43195e-06,487.146
random_mtx_nc51,3,80064,754,593,0,r,1,0,106.185676,80,144,80064,0,100.0,4011,76053,5.01,0,80064,0.0,26.295839,31.454912,32.246494,27.30352,26.617632,26.439264,26.448032,0.835985,0.815464,0.963093,0.987911,0.994575,0.994246,0,4.62044e-08,4.62044e-08,5.11939e-10,0.0,0.0,0.0,22.228161,1.182997,1.01365e-05,1034.8
random_mtx_nc61,3,48638,550,1332,0,r,1,0,88.432727,63,122,48638,0,100.0,2447,46191,5.031,0,48638,0.0,18.600128,20.587839,20.911552,19.881599,18.884672,18.741184,18.793344,0.903452,0.889467,0.935545,0.984933,0.992473,0.989719,0,4.78623e-08,4.78623e-08,5.53826e-10,0.0,0.0,0.0,12.80448,1.452627,9.85968e-06,64.3327
random_mtx_nc77,3,93516,1665,999,0,r,1,0,56.165766,33,84,93516,0,100.0,4617,88899,4.937,0,93516,0.0,51.560322,52.471104,53.775776,55.76688,52.158176,51.509602,51.99136,0.982642,0.958802,0.924569,0.988538,1.000985,0.991709,0,4.15485e-08,4.15485e-08,4.85816e-10,0.0,0.0,0.0,24.759457,2.08245,9.30592e-06,77.4844
random_mtx_nc78,3,59396,626,1013,0,r,1,0,94.881789,72,120,59396,0,100.0,2970,56426,5.0,0,59396,0.0,21.000769,24.081823,25.986591,22.273024,21.170624,21.134464,21.575424,0.872059,0.808139,0.942879,0.991977,0.993674,0.973365,0,4.36128e-08,4.36128e-08,4.89371e-10,0.0,0.0,0.0,14.656288,1.432885,1.02137e-05,109.374
random_mtx_15,4,56859,500,500,0,r,1,0,113.718,89,150,56859,0,100.0,2787,54072,4.902,0,56859,0.0,20.488096,22.735329,24.296864,19.54528,19.764,19.570433,18.957216,0.901157,0.84324,1.048238,1.036637,1.04689,1.080754,0,3.78148e-08,3.78148e-08,4.4882e-10,0.0,0.0,0.0,12.610144,1.624731,1.08125e-05,312.861
random_mtx_21,4,55353,500,500,0,r,1,0,110.706,83,140,55353,0,100.0,2734,52619,4.939,0,55353,0.0,19.920609,22.16448,23.7936,19.769535,19.192801,19.027679,18.395967,0.898763,0.837225,1.007642,1.037921,1.046928,1.082879,0,4.75902e-08,4.75902e-08,5.35503e-10,0.0,0.0,0.0,11.996064,1.660595,1.02622e-05,742.003
random_mtx_50,4,83071,500,500,0,r,1,0,166.142,131,202,83071,0,100.0,4152,78919,4.998,0,83071,0.0,22.1064,23.949951,29.265663,24.129601,22.574816,23.639135,22.518881,0.923025,0.75537,0.916153,0.97925,0.935161,0.981683,0,5.22626e-08,5.22626e-08,5.86555e-10,0.0,0.0,0.0,15.78224,1.400714,1.2127e-05,798.124
random_mtx_52,4,49040,500,500,0,r,1,0,98.08,71,122,49040,0,100.0,2471,46569,5.039,0,49040,0.0,17.753216,19.508608,19.830849,18.319679,17.271008,17.688095,17.263424,0.91002,0.895232,0.969079,1.02792,1.003682,1.028372,0,4.44132e-08,4.44132e-08,5.39102e-10,0.0,0.0,0.0,11.089824,1.600856,1.05009e-05,609.939
random_mtx_54,4,89886,500,500,0,r,1,0,179.772,142,213,89886,0,100.0,4511,85375,5.019,0,89886,0.0,28.675936,31.762337,31.879969,29.64208,29.972095,30.035872,29.192385,0.902828,0.899497,0.967406,0.956754,0.954723,0.982309,0,4.40041e-08,4.40041e-08,5.23871e-10,0.0,0.0,0.0,26.97296,1.063136,1.32376e-05,829.797
random_mtx_84,4,71571,500,500,0,r,1,0,143.142,114,171,71571,0,100.0,3505,68066,4.897,0,71571,0.0,22.844769,24.76704,25.103552,22.643265,21.977119,23.21312,21.967873,0.922386,0.910021,1.008899,1.03948,0.984132,1.039917,0,3.72209e-08,3.72209e-08,4.47858e-10,0.0,0.0,0.0,14.733184,1.550566,1.15934e-05,816.224
random_mtx_85,4,45060,500,500,0,r,1,0,90.12,62,119,45060,0,100.0,2293,42767,5.089,0,45060,0.0,17.955521,18.975008,20.532,17.99744,17.266399,17.181248,16.833824,0.946272,0.874514,0.997671,1.039911,1.045065,1.066633,0,4.2275e-08,4.2275e-08,5.11602e-10,0.0,0.0,0.0,10.821824,1.659195,9.75565e-06,299.549
random_mtx_nc67,4,139251,1380,1398,0,r,1,0,100.906522,75,131,139251,0,100.0,6896,132355,4.952,0,139251,0.0,56.377087,56.206142,58.268578,58.654335,56.969982,56.00032,55.737759,1.003041,0.967538,0.961175,0.989593,1.006728,1.01147,0,4.42048e-08,4.42048e-08,5.20488e-10,0.0,0.0,0.0,39.804031,1.416366,1.0349e-05,79.4655
random_mtx_nc12,5,990576,1996,1516,0,r,1,0,496.280561,441,556,990576,0,100.0,49777,940799,5.025,0,990576,0.0,311.746918,255.52182,255.731293,310.675262,311.468079,313.798889,312.410461,1.22004,1.219041,1.003449,1.000895,0.993461,0.997876,0,4.73703e-08,4.73703e-08,5.6966e-10,0.0,0.0,0.0,253.821213,1.228215,1.60989e-05,163.71
random_mtx_nc18,5,488424,1433,1849,0,r,1,0,340.840195,287,410,488424,0,100.0,24216,464208,4.958,0,488424,0.0,159.5177,133.869629,134.467911,163.777786,159.293625,162.278397,159.385788,1.19159,1.186288,0.973989,1.001407,0.982988,1.000828,0,4.01508e-08,4.01508e-08,4.75837e-10,0.0,0.0,0.0,131.515747,1.212917,1.48225e-05,71.6148
random_mtx_nc34,5,411924,1724,952,0,r,1,0,238.935035,196,281,411924,0,100.0,20706,391218,5.027,0,411924,0.0,131.127335,119.306755,121.488541,133.059097,130.85994,132.239578,130.871674,1.099077,1.079339,0.985482,1.002043,0.991589,1.001954,0,4.65969e-08,4.65969e-08,5.35183e-10,0.0,0.0,0.0,102.100578,1.284296,1.25437e-05,74.2934
random_mtx_nc57,5,588509,1839,892,0,r,1,0,320.015769,269,366,588509,0,100.0,29573,558936,5.025,0,588509,0.0,178.390503,146.904129,152.606171,182.643646,178.172165,186.493561,178.829086,1.214333,1.16896,0.976713,1.001225,0.95655,0.997547,0,4.44754e-08,4.44754e-08,5.4505e-10,0.0,0.0,0.0,136.568039,1.306239,1.39912e-05,71.1182
random_mtx_nc58,5,492508,1260,1768,0,r,1,0,390.879365,341,449,492508,0,100.0,24643,467865,5.004,0,492508,0.0,161.465378,135.1241,135.276733,162.591324,161.356293,164.95015,161.487228,1.194941,1.193593,0.993075,1.000676,0.978874,0.999865,0,4.01899e-08,4.01899e-08,4.93356e-10,0.0,0.0,0.0,133.139359,1.212755,1.43943e-05,90.3239
random_mtx_nc59,5,610292,1713,1733,0,r,1,0,356.27087,298,410,610292,0,100.0,30415,579877,4.984,0,610292,0.0,197.425568,165.279068,165.076004,200.756165,197.268509,199.66983,197.653503,1.194498,1.195968,0.98341,1.000796,0.98876,0.998847,0,4.20919e-08,4.20919e-08,4.63875e-10,0.0,0.0,0.0,162.288712,1.216508,1.42609e-05,84.0452
random_mtx_nc6,5,248492,1279,509,0,r,1,0,194.286161,151,228,248492,0,100.0,12291,236201,4.946,0,248492,0.0,82.160515,70.726402,82.777634,83.727837,83.56794,83.032547,82.711998,1.161667,0.992545,0.981281,0.983158,0.989498,0.993332,0,7.5636e-08,7.5636e-08,6.08159e-10,0.0,0.0,0.0,55.193474,1.488591,1.24576e-05,60.6869
random_mtx_nc62,5,567544,1358,1058,0,r,1,0,417.926362,368,470,567544,0,100.0,28240,539304,4.976,0,567544,0.0,174.275803,138.846588,139.014908,179.772156,174.205887,180.541153,174.340057,1.255168,1.253648,0.969426,1.000401,0.965297,0.999631,0,4.78399e-08,4.78399e-08,5.79169e-10,0.0,0.0,0.0,136.914886,1.272877,1.66093e-05,71.154
random_mtx_nc63,5,438578,1150,1910,0,r,1,0,381.372174,323,450,438578,0,100.0,21845,416733,4.981,0,438578,0.0,145.004196,123.252991,123.45462,145.370117,144.88652,149.488678,145.342407,1.176476,1.174555,0.997483,1.000812,0.970001,0.997673,0,5.07584e-08,5.07584e-08,5.1554e-10,0.0,0.0,0.0,120.059715,1.207767,1.54283e-05,59.6273
random_mtx_nc66,5,775109,1925,1035,0,r,1,0,402.654026,342,455,775109,0,100.0,38679,736430,4.99,0,775109,0.0,236.642593,188.699203,191.013412,240.946075,237.182587,244.551163,238.005127,1.254073,1.238879,0.982139,0.997723,0.967661,0.994275,0,4.72064e-08,4.72064e-08,5.85387e-10,0.0,0.0,0.0,185.801529,1.273631,1.50207e-05,51.5812
random_mtx_nc69,5,254637,979,1640,0,r,1,0,260.099081,206,310,254637,0,100.0,12583,242054,4.942,0,254637,0.0,87.562943,79.766525,81.761086,89.826942,88.306206,92.727646,88.275902,1.09774,1.070961,0.974796,0.991583,0.944302,0.991924,0,4.76928e-08,4.76928e-08,5.58451e-10,0.0,0.0,0.0,72.446304,1.20866,1.40463e-05,67.0912
random_mtx_nc7,5,799530,1886,1868,0,r,1,0,423.92895,367,484,799530,0,100.0,39909,759621,4.992,0,799530,0.0,256.728546,213.482681,215.449081,259.99292,256.249634,260.831818,256.757202,1.202573,1.191597,0.987444,1.001869,0.984269,0.999888,0,4.54902e-08,4.54902e-08,5.23595e-10,0.0,0.0,0.0,211.334747,1.214796,1.65494e-05,66.8676
random_mtx_nc73,5,537155,1648,1062,0,r,1,0,325.943568,272,378,537155,0,100.0,26924,510231,5.012,0,537155,0.0,166.657959,136.779205,141.114716,171.573669,166.413727,174.927429,166.543488,1.218445,1.18101,0.971349,1.001468,0.952726,1.000687,0,4.51403e-08,4.51403e-08,5.3003e-10,0.0,0.0,0.0,130.310852,1.278926,1.43773e-05,81.716
random_mtx_nc74,5,693379,1340,1704,0,r,1,0,517.447015,437,574,693379,0,100.0,34704,658675,5.005,0,693379,0.0,221.983322,183.969498,183.842239,221.977982,221.693634,225.854523,221.778564,1.206631,1.207466,1.000024,1.001307,0.98286,1.000923,0,4.65855e-08,4.65855e-08,5.27845e-10,0.0,0.0,0.0,182.669785,1.215216,1.66289e-05,108.451
random_mtx_nc8,5,395153,1748,1030,0,r,1,0,226.060069,185,271,395153,0,100.0,19902,375251,5.037,0,395153,0.0,127.225281,113.584831,115.563263,133.53447,126.999969,128.348358,126.946144,1.12009,1.100915,0.952752,1.001774,0.99125,1.002199,0,4.21524e-08,4.21524e-08,4.84231e-10,0.0,0.0,0.0,98.633217,1.289883,1.26889e-05,69.9146
random_mtx_nc80,5,615732,1144,1691,0,r,1,0,538.227273,470,596,615732,0,100.0,30898,584834,5.018,0,615732,0.0,196.793442,162.34317,162.95018,197.718597,196.800034,201.738205,196.778564,1.212206,1.207691,0.995321,0.999967,0.975489,1.000076,0,3.52324e-08,3.52324e-08,4.00801e-10,0.0,0.0,0.0,161.428741,1.219073,1.78054e-05,43.973
random_mtx_nc81,5,241289,603,1830,0,r,1,0,400.147595,344,455,241289,0,100.0,12076,229213,5.005,0,241289,0.0,81.414467,69.523811,69.604446,84.555038,81.769981,87.268799,81.969246,1.17103,1.169673,0.962858,0.995652,0.932916,0.993232,0,4.29831e-08,4.29831e-08,5.44093e-10,0.0,0.0,0.0,67.92157,1.198654,1.67463e-05,39.8366
random_mtx_nc82,5,421683,654,1804,0,r,1,0,644.775229,592,703,421683,0,100.0,21004,400679,4.981,0,421683,0.0,137.597916,114.415489,114.232254,137.000671,137.354401,140.420959,137.394714,1.202616,1.204545,1.004359,1.001773,0.979896,1.001479,0,3.93435e-08,3.93435e-08,4.47724e-10,0.0,0.0,0.0,113.823555,1.20887,1.82396e-05,72.2269
random_mtx_nc83,5,409013,1593,1230,0,r,1,0,256.756434,206,307,409013,0,100.0,20290,388723,4.961,0,409013,0.0,134.544678,122.143135,125.051842,136.063004,135.939362,142.496353,135.97139,1.101533,1.075911,0.988841,0.98974,0.944197,0.989507,0,4.57073e-08,4.57073e-08,5.45227e-10,0.0,0.0,0.0,107.880547,1.247163,1.31416e-05,89.3732
random_mtx_nc84,5,396493,1792,752,0,r,1,0,221.257254,181,269,396493,0,100.0,19792,376701,4.992,0,396493,0.0,125.356705,109.985123,112.831421,132.053467,125.292992,126.868446,124.310051,1.139761,1.111009,0.949287,1.000509,0.988084,1.00842,0,4.10368e-08,4.10368e-08,4.54968e-10,0.0,0.0,0.0,92.150017,1.360355,1.2431e-05,72.2855
random_mtx_nc85,5,662363,1650,1499,0,r,1,0,401.432121,354,457,662363,0,100.0,33135,629228,5.003,0,662363,0.0,211.637695,174.084198,175.138336,214.150909,211.542297,218.145187,211.509338,1.21572,1.208403,0.988264,1.000451,0.970169,1.000607,0,4.72815e-08,4.72815e-08,5.462e-10,0.0,0.0,0.0,171.88179,1.231298,1.54796e-05,78.523
random_mtx_nc86,5,441822,1813,693,0,r,1,0,243.696635,201,300,441822,0,100.0,22076,419746,4.997,0,441822,0.0,135.691299,121.846146,125.393311,137.079941,135.466141,137.33017,135.701477,1.113628,1.082126,0.98987,1.001662,0.988066,0.999925,0,4.83295e-08,4.83295e-08,5.68457e-10,0.0,0.0,0.0,101.887009,1.331782,1.34881e-05,117.919
random_mtx_nc87,5,475530,836,1896,0,r,1,0,568.815789,496,630,475530,0,100.0,23640,451890,4.971,0,475530,0.0,153.911362,128.142944,128.498749,154.282333,153.554977,160.182022,153.694778,1.201091,1.197765,0.997596,1.002321,0.960853,1.001409,0,3.84929e-08,3.84929e-08,4.59823e-10,0.0,0.0,0.0,127.515869,1.206998,1.77233e-05,97.772
random_mtx_nc88,5,264913,1193,1860,0,r,1,0,222.056161,174,267,264913,0,100.0,13170,251743,4.971,0,264913,0.0,91.697662,82.853981,83.960419,96.270721,91.257507,92.55629,91.182785,1.106738,1.092153,0.952498,1.004823,0.990723,1.005647,0,4.65417e-08,4.65417e-08,5.05645e-10,0.0,0.0,0.0,74.587074,1.229404,1.24892e-05,76.63
random_mtx_nc9,5,447133,1375,1622,0,r,1,0,325.187636,274,376,447133,0,100.0,22509,424624,5.034,0,447133,0.0,145.638809,121.726524,122.470818,150.469498,145.657761,153.203552,145.717148,1.196443,1.189172,0.967896,0.99987,0.950623,0.999462,0,3.38654e-08,3.38654e-08,3.83022e-10,0.0,0.0,0.0,118.184929,1.232296,1.44871e-05,44.4557
random_mtx_nc90,5,1050830,1844,1939,0,r,1,0,569.864425,514,629,1050830,0,100.0,52593,998237,5.005,0,1050830,0.0,334.695587,278.196991,279.237793,334.905273,333.99469,337.92099,334.629364,1.203088,1.198604,0.999374,1.002099,0.990455,1.000198,0,4.40068e-08,4.40068e-08,5.3829e-10,0.0,0.0,0.0,277.015686,1.208219,1.70134e-05,46.1051
random_mtx_nc91,5,398384,1615,1044,0,r,1,0,246.677399,200,292,398384,0,100.0,19700,378684,4.945,0,398384,0.0,130.089981,117.599297,119.684639,129.802429,128.275299,130.834015,128.127426,1.106214,1.08694,1.002215,1.014147,0.994313,1.015317,0,4.03112e-08,4.03112e-08,4.77156e-10,0.0,0.0,0.0,101.829857,1.277523,1.29801e-05,82.0584
random_mtx_nc93,5,403394,917,1142,0,r,1,0,439.906216,384,490,403394,0,100.0,20210,383184,5.01,0,403394,0.0,126.06752,101.448318,104.289154,128.574142,125.999199,130.563995,126.316093,1.242677,1.208827,0.980504,1.000542,0.965561,0.998032,0,5.73402e-08,5.73402e-08,5.74281e-10,0.0,0.0,0.0,99.747681,1.263864,1.59708e-05,70.1714
random_mtx_nc95,5,1000528,1885,1518,0,r,1,0,530.784085,474,599,1000528,0,100.0,50145,950383,5.012,0,1000528,0.0,313.950684,257.221436,258.857025,315.091797,313.247742,319.936371,314.409363,1.220546,1.212834,0.996378,1.002244,0.981291,0.998541,0,4.11614e-08,4.11614e-08,4.90437e-10,0.0,0.0,0.0,255.750656,1.227566,1.69733e-05,44.1894
random_mtx_nc96,5,504967,1779,1611,0,r,1,0,283.848791,229,338,504967,0,100.0,25292,479675,5.009,0,504967,0.0,164.330276,139.219833,141.181732,173.771591,164.345306,171.763199,164.886215,1.180365,1.163963,0.945668,0.999909,0.956726,0.996628,0,4.49988e-08,4.49988e-08,5.34981e-10,0.0,0.0,0.0,134.767929,1.219357,1.36416e-05,83.4183
random_mtx_nc97,5,574934,879,1685,0,r,1,0,654.077361,597,752,574934,0,100.0,28734,546200,4.998,0,574934,0.0,184.262787,151.765625,151.890503,183.527451,183.798431,189.013794,184.072479,1.214127,1.213129,1.004007,1.002526,0.974864,1.001034,0,5.21973e-08,5.21973e-08,5.99231e-10,0.0,0.0,0.0,151.193222,1.218724,1.83922e-05,76.5337
random_mtx_nc98,5,1400410,1901,1846,0,r,1,0,736.670174,675,801,1400410,0,100.0,69825,1330585,4.986,0,1400410,0.0,443.749512,366.584167,367.224579,441.387634,443.291168,445.521118,443.618958,1.210498,1.208387,1.005351,1.001034,0.996024,1.000294,0,4.31113e-08,4.31113e-08,5.14063e-10,0.0,0.0,0.0,364.794861,1.216436,1.90716e-05,59.8107
random_mtx_nc99,5,510396,1734,1310,0,r,1,0,294.346021,244,354,510396,0,100.0,25703,484693,5.036,0,510396,0.0,162.495621,135.326553,137.744583,171.013824,162.645309,169.879196,162.730911,1.200767,1.179688,0.95019,0.99908,0.956536,0.998554,0,4.72552e-08,4.72552e-08,5.54669e-10,0.0,0.0,0.0,130.36412,1.246475,1.37149e-05,44.1911
random_sparse_matrix_1,5,415983,1500,1500,0,r,1,0,277.322,229,323,415983,0,100.0,20994,394989,5.047,0,415983,0.0,136.170044,115.973122,118.942017,147.096069,136.294525,143.295486,136.320038,1.174152,1.144844,0.925722,0.999087,0.950274,0.9989,0,4.36669e-08,4.36669e-08,5.0543e-10,0.0,0.0,0.0,110.288094,1.234676,1.38427e-05,103.625
random_sparse_matrix_10,5,322768,1500,1500,0,r,1,0,215.178667,171,259,322768,0,100.0,16127,306641,4.996,0,322768,0.0,110.953728,99.215935,101.919556,115.92189,111.008606,112.781662,109.971779,1.118306,1.08864,0.957142,0.999506,0.983792,1.008929,0,4.88426e-08,4.88426e-08,5.02335e-10,0.0,0.0,0.0,86.814911,1.278049,1.22733e-05,59.9727
random_sparse_matrix_11,5,653133,1500,1500,0,r,1,0,435.422,379,489,653133,0,100.0,32833,620300,5.027,0,653133,0.0,207.523804,168.868515,168.98349,208.723389,207.184921,213.200958,207.195587,1.228908,1.228071,0.994253,1.001636,0.973372,1.001584,0,4.60886e-08,4.60886e-08,5.55389e-10,0.0,0.0,0.0,167.264709,1.240691,1.51283e-05,49.49
random_sparse_matrix_12,5,748779,1500,1500,0,r,1,0,499.186,438,559,748779,0,100.0,37615,711164,5.024,0,748779,0.0,237.112167,194.328064,195.46199,236.345856,236.82135,239.689255,236.629593,1.220164,1.213086,1.003242,1.001228,0.989248,1.002039,0,5.02589e-08,5.02589e-08,5.74325e-10,0.0,0.0,0.0,192.279449,1.233164,1.56522e-05,45.4801
random_sparse_matrix_13,5,636540,1500,1500,0,r,1,0,424.36,370,476,636540,0,100.0,31965,604575,5.022,0,636540,0.0,201.925247,164.827484,164.87738,205.696671,201.666367,208.368698,201.660355,1.22507,1.2247,0.981665,1.001284,0.969077,1.001314,0,3.679e-08,3.679e-08,3.82765e-10,0.0,0.0,0.0,163.111618,1.237957,1.54906e-05,75.4733
random_sparse_matrix_14,5,331964,1500,1500,0,r,1,0,221.309333,179,266,331964,0,100.0,16632,315332,5.01,0,331964,0.0,111.975037,100.352638,102.28038,117.834084,111.789536,113.575935,111.018463,1.115816,1.094785,0.950277,1.001659,0.985905,1.008616,0,4.48278e-08,4.48278e-08,5.11621e-10,0.0,0.0,0.0,88.776993,1.261307,1.242e-05,71.8849
random_sparse_matrix_16,5,288578,1500,1500,0,r,1,0,192.385333,155,240,288578,0,100.0,14390,274188,4.987,0,288578,0.0,102.159073,93.783165,94.908638,104.444542,103.496704,105.700157,102.198013,1.089311,1.076394,0.978118,0.987076,0.966499,0.999619,0,4.55292e-08,4.55292e-08,5.11586e-10,0.0,0.0,0.0,79.280418,1.288579,1.22137e-05,79.9162
random_sparse_matrix_17,5,687460,1500,1500,0,r,1,0,458.306667,401,525,687460,0,100.0,34202,653258,4.975,0,687460,0.0,217.297028,177.668961,177.567902,217.875397,216.981125,222.780487,217.040771,1.223044,1.22374,0.997345,1.001456,0.975386,1.001181,0,3.8873e-08,3.8873e-08,4.18071e-10,0.0,0.0,0.0,175.926788,1.235156,1.59886e-05,41.6589
random_sparse_matrix_19,5,651068,1500,1500,0,r,1,0,434.045333,379,499,651068,0,100.0,32171,618897,4.941,0,651068,0.0,206.327621,167.927551,168.076187,208.389893,206.053223,212.20752,206.009018,1.22867,1.227584,0.990104,1.001332,0.972292,1.001547,0,4.76672e-08,4.76672e-08,5.82071e-10,0.0,0.0,0.0,166.519745,1.239058,1.63666e-05,56.9589
random_sparse_matrix_2,5,434473,1500,1500,0,r,1,0,289.648667,239,343,434473,0,100.0,21677,412796,4.989,0,434473,0.0,140.670883,117.0839,119.691841,149.673721,140.559006,145.586334,140.525284,1.201454,1.175275,0.93985,1.000796,0.966237,1.001036,0,3.75638e-08,3.75638e-08,4.47525e-10,0.0,0.0,0.0,113.755806,1.236604,1.42997e-05,119.108
random_sparse_matrix_20,5,199155,1500,1500,0,r,1,0,132.77,95,169,199155,0,100.0,9886,189269,4.964,0,199155,0.0,80.547394,78.16243,79.464447,80.540993,82.126335,81.698303,81.432739,1.030513,1.013628,1.000079,0.980774,0.985913,0.989128,0,4.19159e-08,4.19159e-08,4.89414e-10,0.0,0.0,0.0,58.865215,1.368336,1.07115e-05,43.7099
random_sparse_matrix_21,5,508736,1500,1500,0,r,1,0,339.157333,295,397,508736,0,100.0,25293,483443,4.972,0,508736,0.0,163.495102,135.655609,136.317566,169.264252,163.267868,169.750504,163.334045,1.205222,1.199369,0.965916,1.001392,0.963149,1.000986,0,4.35105e-08,4.35105e-08,5.19712e-10,0.0,0.0,0.0,131.970367,1.238877,1.4549e-05,73.3852
random_sparse_matrix_22,5,755724,1500,1500,0,r,1,0,503.816,444,570,755724,0,100.0,37910,717814,5.016,0,755724,0.0,239.309982,196.44986,196.442078,238.279846,239.283295,242.519775,239.243591,1.218173,1.218222,1.004323,1.000112,0.986765,1.000278,0,4.27511e-08,4.27511e-08,5.41961e-10,0.0,0.0,0.0,194.482788,1.230494,1.70254e-05,115.48
random_sparse_matrix_23,5,694612,1500,1500,0,r,1,0,463.074667,407,527,694612,0,100.0,34986,659626,5.037,0,694612,0.0,219.708221,179.247192,179.117691,220.799164,219.263779,225.26384,219.222916,1.225728,1.226614,0.995059,1.002027,0.975337,1.002214,0,4.02637e-08,4.02637e-08,5.05065e-10,0.0,0.0,0.0,177.638489,1.236828,1.61824e-05,87.2968
random_sparse_matrix_24,5,708553,1500,1500,0,r,1,0,472.368667,409,536,708553,0,100.0,35304,673249,4.983,0,708553,0.0,223.752762,182.790848,182.700867,224.393921,223.493286,227.106598,223.450531,1.224092,1.224695,0.997143,1.001161,0.985232,1.001353,0,5.01905e-08,5.01905e-08,5.71106e-10,0.0,0.0,0.0,181.172958,1.235023,1.64971e-05,77.4441
random_sparse_matrix_25,5,834545,1500,1500,0,r,1,0,556.363333,493,625,834545,0,100.0,41540,793005,4.978,0,834545,0.0,261.958435,212.143906,212.706589,262.301575,261.418518,266.388031,261.441254,1.234815,1.231548,0.998692,1.002065,0.983372,1.001978,0,4.34791e-08,4.34791e-08,4.98838e-10,0.0,0.0,0.0,211.288986,1.239811,1.78559e-05,86.5782
random_sparse_matrix_27,5,750845,1500,1500,0,r,1,0,500.563333,438,556,750845,0,100.0,37399,713446,4.981,0,750845,0.0,237.832443,194.854141,195.988739,236.413498,237.592545,240.46199,237.521469,1.220567,1.213501,1.006002,1.00101,0.989065,1.001309,0,4.38965e-08,4.38965e-08,5.47754e-10,0.0,0.0,0.0,193.249283,1.230703,1.65971e-05,47.0028
random_sparse_matrix_28,5,886723,1500,1500,0,r,1,0,591.148667,530,653,886723,0,100.0,43994,842729,4.961,0,886723,0.0,277.970184,226.076065,226.61293,276.858521,277.652649,283.040344,277.567352,1.229543,1.22663,1.004015,1.001144,0.982087,1.001451,0,4.90065e-08,4.90065e-08,5.48408e-10,0.0,0.0,0.0,224.477982,1.238296,1.74096e-05,58.5597
random_sparse_matrix_29,5,593110,1500,1500,0,r,1,0,395.406667,346,448,593110,0,100.0,29629,563481,4.996,0,593110,0.0,190.695526,156.976028,157.157089,192.289948,190.79686,196.487228,190.865753,1.214807,1.213407,0.991708,0.999469,0.970524,0.999108,0,4.14061e-08,4.14061e-08,4.48544e-10,0.0,0.0,0.0,154.586716,1.233583,1.49544e-05,48.6103
random_sparse_matrix_3,5,668631,1500,1500,0,r,1,0,445.754,383,505,668631,0,100.0,33686,634945,5.038,0,668631,0.0,211.570175,172.604736,173.322266,212.278656,211.171204,217.691269,211.315323,1.22575,1.220675,0.996662,1.001889,0.971882,1.001206,0,4.26491e-08,4.26491e-08,4.83344e-10,0.0,0.0,0.0,170.959198,1.237548,1.58142e-05,81.8393
random_sparse_matrix_30,5,584180,1500,1500,0,r,1,0,389.453333,331,450,584180,0,100.0,29026,555154,4.969,0,584180,0.0,188.365829,155.808578,156.251236,189.266663,188.646881,195.444321,188.50563,1.208957,1.205532,0.99524,0.99851,0.963783,0.999258,0,4.68792e-08,4.68792e-08,5.48178e-10,0.0,0.0,0.0,152.577408,1.234559,1.49121e-05,109.139
random_sparse_matrix_31,5,845219,1500,1500,0,r,1,0,563.479333,510,632,845219,0,100.0,42347,802872,5.01,0,845219,0.0,265.072388,215.098053,215.371552,265.494965,264.795166,270.074829,264.624298,1.232333,1.230768,0.998408,1.001047,0.981478,1.001693,0,3.45019e-08,3.45019e-08,4.17303e-10,0.0,0.0,0.0,214.106918,1.238037,1.73975e-05,70.1813
random_sparse_matrix_32,5,524671,1500,1500,0,r,1,0,349.780667,293,404,524671,0,100.0,26558,498113,5.062,0,524671,0.0,168.969345,139.848679,140.7146,173.555389,168.324509,172.724091,168.31514,1.20823,1.200795,0.973576,1.003831,0.978262,1.003887,0,4.27732e-08,4.27732e-08,5.04008e-10,0.0,0.0,0.0,135.800003,1.244251,1.48083e-05,72.0061
random_sparse_matrix_33,5,326780,1500,1500,0,r,1,0,217.853333,175,259,326780,0,100.0,16368,310412,5.009,0,326780,0.0,110.984833,99.443329,101.118271,116.937057,110.662659,112.265091,109.920067,1.116061,1.097574,0.949099,1.002911,0.988596,1.009687,0,4.69059e-08,4.69059e-08,5.21597e-10,0.0,0.0,0.0,87.748924,1.2648,1.18909e-05,52.8818
random_sparse_matrix_34,5,565541,1500,1500,0,r,1,0,377.027333,329,433,565541,0,100.0,28246,537295,4.995,0,565541,0.0,182.045029,151.253754,152.926041,182.110275,181.892166,185.405319,181.908356,1.203574,1.190412,0.999642,1.00084,0.981876,1.000751,0,4.6192e-08,4.6192e-08,5.4571e-10,0.0,0.0,0.0,147.503418,1.234175,1.49115e-05,48.7114
random_sparse_matrix_36,5,597051,1500,1500,0,r,1,0,398.034,341,449,597051,0,100.0,29649,567402,4.966,0,597051,0.0,192.157852,157.794403,158.134247,193.85527,192.032257,198.876389,192.003647,1.217774,1.215156,0.991244,1.000654,0.966218,1.000803,0,4.88019e-08,4.88019e-08,5.25054e-10,0.0,0.0,0.0,155.944,1.232223,1.54426e-05,54.5732
random_sparse_matrix_37,5,757077,1500,1500,0,r,1,0,504.718,445,586,757077,0,100.0,37885,719192,5.004,0,757077,0.0,239.740417,196.660538,196.718246,238.330399,239.479141,242.743195,239.489822,1.219057,1.218699,1.005916,1.001091,0.98763,1.001046,0,4.71829e-08,4.71829e-08,5.62699e-10,0.0,0.0,0.0,194.826202,1.230535,1.64111e-05,76.9866
random_sparse_matrix_38,5,624344,1500,1500,0,r,1,0,416.229333,353,472,624344,0,100.0,31156,593188,4.99,0,624344,0.0,198.328156,161.894684,162.088287,202.521561,198.061279,205.604767,198.073502,1.225044,1.223581,0.979294,1.001347,0.964609,1.001286,0,4.28181e-08,4.28181e-08,5.08288e-10,0.0,0.0,0.0,160.418106,1.23632,1.56816e-05,84.4349
random_sparse_matrix_39,5,673343,1500,1500,0,r,1,0,448.895333,381,503,673343,0,100.0,33771,639572,5.015,0,673343,0.0,213.100281,174.048355,174.600998,213.457825,212.796478,219.975449,212.866684,1.224374,1.220499,0.998325,1.001428,0.968746,1.001097,0,4.82433e-08,4.82433e-08,5.69531e-10,0.0,0.0,0.0,172.492798,1.235416,1.62535e-05,53.9185
random_sparse_matrix_4,5,554602,1500,1500,0,r,1,0,369.734667,312,427,554602,0,100.0,27808,526794,5.014,0,554602,0.0,178.240036,148.331711,148.744324,179.5121,177.889633,180.686142,177.889221,1.201631,1.198298,0.992914,1.00197,0.986462,1.001972,0,4.6459e-08,4.6459e-08,5.43134e-10,0.0,0.0,0.0,145.041595,1.228889,1.47377e-05,73.5703
random_sparse_matrix_40,5,822160,1500,1500,0,r,1,0,548.106667,494,601,822160,0,100.0,41240,780920,5.016,0,822160,0.0,258.389191,209.727173,210.859772,260.433014,257.923218,262.781982,257.823395,1.232025,1.225408,0.992152,1.001807,0.983284,1.002195,0,4.4987e-08,4.4987e-08,4.75341e-10,0.0,0.0,0.0,208.674042,1.238243,1.75564e-05,61.0754
random_sparse_matrix_41,5,711705,1500,1500,0,r,1,0,474.47,417,528,711705,0,100.0,35434,676271,4.979,0,711705,0.0,224.620636,183.471527,183.507355,225.610977,224.410141,228.53479,224.297089,1.224281,1.224042,0.99561,1.000938,0.982873,1.001442,0,4.62344e-08,4.62344e-08,5.46214e-10,0.0,0.0,0.0,181.773407,1.235718,1.65227e-05,55.094
random_sparse_matrix_42,5,457930,1500,1500,0,r,1,0,305.286667,256,364,457930,0,100.0,23054,434876,5.034,0,457930,0.0,148.037094,123.2472,123.933022,153.629349,148.198212,154.271301,148.223679,1.20114,1.194493,0.963599,0.998913,0.959589,0.998741,0,4.315e-08,4.315e-08,4.19466e-10,0.0,0.0,0.0,119.466301,1.239154,1.46692e-05,61.1928
random_sparse_matrix_43,5,543800,1500,1500,0,r,1,0,362.533333,298,412,543800,0,100.0,27440,516360,5.046,0,543800,0.0,175.106308,144.985123,145.537308,176.513504,174.946457,177.706787,175.004028,1.207754,1.203171,0.992028,1.000914,0.985366,1.000584,0,4.64488e-08,4.64488e-08,5.58786e-10,0.0,0.0,0.0,141.927429,1.233774,1.45759e-05,57.7393
random_sparse_matrix_44,5,830589,1500,1500,0,r,1,0,553.726,492,611,830589,0,100.0,41846,788743,5.038,0,830589,0.0,260.695831,211.504089,211.928391,261.916779,260.171387,265.239075,260.151062,1.232581,1.230113,0.995338,1.002016,0.982871,1.002094,0,5.1416e-08,5.1416e-08,5.92184e-10,0.0,0.0,0.0,210.548477,1.238175,1.69549e-05,78.4008
random_sparse_matrix_45,5,792489,1500,1500,0,r,1,0,528.326,466,586,792489,0,100.0,39799,752690,5.022,0,792489,0.0,250.092697,204.316711,204.771515,250.220123,249.809433,259.079559,249.755966,1.224044,1.221326,0.999491,1.001134,0.965312,1.001348,0,4.86787e-08,4.86787e-08,5.77452e-10,0.0,0.0,0.0,202.377319,1.235774,1.67335e-05,48.0228
random_sparse_matrix_46,5,543728,1500,1500,0,r,1,0,362.485333,298,421,543728,0,100.0,27243,516485,5.01,0,543728,0.0,174.688354,144.989273,146.851685,177.190369,174.473373,177.668839,174.509308,1.204836,1.189556,0.98588,1.001232,0.983224,1.001026,0,4.16911e-08,4.16911e-08,4.94068e-10,0.0,0.0,0.0,141.40979,1.235334,1.38667e-05,77.5241
random_sparse_matrix_47,5,696048,1500,1500,0,r,1,0,464.032,408,525,696048,0,100.0,34644,661404,4.977,0,696048,0.0,219.670883,179.217499,179.121445,220.827301,219.343399,225.672958,219.262009,1.225722,1.22638,0.994763,1.001493,0.973404,1.001865,0,4.69168e-08,4.69168e-08,5.39864e-10,0.0,0.0,0.0,177.472549,1.237774,1.57113e-05,58.0652
random_sparse_matrix_49,5,798588,1500,1500,0,r,1,0,532.392,471,591,798588,0,100.0,39830,758758,4.988,0,798588,0.0,251.639175,205.368317,205.829376,252.842499,251.290558,257.330139,251.274139,1.225307,1.222562,0.995241,1.001387,0.977885,1.001453,0,4.71809e-08,4.71809e-08,5.52036e-10,0.0,0.0,0.0,204.037277,1.2333,1.58985e-05,80.1948
random_sparse_matrix_5,5,806279,1500,1500,0,r,1,0,537.519333,477,600,806279,0,100.0,40170,766109,4.982,0,806279,0.0,253.673508,206.796188,207.640289,255.431259,253.338791,259.264832,253.403366,1.226684,1.221697,0.993118,1.001321,0.978434,1.001066,0,4.83746e-08,4.83746e-08,5.78377e-10,0.0,0.0,0.0,204.96582,1.237638,1.62409e-05,99.5909
random_sparse_matrix_50,5,822919,1500,1500,0,r,1,0,548.612667,495,614,822919,0,100.0,41280,781639,5.016,0,822919,0.0,258.426422,209.83046,210.236069,259.656219,258.00238,263.277832,257.788818,1.231596,1.22922,0.995264,1.001644,0.981573,1.002473,0,4.14252e-08,4.14252e-08,5.01787e-10,0.0,0.0,0.0,208.711746,1.238198,1.67268e-05,80.0408
random_sparse_matrix_6,5,605867,1500,1500,0,r,1,0,403.911333,352,457,605867,0,100.0,30254,575613,4.994,0,605867,0.0,193.606491,158.806213,160.058334,196.746109,193.451431,199.381989,193.471741,1.219137,1.2096,0.984042,1.000802,0.971033,1.000696,0,3.82535e-08,3.82535e-08,4.52652e-10,0.0,0.0,0.0,156.757889,1.235067,1.51905e-05,85.786
random_sparse_matrix_7,5,208600,1500,1500,0,r,1,0,139.066667,91,193,208600,0,100.0,10535,198065,5.05,0,208600,0.0,83.912766,80.114433,81.035072,86.21907,85.666046,85.587006,84.812355,1.047411,1.035512,0.973251,0.979534,0.980438,0.989393,0,4.49372e-08,4.49372e-08,5.32339e-10,0.0,0.0,0.0,61.377312,1.367163,1.0914e-05,42.4767
random_sparse_matrix_8,5,841487,1500,1500,0,r,1,0,560.991333,496,616,841487,0,100.0,42097,799390,5.003,0,841487,0.0,264.2547,214.311646,214.661407,264.07251,263.785004,268.977112,263.641113,1.233039,1.23103,1.00069,1.001781,0.982443,1.002327,0,3.93573e-08,3.93573e-08,4.84377e-10,0.0,0.0,0.0,213.427139,1.238149,1.69179e-05,104.72
random_sparse_matrix_9,5,579843,1500,1500,0,r,1,0,386.562,337,437,579843,0,100.0,28961,550882,4.995,0,579843,0.0,187.32576,155.100098,155.913849,186.760071,187.29184,194.026016,187.206055,1.207773,1.20147,1.003029,1.000181,0.965467,1.000639,0,4.8902e-08,4.8902e-08,5.41174e-10,0.0,0.0,0.0,151.732742,1.234577,1.53305e-05,110.477
